amount,hour_of_day,age_hours,has_duplicate,bank_code,upi_handle,dispute_type
1348.04,8,17.63221347385029,0,ICICI,@upi,WRONG_DEBIT
33867.3,17,6.259595949317963,0,AXIS,@paytm,WRONG_DEBIT
4775.39,7,36.38558074344209,0,HDFC,@okaxis,WRONG_DEBIT
7188.59,19,13.0785955344772,1,ICICI,@ybl,DUPLICATE_TRANSACTION
1463.13,0,9.105688405557206,0,ICICI,@upi,TECHNICAL_DECLINE
6870.99,4,80.72769184035349,0,BOB,@phonepe,TRANSACTION_TIMEOUT
4728.02,3,25.846515394893245,0,SBI,@okaxis,WRONG_DEBIT
80809.26,16,90.55009127293502,0,AXIS,@paytm,BENEFICIARY_NOT_CREDITED
1536.57,20,7.422237028370953,0,BOB,@phonepe,TECHNICAL_DECLINE
1042.21,2,0.5498926038679466,0,ICICI,@phonepe,TECHNICAL_DECLINE
42780.35,3,27.369088202819963,0,AXIS,@upi,WRONG_DEBIT
16684.08,14,35.98767413883844,0,SBI,@upi,BENEFICIARY_NOT_CREDITED
30495.64,5,38.45807114613898,0,ICICI,@gpay,WRONG_DEBIT
7651.16,20,152.6006176818636,0,ICICI,@upi,TRANSACTION_TIMEOUT
84363.77,9,39.25102801800543,0,HDFC,@phonepe,BENEFICIARY_NOT_CREDITED
5428.04,6,186.79669087620283,0,KOTAK,@upi,TRANSACTION_TIMEOUT
21656.34,16,67.07052747713094,0,PNB,@ybl,BENEFICIARY_NOT_CREDITED
2722.31,11,17.87973557019856,1,KOTAK,@phonepe,DUPLICATE_TRANSACTION
2199.33,18,4.792806061684767,0,ICICI,@gpay,TECHNICAL_DECLINE
2518.23,1,10.33323491599999,0,ICICI,@upi,TECHNICAL_DECLINE
7941.59,14,14.313816737567372,1,AXIS,@ybl,DUPLICATE_TRANSACTION
4980.99,16,3.016969439781758,0,KOTAK,@paytm,TECHNICAL_DECLINE
34117.35,17,54.0632015705959,0,BOB,@upi,WRONG_DEBIT
11599.44,15,27.412344975559844,0,HDFC,@upi,BENEFICIARY_NOT_CREDITED
97202.87,11,85.78283965892231,0,HDFC,@upi,BENEFICIARY_NOT_CREDITED
84246.1,17,102.69802531017477,0,ICICI,@phonepe,BENEFICIARY_NOT_CREDITED
5439.85,20,22.138417934838593,1,HDFC,@okaxis,DUPLICATE_TRANSACTION
49116.27,10,156.15946891619106,0,BOB,@phonepe,BENEFICIARY_NOT_CREDITED
673.46,22,13.61656664853384,1,HDFC,@paytm,DUPLICATE_TRANSACTION
16338.86,17,164.40683325466213,0,ICICI,@upi,TRANSACTION_TIMEOUT
18942.29,5,88.28860759888899,0,BOB,@okaxis,TRANSACTION_TIMEOUT
19290.82,17,162.80030988864243,0,PNB,@gpay,TRANSACTION_TIMEOUT
40199.73,14,74.16271401372218,0,KOTAK,@ybl,BENEFICIARY_NOT_CREDITED
12470.49,2,24.342160474616783,0,KOTAK,@okaxis,WRONG_DEBIT
5925.56,8,1.7038340642167809,1,PNB,@paytm,DUPLICATE_TRANSACTION
767.26,8,20.631249606089916,1,HDFC,@okaxis,DUPLICATE_TRANSACTION
2856.92,15,5.141683376890526,1,ICICI,@upi,DUPLICATE_TRANSACTION
2923.44,7,9.41543309148904,0,BOB,@ybl,TECHNICAL_DECLINE
1033.83,18,10.34522837775306,1,AXIS,@ybl,DUPLICATE_TRANSACTION
17290.35,1,150.35141118858184,0,PNB,@paytm,TRANSACTION_TIMEOUT
20190.8,10,57.64266078204231,0,HDFC,@gpay,WRONG_DEBIT
1983.07,15,3.3643751302745875,1,ICICI,@phonepe,DUPLICATE_TRANSACTION
5071.15,2,115.35587324812546,0,BOB,@okaxis,TRANSACTION_TIMEOUT
2624.36,17,60.19398612575654,0,HDFC,@gpay,WRONG_DEBIT
4123.5,15,5.12993518078036,1,AXIS,@paytm,DUPLICATE_TRANSACTION
3851.83,14,6.364873396131647,1,BOB,@ybl,DUPLICATE_TRANSACTION
42589.24,17,111.53250909577446,0,AXIS,@gpay,BENEFICIARY_NOT_CREDITED
3037.41,8,13.90032697959015,1,KOTAK,@paytm,DUPLICATE_TRANSACTION
6187.94,18,80.62368235719212,0,BOB,@okaxis,BENEFICIARY_NOT_CREDITED
663.11,16,1.922675165774085,1,ICICI,@paytm,DUPLICATE_TRANSACTION
433.01,7,4.84530661581933,0,KOTAK,@gpay,TECHNICAL_DECLINE
3013.14,19,0.9838008659385058,0,PNB,@okaxis,TECHNICAL_DECLINE
2661.64,8,2.451110393082437,0,PNB,@phonepe,TECHNICAL_DECLINE
2729.58,10,16.12056535103931,1,SBI,@ybl,DUPLICATE_TRANSACTION
92937.32,10,2.5556812996691485,0,KOTAK,@okaxis,BENEFICIARY_NOT_CREDITED
3755.71,6,36.4236979715111,0,ICICI,@phonepe,WRONG_DEBIT
43975.59,11,20.519092167599283,0,AXIS,@okaxis,WRONG_DEBIT
61361.94,17,2.3064588944103774,0,BOB,@okaxis,BENEFICIARY_NOT_CREDITED
93209.73,10,157.80131065582634,0,ICICI,@phonepe,BENEFICIARY_NOT_CREDITED
44496.66,23,39.83210214370675,0,SBI,@phonepe,WRONG_DEBIT
1132.09,10,2.443167747929435,0,PNB,@phonepe,TECHNICAL_DECLINE
2493.81,1,1.107581612552801,0,AXIS,@phonepe,TECHNICAL_DECLINE
276.93,4,45.872163165699334,0,SBI,@gpay,WRONG_DEBIT
11078.44,13,133.25784344576147,0,HDFC,@paytm,TRANSACTION_TIMEOUT
5501.34,21,8.8611836282926,1,KOTAK,@gpay,DUPLICATE_TRANSACTION
2636.17,9,103.42703032974292,0,BOB,@paytm,TRANSACTION_TIMEOUT
21402.62,12,112.37787957613568,0,SBI,@okaxis,BENEFICIARY_NOT_CREDITED
19479.36,23,71.4921074264951,0,ICICI,@gpay,TRANSACTION_TIMEOUT
8826.02,8,4.304655922036968,1,SBI,@ybl,DUPLICATE_TRANSACTION
2741.38,20,16.8306765153579,1,AXIS,@paytm,DUPLICATE_TRANSACTION
4526.43,14,101.14808051577964,0,BOB,@gpay,TRANSACTION_TIMEOUT
334.28,11,9.563183485554804,1,SBI,@paytm,DUPLICATE_TRANSACTION
35439.04,17,67.74629018813016,0,BOB,@okaxis,BENEFICIARY_NOT_CREDITED
93954.1,10,147.46541473311856,0,SBI,@gpay,BENEFICIARY_NOT_CREDITED
4816.42,8,0.4590863682391526,0,KOTAK,@ybl,TECHNICAL_DECLINE
72990.23,14,73.87777860639153,0,KOTAK,@paytm,BENEFICIARY_NOT_CREDITED
18000.14,6,86.71782093306444,0,PNB,@ybl,TRANSACTION_TIMEOUT
26044.03,17,49.45371457784592,0,PNB,@upi,WRONG_DEBIT
3705.79,9,22.772987663311543,1,SBI,@okaxis,DUPLICATE_TRANSACTION
66507.05,10,121.19896192332968,0,SBI,@okaxis,BENEFICIARY_NOT_CREDITED
66855.84,14,68.20086463864001,0,SBI,@okaxis,BENEFICIARY_NOT_CREDITED
1999.22,18,22.568728097524392,1,PNB,@upi,DUPLICATE_TRANSACTION
6193.6,12,9.745804050195908,1,BOB,@paytm,DUPLICATE_TRANSACTION
29047.91,15,132.22172418875587,0,KOTAK,@upi,BENEFICIARY_NOT_CREDITED
46766.32,16,113.82974794274668,0,KOTAK,@ybl,BENEFICIARY_NOT_CREDITED
6622.62,12,12.370848237965195,1,PNB,@okaxis,DUPLICATE_TRANSACTION
9792.03,12,113.3568769830469,0,ICICI,@gpay,BENEFICIARY_NOT_CREDITED
341.81,11,23.614464546764435,1,KOTAK,@paytm,DUPLICATE_TRANSACTION
8347.38,20,135.50197671021635,0,PNB,@upi,TRANSACTION_TIMEOUT
9938.11,7,70.43084445387733,0,PNB,@paytm,TRANSACTION_TIMEOUT
38943.18,7,12.66384108287028,0,PNB,@okaxis,WRONG_DEBIT
1099.35,7,187.45544219722692,0,HDFC,@ybl,TRANSACTION_TIMEOUT
8034.02,18,12.747165260534128,1,KOTAK,@okaxis,DUPLICATE_TRANSACTION
95028.94,16,103.3129379012144,0,PNB,@okaxis,BENEFICIARY_NOT_CREDITED
16628.33,17,115.77886903565846,0,ICICI,@upi,TRANSACTION_TIMEOUT
9056.39,7,175.65915895197196,0,SBI,@okaxis,TRANSACTION_TIMEOUT
12572.29,8,114.86063417626521,0,PNB,@phonepe,TRANSACTION_TIMEOUT
2789.98,13,21.432643986967605,1,HDFC,@gpay,DUPLICATE_TRANSACTION
2389.49,19,3.667326397851552,1,ICICI,@paytm,DUPLICATE_TRANSACTION
8211.23,17,118.82049410937489,0,HDFC,@gpay,TRANSACTION_TIMEOUT
7850.59,18,191.8014291056953,0,HDFC,@okaxis,TRANSACTION_TIMEOUT
9591.9,11,93.38912316060228,0,AXIS,@ybl,TRANSACTION_TIMEOUT
3762.83,17,9.598418051295212,0,ICICI,@ybl,TECHNICAL_DECLINE
2802.06,15,0.6965956787211658,1,SBI,@upi,DUPLICATE_TRANSACTION
14511.21,14,187.77032634168435,0,KOTAK,@okaxis,TRANSACTION_TIMEOUT
45355.75,18,40.636222777783736,0,HDFC,@paytm,WRONG_DEBIT
2800.42,14,75.62281203004169,0,SBI,@ybl,TRANSACTION_TIMEOUT
21560.2,14,57.362591528336395,0,AXIS,@phonepe,BENEFICIARY_NOT_CREDITED
5120.2,2,119.48663910438313,0,PNB,@okaxis,TRANSACTION_TIMEOUT
49995.4,11,16.14399593182187,0,HDFC,@upi,WRONG_DEBIT
37736.24,7,14.353969130102369,0,HDFC,@okaxis,WRONG_DEBIT
2461.59,15,16.067012270877857,1,KOTAK,@gpay,DUPLICATE_TRANSACTION
14019.35,11,73.50394979190594,0,KOTAK,@upi,TRANSACTION_TIMEOUT
38911.82,5,69.45989565845431,0,HDFC,@okaxis,WRONG_DEBIT
46451.47,18,48.76900465322943,0,AXIS,@ybl,WRONG_DEBIT
852.37,19,19.93371921072764,1,ICICI,@paytm,DUPLICATE_TRANSACTION
85104.18,18,135.5231699289098,0,BOB,@okaxis,BENEFICIARY_NOT_CREDITED
17425.47,13,47.62953652948963,0,HDFC,@okaxis,WRONG_DEBIT
1758.89,15,138.3292633210397,0,HDFC,@ybl,BENEFICIARY_NOT_CREDITED
63740.72,16,119.12054349891484,0,AXIS,@gpay,BENEFICIARY_NOT_CREDITED
4830.82,8,7.390948248642612,0,KOTAK,@ybl,TECHNICAL_DECLINE
8767.93,23,138.05614209768265,0,SBI,@gpay,TRANSACTION_TIMEOUT
14018.52,14,17.55816762174883,0,AXIS,@okaxis,WRONG_DEBIT
3374.12,10,0.34439997324107496,0,BOB,@phonepe,TECHNICAL_DECLINE
4926.74,13,19.147976563874316,1,SBI,@phonepe,DUPLICATE_TRANSACTION
3535.8,8,6.669492335035006,0,KOTAK,@gpay,TECHNICAL_DECLINE
12143.67,13,35.17760497311269,0,BOB,@gpay,WRONG_DEBIT
12953.47,15,116.12253153715875,0,HDFC,@paytm,TRANSACTION_TIMEOUT
22548.84,12,52.136407031724765,0,KOTAK,@phonepe,BENEFICIARY_NOT_CREDITED
11114.11,11,112.67657953119264,0,PNB,@okaxis,TRANSACTION_TIMEOUT
35505.15,16,46.243043305024784,0,SBI,@gpay,BENEFICIARY_NOT_CREDITED
36092.09,10,8.607941370363804,0,KOTAK,@upi,WRONG_DEBIT
1996.26,19,11.620766093105008,1,PNB,@okaxis,DUPLICATE_TRANSACTION
3024.27,3,9.991540359924816,0,SBI,@gpay,TECHNICAL_DECLINE
18354.43,9,119.23908711374223,0,ICICI,@phonepe,BENEFICIARY_NOT_CREDITED
48717.32,17,21.033838407799983,0,ICICI,@upi,WRONG_DEBIT
2141.49,0,135.2577613832025,0,AXIS,@ybl,TRANSACTION_TIMEOUT
6880.05,1,86.37671535493183,0,BOB,@ybl,TRANSACTION_TIMEOUT
41123.57,12,35.405752340956894,0,KOTAK,@upi,WRONG_DEBIT
7671.18,18,68.33704624977824,0,HDFC,@gpay,WRONG_DEBIT
27947.84,13,43.65487088949332,0,BOB,@okaxis,WRONG_DEBIT
7779.37,14,10.812347157330102,1,AXIS,@phonepe,DUPLICATE_TRANSACTION
4951.15,9,6.823553647490798,0,HDFC,@okaxis,TECHNICAL_DECLINE
47384.75,6,45.03708218927543,0,SBI,@upi,WRONG_DEBIT
7937.15,5,39.743441681598654,0,ICICI,@paytm,WRONG_DEBIT
9065.02,19,119.42669680916825,0,HDFC,@gpay,TRANSACTION_TIMEOUT
70842.11,16,12.887019945631037,0,ICICI,@phonepe,BENEFICIARY_NOT_CREDITED
3339.8,6,5.101667593250539,0,KOTAK,@gpay,TECHNICAL_DECLINE
9093.27,21,3.4136708506482547,1,HDFC,@gpay,DUPLICATE_TRANSACTION
59706.88,18,154.83915233759558,0,AXIS,@paytm,BENEFICIARY_NOT_CREDITED
13804.69,22,109.18129491274645,0,SBI,@okaxis,TRANSACTION_TIMEOUT
2519.6,2,7.176439944493243,0,AXIS,@upi,TECHNICAL_DECLINE
60569.51,9,16.25159006737453,0,PNB,@okaxis,BENEFICIARY_NOT_CREDITED
4758.85,21,9.857054943100604,0,KOTAK,@paytm,TECHNICAL_DECLINE
4757.96,18,10.613505706084869,1,SBI,@gpay,DUPLICATE_TRANSACTION
2235.84,15,11.628662832788443,0,AXIS,@phonepe,TECHNICAL_DECLINE
6732.84,21,63.89918245654873,0,ICICI,@phonepe,TRANSACTION_TIMEOUT
13904.11,9,148.7126976226972,0,AXIS,@okaxis,TRANSACTION_TIMEOUT
22795.81,10,18.172717267838955,0,HDFC,@ybl,WRONG_DEBIT
4142.14,0,7.891924637797548,0,KOTAK,@ybl,TECHNICAL_DECLINE
1178.66,16,102.99046259105464,0,BOB,@ybl,TRANSACTION_TIMEOUT
15223.81,6,88.59254821748573,0,ICICI,@phonepe,TRANSACTION_TIMEOUT
17628.85,15,66.45676467111821,0,PNB,@okaxis,TRANSACTION_TIMEOUT
7126.85,12,13.22013616806408,1,KOTAK,@ybl,DUPLICATE_TRANSACTION
11312.56,3,33.2242483808724,0,HDFC,@upi,WRONG_DEBIT
5033.92,19,7.004677446282864,1,PNB,@phonepe,DUPLICATE_TRANSACTION
16711.01,15,85.04709772342103,0,KOTAK,@gpay,TRANSACTION_TIMEOUT
3893.15,19,125.25261552211988,0,ICICI,@paytm,TRANSACTION_TIMEOUT
77381.18,15,57.75916560008735,0,BOB,@okaxis,BENEFICIARY_NOT_CREDITED
82144.67,13,122.25051409645992,0,BOB,@okaxis,BENEFICIARY_NOT_CREDITED
4994.62,15,10.383127136402912,0,AXIS,@okaxis,TECHNICAL_DECLINE
6967.97,17,163.95664699823686,0,AXIS,@ybl,TRANSACTION_TIMEOUT
87025.37,12,96.4902062114785,0,ICICI,@ybl,BENEFICIARY_NOT_CREDITED
15977.0,15,50.77640743380019,0,BOB,@ybl,WRONG_DEBIT
19769.44,20,197.08435707628732,0,AXIS,@paytm,TRANSACTION_TIMEOUT
5072.68,17,7.96787289435273,1,HDFC,@ybl,DUPLICATE_TRANSACTION
26344.96,14,1.1050270498987658,0,ICICI,@ybl,WRONG_DEBIT
840.8,20,23.260887133781214,1,SBI,@okaxis,DUPLICATE_TRANSACTION
13031.75,10,177.55588315801575,0,BOB,@okaxis,TRANSACTION_TIMEOUT
19087.38,20,157.24504863389342,0,BOB,@ybl,TRANSACTION_TIMEOUT
275.91,2,2.8172429172242586,0,PNB,@phonepe,TECHNICAL_DECLINE
7492.99,14,23.480105477293094,1,BOB,@upi,DUPLICATE_TRANSACTION
22239.56,22,21.56155777757266,0,HDFC,@paytm,WRONG_DEBIT
79716.27,13,60.8633781641607,0,AXIS,@gpay,BENEFICIARY_NOT_CREDITED
5358.55,17,16.363208912465478,1,ICICI,@gpay,DUPLICATE_TRANSACTION
881.79,21,9.181063166804973,1,PNB,@gpay,DUPLICATE_TRANSACTION
18265.3,4,83.29264353286314,0,PNB,@phonepe,TRANSACTION_TIMEOUT
5181.0,0,184.6340968184488,0,AXIS,@phonepe,TRANSACTION_TIMEOUT
874.08,14,11.342827619215752,0,KOTAK,@phonepe,TECHNICAL_DECLINE
13837.24,14,176.486196621675,0,ICICI,@ybl,TRANSACTION_TIMEOUT
2222.4,12,134.9322492373123,0,KOTAK,@phonepe,TRANSACTION_TIMEOUT
2682.99,15,46.83822348976403,0,KOTAK,@upi,BENEFICIARY_NOT_CREDITED
45539.79,23,35.76436462971866,0,SBI,@gpay,WRONG_DEBIT
4029.47,7,7.639414536070703,0,KOTAK,@phonepe,TECHNICAL_DECLINE
6319.66,22,15.058994587601532,1,HDFC,@phonepe,DUPLICATE_TRANSACTION
763.95,11,159.31868472676422,0,HDFC,@phonepe,TRANSACTION_TIMEOUT
74874.35,11,34.53273070656273,0,BOB,@okaxis,BENEFICIARY_NOT_CREDITED
53319.81,13,139.68892746775535,0,SBI,@ybl,BENEFICIARY_NOT_CREDITED
74782.66,14,135.30683394695328,0,AXIS,@paytm,BENEFICIARY_NOT_CREDITED
7566.1,11,20.643374325571724,1,PNB,@upi,DUPLICATE_TRANSACTION
19348.67,17,103.59780750964609,0,BOB,@ybl,TRANSACTION_TIMEOUT
13296.48,3,32.74459399683897,0,PNB,@upi,WRONG_DEBIT
58663.73,14,19.093799067271526,0,ICICI,@ybl,BENEFICIARY_NOT_CREDITED
31015.39,17,23.616452290851065,0,KOTAK,@gpay,WRONG_DEBIT
31806.66,14,65.47590996680823,0,SBI,@upi,WRONG_DEBIT
2421.85,1,191.83175299805583,0,SBI,@ybl,TRANSACTION_TIMEOUT
4949.88,17,9.76781150685623,0,AXIS,@phonepe,WRONG_DEBIT
2153.72,23,8.719189806686899,0,AXIS,@upi,TECHNICAL_DECLINE
41701.28,19,29.384343770234437,0,SBI,@paytm,WRONG_DEBIT
22118.33,16,159.7427133651883,0,BOB,@phonepe,BENEFICIARY_NOT_CREDITED
49048.29,11,39.201542026714435,0,PNB,@phonepe,WRONG_DEBIT
19967.17,6,69.71089506741984,0,BOB,@ybl,WRONG_DEBIT
33172.16,20,46.04349013413867,0,HDFC,@paytm,WRONG_DEBIT
24735.11,11,132.42534269604474,0,ICICI,@paytm,BENEFICIARY_NOT_CREDITED
1115.07,6,9.756635773452707,0,ICICI,@phonepe,TECHNICAL_DECLINE
7907.57,17,0.06805323552039244,1,BOB,@gpay,DUPLICATE_TRANSACTION
5448.13,20,4.187930901633443,1,PNB,@paytm,DUPLICATE_TRANSACTION
247.12,20,18.922356826889203,1,KOTAK,@phonepe,DUPLICATE_TRANSACTION
8794.89,1,9.12661514732018,0,AXIS,@okaxis,WRONG_DEBIT
37308.7,15,32.27581542743166,0,SBI,@okaxis,WRONG_DEBIT
634.36,16,2.65859707701942,0,KOTAK,@paytm,TECHNICAL_DECLINE
1577.99,20,11.568314197464344,0,HDFC,@ybl,TECHNICAL_DECLINE
8582.85,3,122.52086582992224,0,AXIS,@paytm,TRANSACTION_TIMEOUT
16173.38,4,4.729120799048202,0,SBI,@okaxis,WRONG_DEBIT
2786.95,10,4.570852785822249,0,KOTAK,@okaxis,TECHNICAL_DECLINE
45644.68,18,72.8432874125451,0,BOB,@upi,BENEFICIARY_NOT_CREDITED
42654.36,20,63.19484734062341,0,KOTAK,@upi,WRONG_DEBIT
4357.69,22,5.4838457847500255,1,SBI,@ybl,DUPLICATE_TRANSACTION
8378.19,3,95.50734919956422,0,SBI,@upi,TRANSACTION_TIMEOUT
37742.95,11,115.69911292298511,0,AXIS,@paytm,BENEFICIARY_NOT_CREDITED
41605.42,2,31.095109335725297,0,PNB,@upi,WRONG_DEBIT
81271.04,17,11.016823321131376,0,KOTAK,@okaxis,BENEFICIARY_NOT_CREDITED
67166.32,15,60.0508792988392,0,PNB,@ybl,BENEFICIARY_NOT_CREDITED
48423.09,19,22.496320734311084,0,HDFC,@okaxis,WRONG_DEBIT
1142.42,21,5.786272754452663,0,BOB,@paytm,TECHNICAL_DECLINE
84614.66,14,20.185847359561464,0,SBI,@okaxis,BENEFICIARY_NOT_CREDITED
8091.49,21,13.463176841952787,1,BOB,@okaxis,DUPLICATE_TRANSACTION
3407.39,17,0.3150459774430008,0,PNB,@upi,TECHNICAL_DECLINE
3380.84,13,118.35069506855598,0,SBI,@phonepe,BENEFICIARY_NOT_CREDITED
1107.53,11,95.57562282514984,0,AXIS,@paytm,BENEFICIARY_NOT_CREDITED
7435.59,8,2.2021843933066876,1,KOTAK,@gpay,DUPLICATE_TRANSACTION
8454.67,10,71.92620992845349,0,SBI,@upi,TRANSACTION_TIMEOUT
77795.14,18,100.5693699582504,0,HDFC,@gpay,BENEFICIARY_NOT_CREDITED
7568.92,8,16.175249054714712,1,SBI,@ybl,DUPLICATE_TRANSACTION
9764.67,14,110.95592815817415,0,ICICI,@okaxis,TRANSACTION_TIMEOUT
17324.13,3,20.393745845792353,0,PNB,@okaxis,WRONG_DEBIT
10585.99,9,54.903439115872985,0,AXIS,@okaxis,TRANSACTION_TIMEOUT
483.59,9,68.06333428031837,0,BOB,@gpay,WRONG_DEBIT
29299.99,10,2.290894397075094,0,PNB,@ybl,BENEFICIARY_NOT_CREDITED
1378.94,16,16.888110321183927,1,KOTAK,@okaxis,DUPLICATE_TRANSACTION
7671.51,9,73.84867245055612,0,AXIS,@paytm,BENEFICIARY_NOT_CREDITED
57788.04,18,68.53862171237414,0,PNB,@ybl,BENEFICIARY_NOT_CREDITED
11959.75,9,162.3553484025321,0,ICICI,@okaxis,BENEFICIARY_NOT_CREDITED
16657.32,11,61.395741957278474,0,BOB,@paytm,TRANSACTION_TIMEOUT
4413.2,14,12.575101032015159,1,AXIS,@phonepe,DUPLICATE_TRANSACTION
22546.42,11,13.755356037994531,0,PNB,@paytm,BENEFICIARY_NOT_CREDITED
2598.77,11,4.213196819488326,0,BOB,@upi,TECHNICAL_DECLINE
2439.06,10,6.143237328041517,1,ICICI,@okaxis,DUPLICATE_TRANSACTION
7626.13,18,1.8084785658978442,1,BOB,@upi,DUPLICATE_TRANSACTION
9332.67,18,163.50132674037775,0,AXIS,@upi,TRANSACTION_TIMEOUT
3250.66,19,3.8784988997203285,0,PNB,@phonepe,TECHNICAL_DECLINE
4453.65,15,10.612993532070837,1,SBI,@phonepe,DUPLICATE_TRANSACTION
375.24,16,0.8902878740794522,0,AXIS,@ybl,TECHNICAL_DECLINE
2938.81,9,5.5246320844887595,0,BOB,@paytm,WRONG_DEBIT
3010.99,12,5.552539907127267,0,KOTAK,@upi,TECHNICAL_DECLINE
22541.71,18,46.93229673469991,0,SBI,@okaxis,WRONG_DEBIT
10077.21,1,116.47951257029388,0,BOB,@phonepe,TRANSACTION_TIMEOUT
25277.0,5,2.8182330864485143,0,PNB,@ybl,WRONG_DEBIT
10528.96,19,72.12942361319429,0,SBI,@phonepe,TRANSACTION_TIMEOUT
8234.51,10,151.19245352505632,0,HDFC,@upi,TRANSACTION_TIMEOUT
7058.23,10,94.17985647387319,0,AXIS,@phonepe,BENEFICIARY_NOT_CREDITED
72511.5,18,146.83770356411,0,SBI,@paytm,BENEFICIARY_NOT_CREDITED
3351.7,11,3.7227808506217452,0,PNB,@upi,TECHNICAL_DECLINE
2666.14,22,190.57633433399565,0,SBI,@okaxis,TRANSACTION_TIMEOUT
12905.52,10,171.60408713984975,0,PNB,@upi,TRANSACTION_TIMEOUT
557.92,21,5.0808763958652445,0,SBI,@paytm,TECHNICAL_DECLINE
31232.17,12,58.06930163696854,0,BOB,@ybl,BENEFICIARY_NOT_CREDITED
2342.78,10,3.718684150665715,1,SBI,@paytm,DUPLICATE_TRANSACTION
3877.29,23,10.604185985910739,0,HDFC,@upi,TECHNICAL_DECLINE
87701.08,18,22.88518991872784,0,AXIS,@gpay,BENEFICIARY_NOT_CREDITED
1890.38,19,18.50634752954372,1,BOB,@gpay,DUPLICATE_TRANSACTION
969.48,11,150.807164172657,0,ICICI,@ybl,TRANSACTION_TIMEOUT
1496.15,23,9.405604313218113,0,ICICI,@okaxis,TECHNICAL_DECLINE
3163.73,20,18.824885750236916,1,BOB,@gpay,DUPLICATE_TRANSACTION
67991.53,18,165.4014455197734,0,AXIS,@phonepe,BENEFICIARY_NOT_CREDITED
10107.84,13,194.87275928730398,0,BOB,@gpay,TRANSACTION_TIMEOUT
778.15,8,0.6261576391320549,0,AXIS,@phonepe,TECHNICAL_DECLINE
4678.04,22,10.150707320801262,0,BOB,@paytm,TECHNICAL_DECLINE
8845.57,11,46.55614703175655,0,KOTAK,@gpay,BENEFICIARY_NOT_CREDITED
1925.1,7,172.13889489003608,0,SBI,@paytm,TRANSACTION_TIMEOUT
1159.81,16,104.84214612721104,0,AXIS,@paytm,TRANSACTION_TIMEOUT
22841.61,14,156.44792609324216,0,BOB,@upi,BENEFICIARY_NOT_CREDITED
79242.37,11,7.396632916546301,0,BOB,@ybl,BENEFICIARY_NOT_CREDITED
7612.53,15,10.766435375573918,1,HDFC,@paytm,DUPLICATE_TRANSACTION
12870.6,4,39.51390567195615,0,PNB,@okaxis,WRONG_DEBIT
2173.95,9,2.851682719691204,0,HDFC,@paytm,TECHNICAL_DECLINE
4256.27,20,14.947453640183259,1,HDFC,@paytm,DUPLICATE_TRANSACTION
11975.11,0,144.05715118599764,0,KOTAK,@gpay,TRANSACTION_TIMEOUT
2983.59,8,14.755429986622815,1,ICICI,@okaxis,DUPLICATE_TRANSACTION
3827.55,21,61.01332115806379,0,SBI,@paytm,TRANSACTION_TIMEOUT
2766.0,16,6.649823429018346,0,AXIS,@ybl,TECHNICAL_DECLINE
31819.97,11,18.262818796983318,0,HDFC,@phonepe,WRONG_DEBIT
17305.64,23,47.311516800779856,0,HDFC,@okaxis,WRONG_DEBIT
13774.25,14,92.18429544968448,0,BOB,@upi,BENEFICIARY_NOT_CREDITED
8320.8,18,11.150949593928907,1,PNB,@ybl,DUPLICATE_TRANSACTION
8133.83,9,17.18508138230867,1,AXIS,@paytm,DUPLICATE_TRANSACTION
20558.3,12,148.92699439822354,0,SBI,@phonepe,BENEFICIARY_NOT_CREDITED
2051.3,17,5.680797212122121,0,HDFC,@upi,TECHNICAL_DECLINE
2932.5,21,18.7401976074822,1,BOB,@upi,DUPLICATE_TRANSACTION
27685.05,14,73.97088098186438,0,AXIS,@upi,BENEFICIARY_NOT_CREDITED
17903.29,12,99.53356751804041,0,ICICI,@ybl,TRANSACTION_TIMEOUT
7410.2,16,88.54154576193176,0,HDFC,@upi,TRANSACTION_TIMEOUT
1670.65,19,199.25492105629945,0,ICICI,@okaxis,TRANSACTION_TIMEOUT
32460.54,10,55.762624192040484,0,SBI,@phonepe,BENEFICIARY_NOT_CREDITED
12092.17,13,73.33000535401888,0,AXIS,@phonepe,TRANSACTION_TIMEOUT
942.87,11,141.45742529421216,0,AXIS,@phonepe,TRANSACTION_TIMEOUT
3844.55,20,29.247136668550976,0,KOTAK,@upi,WRONG_DEBIT
9532.62,10,20.36806343929283,1,PNB,@ybl,DUPLICATE_TRANSACTION
6398.88,7,56.053106892494306,0,SBI,@phonepe,WRONG_DEBIT
18994.4,1,139.9744139859274,0,PNB,@ybl,TRANSACTION_TIMEOUT
37515.33,10,96.84493698176058,0,KOTAK,@phonepe,BENEFICIARY_NOT_CREDITED
6356.27,8,85.94097127019648,0,HDFC,@paytm,TRANSACTION_TIMEOUT
5040.54,14,21.92502013951648,1,HDFC,@phonepe,DUPLICATE_TRANSACTION
70551.76,12,167.39297372984504,0,SBI,@upi,BENEFICIARY_NOT_CREDITED
4083.55,4,177.62959613841704,0,AXIS,@gpay,TRANSACTION_TIMEOUT
19945.52,21,195.0693079271855,0,SBI,@upi,TRANSACTION_TIMEOUT
71099.28,17,91.54261732466891,0,SBI,@gpay,BENEFICIARY_NOT_CREDITED
7957.59,16,5.381798765902957,1,ICICI,@gpay,DUPLICATE_TRANSACTION
7924.69,8,8.661516586665172,1,KOTAK,@phonepe,DUPLICATE_TRANSACTION
16092.87,17,67.7252269164931,0,HDFC,@paytm,TRANSACTION_TIMEOUT
40116.92,16,88.79117435666012,0,BOB,@ybl,BENEFICIARY_NOT_CREDITED
461.38,10,7.708063072636576,0,AXIS,@ybl,TECHNICAL_DECLINE
1788.12,17,7.677527152399956,0,ICICI,@gpay,TECHNICAL_DECLINE
10106.99,1,174.3714025830663,0,KOTAK,@gpay,TRANSACTION_TIMEOUT
16883.38,14,157.10121871872593,0,ICICI,@phonepe,BENEFICIARY_NOT_CREDITED
4485.14,2,3.0072637077839888,0,PNB,@okaxis,TECHNICAL_DECLINE
12954.44,13,103.60952247746907,0,HDFC,@okaxis,BENEFICIARY_NOT_CREDITED
5958.9,17,3.700662405109516,1,PNB,@okaxis,DUPLICATE_TRANSACTION
1754.34,18,0.49433164226140924,0,BOB,@paytm,TECHNICAL_DECLINE
2368.54,20,55.5136105532015,0,SBI,@upi,WRONG_DEBIT
7692.89,14,14.834602231798982,1,HDFC,@ybl,DUPLICATE_TRANSACTION
1519.39,9,5.7953378181050335,0,BOB,@upi,TECHNICAL_DECLINE
6018.93,2,152.66926289429352,0,ICICI,@ybl,TRANSACTION_TIMEOUT
9736.6,6,99.70927038947016,0,ICICI,@phonepe,TRANSACTION_TIMEOUT
73552.88,14,163.88747936178498,0,ICICI,@phonepe,BENEFICIARY_NOT_CREDITED
2852.09,10,2.900854331237605,0,HDFC,@phonepe,TECHNICAL_DECLINE
5033.59,3,55.69200435364412,0,AXIS,@okaxis,TRANSACTION_TIMEOUT
5040.58,5,171.64863265879632,0,KOTAK,@upi,TRANSACTION_TIMEOUT
19388.49,11,84.21034552400477,0,KOTAK,@ybl,BENEFICIARY_NOT_CREDITED
17593.61,15,51.52279732888536,0,AXIS,@okaxis,TRANSACTION_TIMEOUT
19337.06,6,136.66830502182285,0,HDFC,@paytm,TRANSACTION_TIMEOUT
49741.97,16,48.71997970064993,0,HDFC,@paytm,BENEFICIARY_NOT_CREDITED
2765.31,8,158.58122563062756,0,BOB,@ybl,TRANSACTION_TIMEOUT
5001.62,9,96.2370345281319,0,ICICI,@phonepe,BENEFICIARY_NOT_CREDITED
1514.15,12,6.0510663494784565,0,BOB,@okaxis,TECHNICAL_DECLINE
82618.48,18,114.62657289984975,0,HDFC,@gpay,BENEFICIARY_NOT_CREDITED
19755.8,10,40.16389235559326,0,SBI,@gpay,WRONG_DEBIT
6064.38,14,12.001869685695453,1,HDFC,@paytm,DUPLICATE_TRANSACTION
7164.56,20,11.36985960948456,1,AXIS,@gpay,DUPLICATE_TRANSACTION
4476.35,4,3.935590171638315,0,KOTAK,@phonepe,TECHNICAL_DECLINE
3990.25,17,17.7436646537665,1,SBI,@okaxis,DUPLICATE_TRANSACTION
50977.84,17,89.90075158927135,0,PNB,@okaxis,BENEFICIARY_NOT_CREDITED
47751.81,9,62.51575424758352,0,PNB,@paytm,BENEFICIARY_NOT_CREDITED
11715.67,23,180.55906534629042,0,PNB,@paytm,TRANSACTION_TIMEOUT
2425.49,20,9.394847897177057,0,BOB,@okaxis,TECHNICAL_DECLINE
1214.96,1,7.0022793245716795,0,ICICI,@okaxis,TECHNICAL_DECLINE
3895.57,12,1.7733084996039818,0,PNB,@gpay,TECHNICAL_DECLINE
28671.26,22,7.912477536026173,0,HDFC,@ybl,WRONG_DEBIT
42168.64,15,116.31354357339374,0,AXIS,@okaxis,BENEFICIARY_NOT_CREDITED
4610.55,23,8.728825187291022,0,PNB,@gpay,TECHNICAL_DECLINE
1115.97,10,11.977474420865786,0,AXIS,@okaxis,TECHNICAL_DECLINE
6343.68,5,117.86885686697715,0,KOTAK,@phonepe,TRANSACTION_TIMEOUT
1836.01,23,8.168950674829698,0,BOB,@upi,TECHNICAL_DECLINE
61202.62,12,160.87534516430418,0,SBI,@okaxis,BENEFICIARY_NOT_CREDITED
22874.27,13,129.78610293763646,0,PNB,@gpay,BENEFICIARY_NOT_CREDITED
6409.11,11,133.19411371590536,0,BOB,@upi,TRANSACTION_TIMEOUT
29135.04,18,113.99591504568514,0,AXIS,@ybl,BENEFICIARY_NOT_CREDITED
95483.58,11,49.50559288282024,0,SBI,@upi,BENEFICIARY_NOT_CREDITED
17383.54,14,47.229987639665346,0,PNB,@ybl,WRONG_DEBIT
2100.47,16,6.507185327951419,1,KOTAK,@upi,DUPLICATE_TRANSACTION
14158.66,18,124.72879310697833,0,ICICI,@gpay,BENEFICIARY_NOT_CREDITED
33524.71,16,16.248358532279795,0,ICICI,@paytm,WRONG_DEBIT
20723.74,22,34.01308130651141,0,PNB,@gpay,WRONG_DEBIT
48229.49,5,29.297336511375608,0,AXIS,@ybl,WRONG_DEBIT
7583.52,12,7.70802485086,1,PNB,@paytm,DUPLICATE_TRANSACTION
32649.71,7,38.53096393633954,0,PNB,@paytm,WRONG_DEBIT
4237.06,21,4.218928980932701,1,HDFC,@ybl,DUPLICATE_TRANSACTION
3807.6,23,194.24396977266804,0,SBI,@paytm,TRANSACTION_TIMEOUT
14989.77,19,7.725649735694735,0,SBI,@phonepe,WRONG_DEBIT
19783.08,17,127.69641729499911,0,ICICI,@okaxis,TRANSACTION_TIMEOUT
5529.46,3,98.26398271843141,0,PNB,@ybl,TRANSACTION_TIMEOUT
72000.52,9,124.01518854720692,0,BOB,@phonepe,BENEFICIARY_NOT_CREDITED
3404.57,6,2.1059389660615766,0,BOB,@upi,TECHNICAL_DECLINE
16557.1,16,97.84485212850674,0,AXIS,@upi,TRANSACTION_TIMEOUT
9320.58,4,34.376695091272296,0,ICICI,@paytm,WRONG_DEBIT
38665.65,16,126.87736084750333,0,SBI,@phonepe,BENEFICIARY_NOT_CREDITED
3642.12,0,3.138637809784713,0,SBI,@upi,TECHNICAL_DECLINE
715.03,9,11.169479782606306,1,ICICI,@ybl,DUPLICATE_TRANSACTION
4623.22,22,9.238092569498235,0,PNB,@paytm,TECHNICAL_DECLINE
37070.62,12,37.594476356202435,0,ICICI,@ybl,BENEFICIARY_NOT_CREDITED
4604.29,17,8.966996207686472,1,PNB,@okaxis,DUPLICATE_TRANSACTION
15171.28,21,173.49173338114144,0,BOB,@gpay,TRANSACTION_TIMEOUT
4378.36,2,6.306079874642013,0,KOTAK,@upi,TECHNICAL_DECLINE
8271.22,18,19.738868186724133,0,BOB,@okaxis,BENEFICIARY_NOT_CREDITED
1090.57,17,1.7982285765889716,0,SBI,@okaxis,TECHNICAL_DECLINE
2413.18,6,156.9715308594588,0,AXIS,@paytm,TRANSACTION_TIMEOUT
2282.87,1,5.441187602157384,0,KOTAK,@ybl,TECHNICAL_DECLINE
11321.83,17,118.2815024723164,0,BOB,@phonepe,TRANSACTION_TIMEOUT
19857.84,0,53.69792276389073,0,KOTAK,@paytm,WRONG_DEBIT
21242.5,22,4.590713672069991,0,HDFC,@paytm,WRONG_DEBIT
731.52,13,75.3571616775077,0,ICICI,@upi,TRANSACTION_TIMEOUT
7551.77,12,116.17764416472824,0,AXIS,@ybl,TRANSACTION_TIMEOUT
34168.24,21,62.96786796174659,0,ICICI,@upi,WRONG_DEBIT
12304.0,17,66.64079150793481,0,ICICI,@upi,BENEFICIARY_NOT_CREDITED
8364.73,20,0.5456478557271982,1,SBI,@ybl,DUPLICATE_TRANSACTION
2178.23,12,9.880325248509411,0,ICICI,@ybl,TECHNICAL_DECLINE
15934.58,12,157.54753030955615,0,PNB,@paytm,BENEFICIARY_NOT_CREDITED
40492.96,13,44.2744709190417,0,HDFC,@gpay,WRONG_DEBIT
766.18,17,0.805830618102739,1,KOTAK,@upi,DUPLICATE_TRANSACTION
12312.23,1,28.963105258385255,0,ICICI,@okaxis,WRONG_DEBIT
7568.42,20,1.3546568405870625,1,KOTAK,@phonepe,DUPLICATE_TRANSACTION
8176.28,19,13.826648053926888,1,KOTAK,@okaxis,DUPLICATE_TRANSACTION
24071.95,11,165.611158641096,0,KOTAK,@gpay,BENEFICIARY_NOT_CREDITED
6079.97,1,132.62115395199567,0,KOTAK,@upi,TRANSACTION_TIMEOUT
6297.33,14,13.340415983609102,1,HDFC,@phonepe,DUPLICATE_TRANSACTION
15737.51,10,153.83887791098164,0,AXIS,@gpay,TRANSACTION_TIMEOUT
37957.79,17,80.07764300884072,0,BOB,@gpay,BENEFICIARY_NOT_CREDITED
85825.35,11,135.5646187091261,0,HDFC,@okaxis,BENEFICIARY_NOT_CREDITED
19358.95,17,128.558755728469,0,AXIS,@gpay,TRANSACTION_TIMEOUT
20732.0,10,155.01175945337414,0,BOB,@phonepe,BENEFICIARY_NOT_CREDITED
26828.21,6,3.7106372962089935,0,AXIS,@upi,WRONG_DEBIT
3054.32,2,2.257959527193064,0,BOB,@okaxis,TECHNICAL_DECLINE
1163.38,6,10.433686218294454,0,SBI,@phonepe,TECHNICAL_DECLINE
10669.21,6,69.26958404024104,0,HDFC,@upi,WRONG_DEBIT
18297.38,22,139.86903317997474,0,ICICI,@ybl,TRANSACTION_TIMEOUT
5565.58,20,6.7934207404843105,1,AXIS,@okaxis,DUPLICATE_TRANSACTION
31188.02,14,86.64036218397018,0,AXIS,@ybl,BENEFICIARY_NOT_CREDITED
40160.55,23,33.80331038562421,0,BOB,@phonepe,WRONG_DEBIT
3769.98,14,1.0971707515462734,1,BOB,@gpay,DUPLICATE_TRANSACTION
260.58,16,22.434198007112485,1,KOTAK,@upi,DUPLICATE_TRANSACTION
5974.33,6,98.1395234686347,0,AXIS,@okaxis,TRANSACTION_TIMEOUT
5043.08,18,22.64314908114313,1,SBI,@phonepe,DUPLICATE_TRANSACTION
19333.51,20,160.41830178030227,0,AXIS,@gpay,TRANSACTION_TIMEOUT
17341.94,17,82.5488256494401,0,KOTAK,@upi,BENEFICIARY_NOT_CREDITED
26244.83,2,68.05354400646468,0,PNB,@paytm,WRONG_DEBIT
20678.37,20,16.663204229576078,0,PNB,@gpay,WRONG_DEBIT
11014.11,14,26.870449873450454,0,KOTAK,@upi,WRONG_DEBIT
4572.48,21,5.854252608036855,0,HDFC,@okaxis,TECHNICAL_DECLINE
2115.56,0,6.353011762099808,0,SBI,@okaxis,TECHNICAL_DECLINE
2205.69,15,135.63000572422064,0,ICICI,@paytm,BENEFICIARY_NOT_CREDITED
26266.83,7,13.81910810339615,0,KOTAK,@phonepe,WRONG_DEBIT
27098.81,15,14.196213717010707,0,AXIS,@ybl,BENEFICIARY_NOT_CREDITED
1291.72,22,2.710287031529066,0,PNB,@paytm,TECHNICAL_DECLINE
4765.68,12,27.156208930868676,0,AXIS,@paytm,WRONG_DEBIT
35171.97,2,35.98980430412102,0,AXIS,@upi,WRONG_DEBIT
56802.73,10,150.43013242783087,0,HDFC,@gpay,BENEFICIARY_NOT_CREDITED
9022.6,19,21.301303368827845,1,AXIS,@phonepe,DUPLICATE_TRANSACTION
46215.55,21,66.64210632582648,0,KOTAK,@okaxis,WRONG_DEBIT
9049.79,10,1.1273828538192925,0,ICICI,@okaxis,WRONG_DEBIT
7547.32,19,19.701657306843284,1,HDFC,@phonepe,DUPLICATE_TRANSACTION
5683.19,17,20.031613442202048,1,AXIS,@upi,DUPLICATE_TRANSACTION
1725.48,23,1.6794071308223675,0,PNB,@upi,TECHNICAL_DECLINE
25089.56,11,3.866143100212339,0,AXIS,@gpay,WRONG_DEBIT
17095.58,19,68.74980457785594,0,AXIS,@phonepe,WRONG_DEBIT
31742.74,14,35.32344883997712,0,SBI,@okaxis,WRONG_DEBIT
8693.77,21,137.05301842407977,0,AXIS,@paytm,TRANSACTION_TIMEOUT
1547.36,7,8.557302392140627,0,HDFC,@phonepe,TECHNICAL_DECLINE
3862.0,20,15.213621167113223,1,PNB,@ybl,DUPLICATE_TRANSACTION
36389.67,10,1.8676021357950296,0,SBI,@ybl,BENEFICIARY_NOT_CREDITED
76253.98,10,23.128669750531298,0,ICICI,@ybl,BENEFICIARY_NOT_CREDITED
11184.0,16,110.0227146126369,0,HDFC,@paytm,TRANSACTION_TIMEOUT
55644.87,18,100.87331423164356,0,SBI,@ybl,BENEFICIARY_NOT_CREDITED
14663.18,12,56.10017560495708,0,PNB,@okaxis,WRONG_DEBIT
5762.41,10,16.447583803069357,1,ICICI,@gpay,DUPLICATE_TRANSACTION
30462.56,16,25.37111504797349,0,ICICI,@ybl,BENEFICIARY_NOT_CREDITED
42399.68,16,131.70532623563608,0,SBI,@phonepe,BENEFICIARY_NOT_CREDITED
7236.9,15,14.251353552937887,1,ICICI,@ybl,DUPLICATE_TRANSACTION
6860.93,0,68.31528929240869,0,SBI,@okaxis,WRONG_DEBIT
16101.12,10,114.9138840651505,0,AXIS,@upi,TRANSACTION_TIMEOUT
767.01,10,7.238535220677756,0,PNB,@gpay,TECHNICAL_DECLINE
6352.25,12,195.24623370549773,0,SBI,@upi,TRANSACTION_TIMEOUT
19358.49,7,97.53470809132163,0,SBI,@ybl,TRANSACTION_TIMEOUT
11831.84,18,34.3666081346714,0,KOTAK,@gpay,BENEFICIARY_NOT_CREDITED
231.89,23,5.539466673997781,0,PNB,@gpay,TECHNICAL_DECLINE
15973.94,22,58.51211813451919,0,BOB,@ybl,TRANSACTION_TIMEOUT
2869.66,9,84.78721748596142,0,PNB,@gpay,TRANSACTION_TIMEOUT
15802.63,2,116.25814156671234,0,KOTAK,@ybl,TRANSACTION_TIMEOUT
2063.94,16,11.08194904807736,0,BOB,@upi,TECHNICAL_DECLINE
10918.54,11,154.64841163245015,0,BOB,@okaxis,TRANSACTION_TIMEOUT
3227.08,2,1.3124331029314433,0,ICICI,@upi,TECHNICAL_DECLINE
17050.68,18,8.397547819150883,0,PNB,@upi,BENEFICIARY_NOT_CREDITED
19339.54,10,194.7889502125019,0,AXIS,@paytm,TRANSACTION_TIMEOUT
5020.47,7,36.768689317803215,0,KOTAK,@okaxis,WRONG_DEBIT
3469.56,7,5.349342618058881,0,AXIS,@ybl,TECHNICAL_DECLINE
3483.14,4,4.139608651194219,0,HDFC,@ybl,TECHNICAL_DECLINE
14842.07,2,8.356992333046176,0,PNB,@gpay,WRONG_DEBIT
31533.09,16,131.9730895872924,0,KOTAK,@ybl,BENEFICIARY_NOT_CREDITED
47878.17,16,121.57298852771122,0,AXIS,@phonepe,BENEFICIARY_NOT_CREDITED
15083.18,22,8.286139202312587,0,BOB,@phonepe,WRONG_DEBIT
33889.25,5,66.95441614717866,0,PNB,@gpay,WRONG_DEBIT
954.82,5,3.97187586663803,0,AXIS,@ybl,TECHNICAL_DECLINE
7997.78,18,4.426842603633448,1,PNB,@upi,DUPLICATE_TRANSACTION
7972.09,23,141.3442544805318,0,ICICI,@ybl,TRANSACTION_TIMEOUT
2204.81,0,8.456827391516814,0,ICICI,@phonepe,TECHNICAL_DECLINE
28909.66,17,13.461108165510725,0,SBI,@gpay,WRONG_DEBIT
2367.7,21,179.1207552135107,0,KOTAK,@upi,TRANSACTION_TIMEOUT
59898.6,18,66.55484895430345,0,HDFC,@phonepe,BENEFICIARY_NOT_CREDITED
84629.02,18,29.812094672726737,0,PNB,@upi,BENEFICIARY_NOT_CREDITED
91908.92,18,15.153578760045644,0,ICICI,@phonepe,BENEFICIARY_NOT_CREDITED
12004.78,3,13.179205319866812,0,PNB,@gpay,WRONG_DEBIT
2003.47,19,1.6544075824146898,0,AXIS,@ybl,TECHNICAL_DECLINE
4918.04,16,16.64239023670453,1,PNB,@gpay,DUPLICATE_TRANSACTION
917.64,9,1.6835584211735646,0,SBI,@ybl,TECHNICAL_DECLINE
362.7,11,11.422103405855605,0,AXIS,@gpay,TECHNICAL_DECLINE
8170.64,16,12.13051247353609,1,AXIS,@ybl,DUPLICATE_TRANSACTION
8371.05,14,122.28232581483222,0,HDFC,@okaxis,TRANSACTION_TIMEOUT
39814.46,7,21.030473488226875,0,SBI,@gpay,WRONG_DEBIT
1514.48,14,6.787805534230314,0,BOB,@ybl,TECHNICAL_DECLINE
2602.95,18,1.3704798163076255,0,BOB,@okaxis,TECHNICAL_DECLINE
54433.32,9,127.9206898590155,0,AXIS,@okaxis,BENEFICIARY_NOT_CREDITED
9898.78,9,17.663728743208175,1,PNB,@gpay,DUPLICATE_TRANSACTION
87543.58,9,76.1053012526791,0,SBI,@paytm,BENEFICIARY_NOT_CREDITED
17319.28,3,165.89601078187758,0,ICICI,@gpay,TRANSACTION_TIMEOUT
3476.75,22,7.323141631433722,0,AXIS,@gpay,TECHNICAL_DECLINE
782.25,6,9.762358385945205,0,BOB,@paytm,TECHNICAL_DECLINE
1819.0,8,7.162292230615188,0,ICICI,@phonepe,TECHNICAL_DECLINE
29288.66,13,160.05035668826707,0,KOTAK,@upi,BENEFICIARY_NOT_CREDITED
6865.89,13,66.15134725174742,0,SBI,@upi,WRONG_DEBIT
7044.12,10,5.992253806515355,1,PNB,@phonepe,DUPLICATE_TRANSACTION
7638.59,18,9.42481800725318,1,ICICI,@okaxis,DUPLICATE_TRANSACTION
62967.38,15,76.48261766591085,0,PNB,@paytm,BENEFICIARY_NOT_CREDITED
10360.71,8,153.5949495905868,0,SBI,@ybl,TRANSACTION_TIMEOUT
6613.06,0,180.07397995642248,0,BOB,@upi,TRANSACTION_TIMEOUT
36573.5,14,45.708519278603454,0,PNB,@phonepe,WRONG_DEBIT
39804.33,12,15.683755321094822,0,AXIS,@gpay,WRONG_DEBIT
5443.88,9,99.33878358595967,0,KOTAK,@gpay,TRANSACTION_TIMEOUT
4276.87,10,10.729855896462672,0,BOB,@paytm,TECHNICAL_DECLINE
5068.78,14,1.172257370837598,0,BOB,@gpay,WRONG_DEBIT
9184.71,13,78.75236737240476,0,PNB,@gpay,TRANSACTION_TIMEOUT
16318.26,13,16.587777415783616,0,SBI,@phonepe,BENEFICIARY_NOT_CREDITED
18655.0,20,11.917805699472751,0,AXIS,@upi,WRONG_DEBIT
72735.84,12,72.6815671061429,0,HDFC,@upi,BENEFICIARY_NOT_CREDITED
154.21,15,5.6115879532276445,0,KOTAK,@gpay,WRONG_DEBIT
3431.92,0,0.09675082823012149,0,SBI,@paytm,TECHNICAL_DECLINE
13911.22,15,58.765902420877836,0,AXIS,@paytm,TRANSACTION_TIMEOUT
5249.76,11,63.43120763857949,0,ICICI,@ybl,WRONG_DEBIT
6451.6,18,3.4284736040374524,1,KOTAK,@okaxis,DUPLICATE_TRANSACTION
30554.93,5,31.687158296149335,0,PNB,@gpay,WRONG_DEBIT
9206.95,17,16.477588077017757,1,BOB,@gpay,DUPLICATE_TRANSACTION
44839.99,4,54.17608655145258,0,KOTAK,@upi,WRONG_DEBIT
7095.56,13,95.80455756368974,0,ICICI,@gpay,TRANSACTION_TIMEOUT
64639.75,12,93.41723750804992,0,KOTAK,@upi,BENEFICIARY_NOT_CREDITED
1496.11,22,0.32189287375439024,0,BOB,@upi,TECHNICAL_DECLINE
20941.85,18,86.090268541157,0,PNB,@ybl,BENEFICIARY_NOT_CREDITED
64793.89,12,83.64624923052557,0,HDFC,@gpay,BENEFICIARY_NOT_CREDITED
12797.84,2,128.2995481423,0,HDFC,@phonepe,TRANSACTION_TIMEOUT
13632.3,18,71.2842102201572,0,KOTAK,@upi,BENEFICIARY_NOT_CREDITED
7650.99,20,1.7518041759770018,1,KOTAK,@paytm,DUPLICATE_TRANSACTION
13183.05,1,66.42570880318998,0,BOB,@ybl,WRONG_DEBIT
1503.79,22,6.012587586084901,0,AXIS,@ybl,TECHNICAL_DECLINE
1740.31,17,129.72361443667972,0,ICICI,@phonepe,TRANSACTION_TIMEOUT
15564.35,16,66.30658983163698,0,BOB,@gpay,WRONG_DEBIT
1701.08,18,7.61153096823908,0,BOB,@upi,TECHNICAL_DECLINE
15577.46,13,52.55700317507099,0,BOB,@gpay,WRONG_DEBIT
12299.54,13,8.351033871194513,0,KOTAK,@okaxis,WRONG_DEBIT
15533.57,23,47.379769960994935,0,ICICI,@paytm,WRONG_DEBIT
35424.24,22,0.8172434255178915,0,AXIS,@phonepe,WRONG_DEBIT
2634.39,23,3.11096353831556,0,SBI,@gpay,TECHNICAL_DECLINE
73427.12,10,129.82885851176732,0,HDFC,@phonepe,BENEFICIARY_NOT_CREDITED
5512.41,2,87.9683469256247,0,KOTAK,@upi,TRANSACTION_TIMEOUT
24857.76,16,25.928920477566237,0,AXIS,@okaxis,WRONG_DEBIT
3740.11,12,18.55989487819163,1,KOTAK,@upi,DUPLICATE_TRANSACTION
11497.38,16,0.18493243434077744,0,BOB,@paytm,WRONG_DEBIT
555.22,13,9.191507384817578,1,ICICI,@gpay,DUPLICATE_TRANSACTION
27687.95,22,53.32793962367354,0,AXIS,@gpay,WRONG_DEBIT
25202.19,14,46.30007898763938,0,HDFC,@okaxis,BENEFICIARY_NOT_CREDITED
12380.39,9,30.950506495475047,0,BOB,@okaxis,BENEFICIARY_NOT_CREDITED
47708.56,2,63.14336914931819,0,BOB,@phonepe,WRONG_DEBIT
33066.44,17,77.2766113827441,0,SBI,@gpay,BENEFICIARY_NOT_CREDITED
56598.77,13,124.50918978448081,0,ICICI,@ybl,BENEFICIARY_NOT_CREDITED
59373.25,16,167.63044841607223,0,BOB,@gpay,BENEFICIARY_NOT_CREDITED
3826.36,7,1.8067965215186366,0,AXIS,@paytm,TECHNICAL_DECLINE
5461.3,18,20.14977616550817,1,HDFC,@phonepe,DUPLICATE_TRANSACTION
37970.56,12,61.12843112008237,0,PNB,@phonepe,WRONG_DEBIT
10339.2,7,30.226740624204858,0,HDFC,@gpay,WRONG_DEBIT
9756.15,12,150.8470078125537,0,KOTAK,@ybl,BENEFICIARY_NOT_CREDITED
46116.57,10,97.98869477183639,0,KOTAK,@gpay,BENEFICIARY_NOT_CREDITED
1589.13,18,57.46699525503364,0,PNB,@gpay,TRANSACTION_TIMEOUT
2987.59,21,7.560213969834199,1,BOB,@ybl,DUPLICATE_TRANSACTION
32146.74,13,40.01307484859824,0,ICICI,@gpay,BENEFICIARY_NOT_CREDITED
633.97,3,1.9724997683972183,0,AXIS,@phonepe,TECHNICAL_DECLINE
2502.66,11,194.62447778203477,0,ICICI,@ybl,TRANSACTION_TIMEOUT
46602.99,10,16.100288304103657,0,BOB,@upi,BENEFICIARY_NOT_CREDITED
82725.48,18,7.735077954146784,0,BOB,@phonepe,BENEFICIARY_NOT_CREDITED
1003.01,11,23.241600100232855,1,AXIS,@okaxis,DUPLICATE_TRANSACTION
33891.45,8,59.046452338462444,0,ICICI,@paytm,WRONG_DEBIT
17106.57,17,161.70792397572382,0,ICICI,@paytm,TRANSACTION_TIMEOUT
2127.96,4,66.46089483661541,0,HDFC,@gpay,TRANSACTION_TIMEOUT
2061.52,14,8.933753851583944,1,PNB,@upi,DUPLICATE_TRANSACTION
29157.96,8,66.05485786883376,0,HDFC,@paytm,WRONG_DEBIT
9967.74,20,31.927055316191193,0,ICICI,@paytm,WRONG_DEBIT
12691.5,16,9.456496052847768,0,KOTAK,@ybl,BENEFICIARY_NOT_CREDITED
9972.92,12,151.84836334625578,0,ICICI,@phonepe,TRANSACTION_TIMEOUT
9092.21,12,6.7165093027373715,1,ICICI,@paytm,DUPLICATE_TRANSACTION
3133.97,7,7.767340805688962,0,AXIS,@ybl,TECHNICAL_DECLINE
2447.25,2,3.3573118492676564,0,ICICI,@ybl,TECHNICAL_DECLINE
6462.26,20,12.619537398066713,1,PNB,@okaxis,DUPLICATE_TRANSACTION
49471.24,22,25.85607190830468,0,KOTAK,@ybl,WRONG_DEBIT
91311.36,17,54.7079379175579,0,SBI,@gpay,BENEFICIARY_NOT_CREDITED
16011.99,7,2.1098491586376973,0,BOB,@phonepe,WRONG_DEBIT
40451.83,15,38.119125021511074,0,BOB,@okaxis,WRONG_DEBIT
9742.4,9,5.948569296037749,1,ICICI,@phonepe,DUPLICATE_TRANSACTION
4099.8,23,0.670903870229397,0,ICICI,@okaxis,TECHNICAL_DECLINE
7160.61,5,74.76725587215849,0,KOTAK,@phonepe,TRANSACTION_TIMEOUT
91441.01,9,118.47663144762555,0,SBI,@okaxis,BENEFICIARY_NOT_CREDITED
796.3,6,10.04036208880003,0,BOB,@ybl,TECHNICAL_DECLINE
1614.36,15,0.4555648944011965,0,HDFC,@gpay,TECHNICAL_DECLINE
1172.16,16,5.735867857994153,0,SBI,@okaxis,TECHNICAL_DECLINE
8083.81,13,17.20650318457959,1,BOB,@phonepe,DUPLICATE_TRANSACTION
1193.45,18,50.738136604727345,0,ICICI,@paytm,WRONG_DEBIT
4317.28,2,4.483089361000479,0,PNB,@ybl,TECHNICAL_DECLINE
595.06,9,3.8712384524749215,0,ICICI,@upi,TECHNICAL_DECLINE
15857.67,15,146.67540037801172,0,ICICI,@upi,TRANSACTION_TIMEOUT
3498.45,19,9.443901511146922,0,ICICI,@upi,TECHNICAL_DECLINE
4090.83,12,3.6818787515754963,0,PNB,@phonepe,TECHNICAL_DECLINE
1859.31,8,22.770914501310905,1,KOTAK,@ybl,DUPLICATE_TRANSACTION
258.68,19,3.8186029423211405,0,BOB,@okaxis,TECHNICAL_DECLINE
6432.5,9,22.4805070453021,1,ICICI,@phonepe,DUPLICATE_TRANSACTION
11976.0,10,12.087894006114059,0,HDFC,@upi,WRONG_DEBIT
44939.68,13,36.01727549488337,0,PNB,@paytm,BENEFICIARY_NOT_CREDITED
26037.47,10,121.3090691954937,0,HDFC,@ybl,BENEFICIARY_NOT_CREDITED
14678.43,5,182.45190363325858,0,AXIS,@ybl,TRANSACTION_TIMEOUT
54829.38,10,139.410765253564,0,BOB,@okaxis,BENEFICIARY_NOT_CREDITED
1710.3,9,19.180669578152145,1,HDFC,@phonepe,DUPLICATE_TRANSACTION
16003.97,3,5.342428927199471,0,ICICI,@ybl,WRONG_DEBIT
7346.65,16,22.604019444845466,1,HDFC,@phonepe,DUPLICATE_TRANSACTION
4927.85,15,8.454055759101497,0,AXIS,@upi,TECHNICAL_DECLINE
6112.44,14,3.7704906559388176,1,HDFC,@phonepe,DUPLICATE_TRANSACTION
9746.54,14,16.73272089137657,1,PNB,@upi,DUPLICATE_TRANSACTION
1399.8,9,3.568807772178794,0,HDFC,@paytm,TECHNICAL_DECLINE
11478.22,15,71.3456700465436,0,SBI,@paytm,TRANSACTION_TIMEOUT
1843.8,21,143.0138249638137,0,AXIS,@gpay,TRANSACTION_TIMEOUT
1384.21,5,45.949727453369086,0,HDFC,@ybl,WRONG_DEBIT
15486.83,12,33.908000612370444,0,PNB,@phonepe,WRONG_DEBIT
32129.13,12,13.311447879027401,0,AXIS,@phonepe,WRONG_DEBIT
4513.18,12,10.553770148466459,1,SBI,@gpay,DUPLICATE_TRANSACTION
56642.54,11,126.62326873325294,0,PNB,@paytm,BENEFICIARY_NOT_CREDITED
33440.24,17,29.807039006730896,0,BOB,@okaxis,WRONG_DEBIT
5580.66,21,9.290546325160005,1,KOTAK,@ybl,DUPLICATE_TRANSACTION
3466.63,15,6.872571487574625,0,ICICI,@ybl,TECHNICAL_DECLINE
8356.03,9,84.850945542706,0,KOTAK,@okaxis,BENEFICIARY_NOT_CREDITED
822.49,14,2.0745476736779334,0,ICICI,@gpay,TECHNICAL_DECLINE
1349.24,14,1.880844531347738,1,PNB,@ybl,DUPLICATE_TRANSACTION
9972.97,18,3.5490780176117624,1,KOTAK,@phonepe,DUPLICATE_TRANSACTION
91125.05,10,15.533582626376733,0,KOTAK,@ybl,BENEFICIARY_NOT_CREDITED
1698.02,8,6.236258130504831,0,BOB,@paytm,TECHNICAL_DECLINE
2979.12,13,1.3502261115112058,0,ICICI,@gpay,TECHNICAL_DECLINE
2980.88,3,11.099138001111282,0,KOTAK,@paytm,TECHNICAL_DECLINE
86813.79,14,147.60822497024114,0,SBI,@ybl,BENEFICIARY_NOT_CREDITED
11483.26,15,53.69478191565244,0,SBI,@ybl,TRANSACTION_TIMEOUT
6220.62,18,16.647870076010207,1,HDFC,@ybl,DUPLICATE_TRANSACTION
69206.12,9,125.54021991313573,0,SBI,@phonepe,BENEFICIARY_NOT_CREDITED
16959.52,9,22.388349445052135,0,BOB,@ybl,WRONG_DEBIT
48627.58,7,9.675757509727713,0,PNB,@ybl,WRONG_DEBIT
27307.29,15,102.03151512002687,0,HDFC,@gpay,BENEFICIARY_NOT_CREDITED
4306.67,13,160.62360943584122,0,BOB,@okaxis,TRANSACTION_TIMEOUT
82191.23,17,133.1788954775661,0,HDFC,@phonepe,BENEFICIARY_NOT_CREDITED
2076.59,16,10.551991096318272,0,HDFC,@gpay,TECHNICAL_DECLINE
8764.29,11,20.08744026260868,1,ICICI,@paytm,DUPLICATE_TRANSACTION
1106.13,11,155.10435967344557,0,SBI,@phonepe,TRANSACTION_TIMEOUT
10152.01,20,188.30718239269163,0,PNB,@paytm,TRANSACTION_TIMEOUT
3787.42,17,10.706482382580699,1,BOB,@ybl,DUPLICATE_TRANSACTION
2801.54,11,1.9621633742142102,0,SBI,@upi,TECHNICAL_DECLINE
14324.96,12,3.574875084529312,0,BOB,@okaxis,WRONG_DEBIT
8585.4,18,5.4026889820746025,1,ICICI,@phonepe,DUPLICATE_TRANSACTION
10314.3,21,49.352493882646954,0,ICICI,@upi,TRANSACTION_TIMEOUT
6051.31,8,5.370480761359411,1,KOTAK,@phonepe,DUPLICATE_TRANSACTION
42668.78,15,143.21489090647128,0,AXIS,@phonepe,BENEFICIARY_NOT_CREDITED
4720.31,18,12.49530955987766,1,KOTAK,@ybl,DUPLICATE_TRANSACTION
601.33,16,11.993152558418105,0,BOB,@phonepe,TECHNICAL_DECLINE
3271.98,19,3.392122533781164,0,PNB,@paytm,TECHNICAL_DECLINE
1370.36,8,145.37040133342768,0,BOB,@phonepe,TRANSACTION_TIMEOUT
65783.9,13,32.456133567081324,0,KOTAK,@gpay,BENEFICIARY_NOT_CREDITED
40290.95,19,29.095086690471938,0,SBI,@upi,WRONG_DEBIT
7240.7,18,11.936947881722885,1,SBI,@phonepe,DUPLICATE_TRANSACTION
8151.52,23,53.36848873361649,0,PNB,@okaxis,TRANSACTION_TIMEOUT
3497.35,19,5.336716655430454,1,KOTAK,@upi,DUPLICATE_TRANSACTION
18139.88,21,102.4915640138973,0,SBI,@gpay,TRANSACTION_TIMEOUT
987.57,3,5.649370473141444,0,PNB,@phonepe,TECHNICAL_DECLINE
3838.3,5,11.363080562327417,0,SBI,@upi,TECHNICAL_DECLINE
11190.45,7,53.58311491268218,0,SBI,@ybl,WRONG_DEBIT
37482.4,18,50.10653731560724,0,BOB,@paytm,BENEFICIARY_NOT_CREDITED
1168.17,20,136.70334220087224,0,KOTAK,@paytm,TRANSACTION_TIMEOUT
17799.58,16,66.21202245250089,0,PNB,@ybl,TRANSACTION_TIMEOUT
1561.94,1,10.450189756236055,0,ICICI,@gpay,TECHNICAL_DECLINE
3492.43,17,21.428282959453032,1,AXIS,@gpay,DUPLICATE_TRANSACTION
86308.2,11,131.08317663144703,0,AXIS,@phonepe,BENEFICIARY_NOT_CREDITED
3202.8,8,0.11312403417585237,1,SBI,@gpay,DUPLICATE_TRANSACTION
5805.16,10,11.749850175120393,1,BOB,@paytm,DUPLICATE_TRANSACTION
6183.35,18,10.305833352218892,1,AXIS,@ybl,DUPLICATE_TRANSACTION
192.92,17,78.31096618667378,0,SBI,@paytm,TRANSACTION_TIMEOUT
75806.35,17,32.82631056004756,0,PNB,@paytm,BENEFICIARY_NOT_CREDITED
2340.03,22,8.264394577519703,1,ICICI,@paytm,DUPLICATE_TRANSACTION
10116.4,9,73.38706846478303,0,BOB,@paytm,TRANSACTION_TIMEOUT
94872.11,16,122.54792921161774,0,KOTAK,@okaxis,BENEFICIARY_NOT_CREDITED
43649.69,11,58.236384156012505,0,AXIS,@phonepe,BENEFICIARY_NOT_CREDITED
1732.35,22,22.0369298121944,1,AXIS,@paytm,DUPLICATE_TRANSACTION
2320.78,10,5.068565499915472,1,HDFC,@okaxis,DUPLICATE_TRANSACTION
928.03,11,8.533321081150207,0,BOB,@paytm,TECHNICAL_DECLINE
17543.23,8,165.2299488282165,0,KOTAK,@paytm,TRANSACTION_TIMEOUT
4973.93,21,1.2973614025325428,0,BOB,@paytm,TECHNICAL_DECLINE
34518.51,13,31.99062880410456,0,HDFC,@okaxis,WRONG_DEBIT
47702.44,11,35.31765091491541,0,PNB,@upi,BENEFICIARY_NOT_CREDITED
15125.71,21,7.270548997065226,0,KOTAK,@phonepe,WRONG_DEBIT
3067.61,4,5.025909021257107,0,HDFC,@okaxis,TECHNICAL_DECLINE
676.9,3,9.417120794021818,0,AXIS,@gpay,TECHNICAL_DECLINE
1078.77,8,9.977985846085497,0,ICICI,@phonepe,TECHNICAL_DECLINE
5977.49,1,131.31709208671685,0,ICICI,@upi,TRANSACTION_TIMEOUT
6679.01,0,49.93790899282869,0,HDFC,@paytm,TRANSACTION_TIMEOUT
3378.21,4,11.393352188773394,0,BOB,@okaxis,TECHNICAL_DECLINE
36205.82,3,65.1441156448739,0,PNB,@gpay,WRONG_DEBIT
19774.45,9,88.1470034611982,0,HDFC,@paytm,TRANSACTION_TIMEOUT
8753.99,21,6.973612253704307,1,BOB,@upi,DUPLICATE_TRANSACTION
42886.52,10,16.864744545206907,0,BOB,@paytm,BENEFICIARY_NOT_CREDITED
42614.74,21,46.59830108491245,0,SBI,@phonepe,WRONG_DEBIT
19106.27,8,181.528281684416,0,HDFC,@phonepe,TRANSACTION_TIMEOUT
18695.51,15,67.84178773839591,0,AXIS,@phonepe,BENEFICIARY_NOT_CREDITED
13829.06,15,169.58466273624043,0,PNB,@gpay,TRANSACTION_TIMEOUT
6712.33,23,4.222540487892771,0,BOB,@gpay,WRONG_DEBIT
20859.78,18,34.752589238904896,0,KOTAK,@upi,WRONG_DEBIT
3707.09,12,166.43297277768727,0,KOTAK,@paytm,TRANSACTION_TIMEOUT
4882.49,15,2.710499504970418,1,AXIS,@ybl,DUPLICATE_TRANSACTION
3260.47,20,22.625132030918707,0,PNB,@upi,WRONG_DEBIT
3860.89,18,8.685282519311805,0,ICICI,@upi,TECHNICAL_DECLINE
52150.42,18,16.905437121433017,0,PNB,@upi,BENEFICIARY_NOT_CREDITED
4871.1,18,16.23109364057859,1,AXIS,@gpay,DUPLICATE_TRANSACTION
4471.1,19,0.6547933827321102,0,PNB,@gpay,TECHNICAL_DECLINE
4259.34,15,10.432987615353216,0,HDFC,@ybl,TECHNICAL_DECLINE
24468.74,13,9.408569325932838,0,ICICI,@okaxis,BENEFICIARY_NOT_CREDITED
8125.21,7,59.98225055472834,0,AXIS,@okaxis,TRANSACTION_TIMEOUT
1851.6,15,115.9543542268973,0,HDFC,@ybl,TRANSACTION_TIMEOUT
5221.9,13,2.5798991330968777,0,KOTAK,@paytm,WRONG_DEBIT
39609.99,19,45.90274481423983,0,KOTAK,@okaxis,WRONG_DEBIT
6580.5,15,22.80852311984078,1,SBI,@paytm,DUPLICATE_TRANSACTION
8458.74,13,13.443620282545636,1,KOTAK,@okaxis,DUPLICATE_TRANSACTION
14361.5,11,156.8188520430396,0,HDFC,@paytm,TRANSACTION_TIMEOUT
121.75,13,19.91721325522563,1,BOB,@phonepe,DUPLICATE_TRANSACTION
2657.73,22,1.2758667509953465,0,ICICI,@ybl,TECHNICAL_DECLINE
8236.2,19,17.317418290831583,1,HDFC,@phonepe,DUPLICATE_TRANSACTION
1060.02,3,11.162595109837744,0,AXIS,@gpay,TECHNICAL_DECLINE
16508.63,6,156.95176299934013,0,HDFC,@ybl,TRANSACTION_TIMEOUT
46338.66,21,42.394399768648896,0,BOB,@ybl,WRONG_DEBIT
13203.29,16,68.46467419345618,0,AXIS,@paytm,TRANSACTION_TIMEOUT
3707.45,17,11.223699369979832,0,BOB,@okaxis,TECHNICAL_DECLINE
18494.98,5,153.15629231885273,0,ICICI,@upi,TRANSACTION_TIMEOUT
1125.18,18,14.41310452332987,1,SBI,@okaxis,DUPLICATE_TRANSACTION
8431.43,19,187.21835673795908,0,BOB,@gpay,TRANSACTION_TIMEOUT
40088.06,14,163.0721055353208,0,AXIS,@gpay,BENEFICIARY_NOT_CREDITED
4186.18,19,21.274484529809985,1,KOTAK,@phonepe,DUPLICATE_TRANSACTION
4317.47,22,8.841823780731445,0,KOTAK,@upi,TECHNICAL_DECLINE
2088.8,17,17.145228855117466,1,PNB,@phonepe,DUPLICATE_TRANSACTION
9815.22,18,23.404307834802825,1,ICICI,@okaxis,DUPLICATE_TRANSACTION
3502.13,10,8.524232725686304,0,BOB,@phonepe,TECHNICAL_DECLINE
2453.81,18,11.312083810611716,0,PNB,@ybl,TECHNICAL_DECLINE
1501.05,13,9.69965735192035,0,KOTAK,@paytm,TECHNICAL_DECLINE
19105.43,1,48.25830087121981,0,ICICI,@phonepe,WRONG_DEBIT
9836.97,18,6.013464178996392,1,BOB,@paytm,DUPLICATE_TRANSACTION
20798.09,17,6.395166001468635,0,BOB,@ybl,BENEFICIARY_NOT_CREDITED
30843.83,21,53.2434585724452,0,BOB,@gpay,WRONG_DEBIT
2005.54,16,9.411686074450639,0,BOB,@upi,TECHNICAL_DECLINE
69447.14,9,155.72296346518618,0,AXIS,@ybl,BENEFICIARY_NOT_CREDITED
96600.4,9,3.165194691664597,0,SBI,@gpay,BENEFICIARY_NOT_CREDITED
4357.36,14,9.959801783461733,0,PNB,@upi,TECHNICAL_DECLINE
75633.22,17,124.32115542714017,0,ICICI,@upi,BENEFICIARY_NOT_CREDITED
3012.36,10,23.60287976550916,1,HDFC,@gpay,DUPLICATE_TRANSACTION
7377.29,9,9.052757449263495,1,AXIS,@phonepe,DUPLICATE_TRANSACTION
1394.77,5,7.007832692207174,0,SBI,@paytm,TECHNICAL_DECLINE
46899.97,11,7.670078416678786,0,SBI,@okaxis,BENEFICIARY_NOT_CREDITED
38705.68,20,44.32382467915176,0,PNB,@phonepe,WRONG_DEBIT
15819.17,17,102.42900940088839,0,BOB,@upi,TRANSACTION_TIMEOUT
52776.81,11,87.94124998439453,0,BOB,@okaxis,BENEFICIARY_NOT_CREDITED
4217.72,16,9.682009594192305,1,SBI,@gpay,DUPLICATE_TRANSACTION
6667.01,13,8.659147791905585,1,ICICI,@okaxis,DUPLICATE_TRANSACTION
2426.8,17,9.884260811102427,0,PNB,@paytm,TECHNICAL_DECLINE
33480.03,14,17.305047103194475,0,PNB,@okaxis,WRONG_DEBIT
1294.75,1,8.190616329222335,0,SBI,@ybl,TECHNICAL_DECLINE
19355.21,17,52.126243802634534,0,HDFC,@okaxis,WRONG_DEBIT
51673.75,17,75.40800189447691,0,HDFC,@phonepe,BENEFICIARY_NOT_CREDITED
3271.1,9,22.757083671562032,1,ICICI,@okaxis,DUPLICATE_TRANSACTION
135.92,2,2.5293776992263,0,PNB,@gpay,TECHNICAL_DECLINE
16729.74,6,129.7386405316725,0,PNB,@upi,TRANSACTION_TIMEOUT
12966.57,2,161.52740550248785,0,ICICI,@paytm,TRANSACTION_TIMEOUT
14365.68,1,61.303176485998186,0,HDFC,@gpay,TRANSACTION_TIMEOUT
56029.38,18,138.21042621148243,0,SBI,@ybl,BENEFICIARY_NOT_CREDITED
9077.4,12,113.81980526516918,0,HDFC,@ybl,TRANSACTION_TIMEOUT
26788.24,20,51.86056903392936,0,HDFC,@upi,WRONG_DEBIT
323.03,2,4.292401664976574,0,KOTAK,@paytm,TECHNICAL_DECLINE
78795.74,13,102.2964954782007,0,SBI,@ybl,BENEFICIARY_NOT_CREDITED
7962.75,21,52.68451100622211,0,ICICI,@okaxis,TRANSACTION_TIMEOUT
1450.18,14,19.12249048903309,1,BOB,@okaxis,DUPLICATE_TRANSACTION
96033.36,11,50.77543603708796,0,BOB,@upi,BENEFICIARY_NOT_CREDITED
95760.47,9,93.43853935663458,0,KOTAK,@gpay,BENEFICIARY_NOT_CREDITED
2184.48,18,42.95915189663978,0,KOTAK,@okaxis,WRONG_DEBIT
15304.09,23,53.3829947788666,0,PNB,@phonepe,WRONG_DEBIT
4185.28,18,20.43501243219722,1,ICICI,@gpay,DUPLICATE_TRANSACTION
2285.8,21,6.065802668510593,1,HDFC,@gpay,DUPLICATE_TRANSACTION
4276.03,17,5.535182444275127,0,KOTAK,@paytm,TECHNICAL_DECLINE
67332.68,13,17.399801030522116,0,PNB,@okaxis,BENEFICIARY_NOT_CREDITED
19035.64,11,67.48870228258464,0,PNB,@gpay,TRANSACTION_TIMEOUT
14328.34,2,64.80853854069036,0,SBI,@ybl,WRONG_DEBIT
6634.09,21,94.46267438982156,0,KOTAK,@gpay,TRANSACTION_TIMEOUT
2877.62,10,11.503907063154045,0,ICICI,@paytm,TECHNICAL_DECLINE
24994.43,12,119.93725424669167,0,PNB,@ybl,BENEFICIARY_NOT_CREDITED
84090.95,11,114.48989003454489,0,SBI,@ybl,BENEFICIARY_NOT_CREDITED
8962.62,9,122.01965013037709,0,HDFC,@gpay,TRANSACTION_TIMEOUT
501.67,8,10.304563864449591,0,ICICI,@okaxis,TECHNICAL_DECLINE
2706.02,22,15.03885324176473,1,PNB,@paytm,DUPLICATE_TRANSACTION
42494.4,20,2.2459846325982546,0,KOTAK,@okaxis,WRONG_DEBIT
15407.09,6,185.75814376452385,0,KOTAK,@phonepe,TRANSACTION_TIMEOUT
4480.53,17,5.665247409395111,0,BOB,@gpay,TECHNICAL_DECLINE
39553.59,18,123.44888014455447,0,SBI,@gpay,BENEFICIARY_NOT_CREDITED
10072.35,2,108.31134396275553,0,KOTAK,@paytm,TRANSACTION_TIMEOUT
8495.02,20,23.564476778632873,1,PNB,@gpay,DUPLICATE_TRANSACTION
787.82,5,2.1497422069034493,0,KOTAK,@upi,TECHNICAL_DECLINE
7385.61,15,22.540206198476948,1,HDFC,@gpay,DUPLICATE_TRANSACTION
4711.82,8,104.15414818801611,0,HDFC,@upi,TRANSACTION_TIMEOUT
5227.06,20,8.67003274943109,1,AXIS,@ybl,DUPLICATE_TRANSACTION
2091.24,20,23.333119924606386,0,PNB,@okaxis,WRONG_DEBIT
83569.79,13,97.6314496316497,0,KOTAK,@gpay,BENEFICIARY_NOT_CREDITED
13108.14,11,137.32718136390412,0,BOB,@paytm,TRANSACTION_TIMEOUT
1332.77,7,6.196461386010844,0,SBI,@phonepe,TECHNICAL_DECLINE
15873.88,19,49.00284835904255,0,ICICI,@ybl,TRANSACTION_TIMEOUT
2376.91,16,15.443448057319433,1,ICICI,@gpay,DUPLICATE_TRANSACTION
1657.84,17,17.21526500289829,1,HDFC,@upi,DUPLICATE_TRANSACTION
4204.68,13,17.286135812998776,1,AXIS,@upi,DUPLICATE_TRANSACTION
9632.52,18,72.50943149911912,0,BOB,@ybl,TRANSACTION_TIMEOUT
12259.15,4,41.29102881736331,0,ICICI,@gpay,WRONG_DEBIT
292.04,18,1.7623812010209563,0,ICICI,@phonepe,TECHNICAL_DECLINE
5214.74,14,14.384580547078313,1,KOTAK,@upi,DUPLICATE_TRANSACTION
43937.6,23,47.64564450929939,0,SBI,@paytm,WRONG_DEBIT
4547.11,15,20.815257575810264,1,ICICI,@gpay,DUPLICATE_TRANSACTION
12056.69,18,172.70888337983558,0,ICICI,@okaxis,TRANSACTION_TIMEOUT
1396.15,23,8.227093965650015,0,AXIS,@okaxis,TECHNICAL_DECLINE
437.33,12,4.625542592902171,0,HDFC,@paytm,TECHNICAL_DECLINE
5274.84,22,12.104628625697103,1,AXIS,@gpay,DUPLICATE_TRANSACTION
571.86,15,10.819298620350494,0,KOTAK,@paytm,TECHNICAL_DECLINE
2566.31,3,1.1182795896149513,0,PNB,@gpay,TECHNICAL_DECLINE
2742.5,0,10.76362743417038,0,BOB,@upi,TECHNICAL_DECLINE
10488.68,11,180.97329371126455,0,PNB,@okaxis,TRANSACTION_TIMEOUT
4666.78,15,168.0124489429451,0,AXIS,@phonepe,TRANSACTION_TIMEOUT
4042.64,22,6.913449802790603,0,AXIS,@gpay,TECHNICAL_DECLINE
47975.55,12,152.984254564806,0,HDFC,@phonepe,BENEFICIARY_NOT_CREDITED
4396.15,13,3.09365971586296,0,HDFC,@upi,TECHNICAL_DECLINE
28941.56,3,37.42285287766137,0,AXIS,@upi,WRONG_DEBIT
6908.89,13,9.812281852174364,1,HDFC,@gpay,DUPLICATE_TRANSACTION
13066.36,8,87.71804000404845,0,KOTAK,@ybl,TRANSACTION_TIMEOUT
1891.66,8,11.901584090048583,0,AXIS,@gpay,TECHNICAL_DECLINE
11086.89,17,121.33509906504585,0,SBI,@okaxis,TRANSACTION_TIMEOUT
2470.42,9,6.931813837083247,0,BOB,@upi,TECHNICAL_DECLINE
14742.07,21,66.10103620341239,0,ICICI,@ybl,TRANSACTION_TIMEOUT
1092.76,16,9.613461754217347,1,SBI,@okaxis,DUPLICATE_TRANSACTION
3515.58,22,0.6246335650150185,0,AXIS,@upi,TECHNICAL_DECLINE
40238.03,4,33.96014352636075,0,KOTAK,@ybl,WRONG_DEBIT
3297.61,7,26.700129075071665,0,KOTAK,@paytm,WRONG_DEBIT
18620.63,12,141.3227697889405,0,KOTAK,@phonepe,TRANSACTION_TIMEOUT
381.57,5,7.683495774361644,0,AXIS,@paytm,TECHNICAL_DECLINE
8520.62,22,19.293837818769205,1,SBI,@gpay,DUPLICATE_TRANSACTION
39219.58,16,37.13858147180364,0,ICICI,@okaxis,WRONG_DEBIT
6772.84,13,5.742159006897054,1,HDFC,@gpay,DUPLICATE_TRANSACTION
49841.18,12,25.425191761670018,0,AXIS,@ybl,WRONG_DEBIT
1081.52,0,8.84310648175674,0,HDFC,@paytm,TECHNICAL_DECLINE
1494.02,17,10.980107687377847,0,SBI,@phonepe,TECHNICAL_DECLINE
23016.4,12,76.94475444601632,0,AXIS,@okaxis,BENEFICIARY_NOT_CREDITED
13129.26,13,36.449142930399454,0,KOTAK,@paytm,WRONG_DEBIT
1541.83,3,9.635306910868287,0,SBI,@okaxis,TECHNICAL_DECLINE
1325.69,14,11.592665467597271,0,KOTAK,@ybl,TECHNICAL_DECLINE
7598.99,20,11.012362304018975,1,AXIS,@okaxis,DUPLICATE_TRANSACTION
24150.31,8,4.863906767610258,0,PNB,@gpay,WRONG_DEBIT
8021.6,14,22.930696490960646,1,KOTAK,@okaxis,DUPLICATE_TRANSACTION
35070.85,8,17.87454787406958,0,HDFC,@ybl,WRONG_DEBIT
8064.87,11,80.58476083291137,0,SBI,@gpay,BENEFICIARY_NOT_CREDITED
1418.47,23,8.197287702285223,0,ICICI,@ybl,TECHNICAL_DECLINE
2425.13,11,20.945819961799153,1,ICICI,@gpay,DUPLICATE_TRANSACTION
8365.91,21,14.846325580363398,1,ICICI,@paytm,DUPLICATE_TRANSACTION
46017.39,21,68.81613725249866,0,AXIS,@okaxis,WRONG_DEBIT
38235.79,17,68.97550251366901,0,BOB,@ybl,WRONG_DEBIT
62256.41,16,150.9862404656063,0,KOTAK,@phonepe,BENEFICIARY_NOT_CREDITED
3739.15,16,90.60052672384444,0,ICICI,@okaxis,TRANSACTION_TIMEOUT
636.07,20,10.156220819649707,1,KOTAK,@paytm,DUPLICATE_TRANSACTION
1801.72,21,9.31084756625894,0,AXIS,@paytm,TECHNICAL_DECLINE
2354.35,22,0.10102325783550503,0,PNB,@gpay,TECHNICAL_DECLINE
11662.06,10,102.96355352656744,0,BOB,@phonepe,TRANSACTION_TIMEOUT
5530.78,11,6.465797508599523,1,KOTAK,@phonepe,DUPLICATE_TRANSACTION
18799.41,15,36.15892451247961,0,PNB,@phonepe,BENEFICIARY_NOT_CREDITED
85505.45,13,76.27174157680199,0,KOTAK,@gpay,BENEFICIARY_NOT_CREDITED
3461.46,3,8.649785512979248,0,BOB,@gpay,TECHNICAL_DECLINE
2217.87,12,2.352758569643831,0,BOB,@upi,TECHNICAL_DECLINE
4782.57,8,4.238574639830708,1,AXIS,@gpay,DUPLICATE_TRANSACTION
2716.51,10,9.42399524032654,0,SBI,@phonepe,TECHNICAL_DECLINE
4306.66,1,4.780822822359931,0,PNB,@gpay,TECHNICAL_DECLINE
10851.82,8,34.31083855335387,0,PNB,@paytm,WRONG_DEBIT
14917.41,8,102.86622720037848,0,KOTAK,@okaxis,TRANSACTION_TIMEOUT
34741.96,15,21.246660699189526,0,BOB,@upi,BENEFICIARY_NOT_CREDITED
1074.89,18,7.798385797363306,0,KOTAK,@gpay,TECHNICAL_DECLINE
35833.35,17,82.4114552988284,0,PNB,@ybl,BENEFICIARY_NOT_CREDITED
19115.44,9,33.390149813020805,0,ICICI,@gpay,WRONG_DEBIT
42470.74,18,96.46347483692351,0,BOB,@paytm,BENEFICIARY_NOT_CREDITED
8183.77,7,22.570708564037325,0,PNB,@phonepe,WRONG_DEBIT
60735.8,15,46.298432925675286,0,AXIS,@phonepe,BENEFICIARY_NOT_CREDITED
2652.58,14,4.967868730484078,0,ICICI,@paytm,TECHNICAL_DECLINE
7304.95,18,6.03952824004364,1,PNB,@upi,DUPLICATE_TRANSACTION
10607.52,12,7.416670612095797,0,HDFC,@ybl,WRONG_DEBIT
363.74,12,6.28779349610177,0,HDFC,@paytm,TECHNICAL_DECLINE
62001.17,10,110.35705681573941,0,AXIS,@phonepe,BENEFICIARY_NOT_CREDITED
2549.23,12,10.635850243535163,1,ICICI,@gpay,DUPLICATE_TRANSACTION
4208.74,0,0.42185977073452996,0,SBI,@phonepe,TECHNICAL_DECLINE
9397.15,17,190.0983508930131,0,KOTAK,@ybl,TRANSACTION_TIMEOUT
9698.47,19,12.94290164298474,1,KOTAK,@okaxis,DUPLICATE_TRANSACTION
12657.85,20,181.3486439416233,0,AXIS,@okaxis,TRANSACTION_TIMEOUT
1617.34,11,5.779820192426572,0,ICICI,@paytm,TECHNICAL_DECLINE
6226.58,13,87.4906706785341,0,SBI,@paytm,TRANSACTION_TIMEOUT
26213.48,4,24.759714041999587,0,AXIS,@okaxis,WRONG_DEBIT
34419.72,15,68.18094085450495,0,AXIS,@phonepe,WRONG_DEBIT
38316.87,9,42.98427016025415,0,BOB,@paytm,WRONG_DEBIT
1930.85,13,10.585944821884127,0,AXIS,@ybl,TECHNICAL_DECLINE
1716.37,19,15.503779182980644,1,BOB,@ybl,DUPLICATE_TRANSACTION
2703.5,14,15.007752342145768,1,KOTAK,@okaxis,DUPLICATE_TRANSACTION
28825.35,17,136.0710443995392,0,AXIS,@gpay,BENEFICIARY_NOT_CREDITED
9202.12,9,7.945657237293384,0,AXIS,@okaxis,WRONG_DEBIT
5515.47,19,122.78339413213726,0,SBI,@paytm,TRANSACTION_TIMEOUT
591.36,16,0.5311412547715157,1,HDFC,@phonepe,DUPLICATE_TRANSACTION
12941.4,16,122.42688076473834,0,ICICI,@paytm,BENEFICIARY_NOT_CREDITED
245.78,11,8.20590849284703,1,SBI,@ybl,DUPLICATE_TRANSACTION
46636.6,9,56.15152405498367,0,BOB,@gpay,BENEFICIARY_NOT_CREDITED
13398.53,12,5.139698021932093,0,AXIS,@gpay,WRONG_DEBIT
8967.42,12,19.61401737598969,1,BOB,@paytm,DUPLICATE_TRANSACTION
48732.47,22,17.925289956520853,0,BOB,@ybl,WRONG_DEBIT
7402.43,8,4.780317031294338,1,PNB,@paytm,DUPLICATE_TRANSACTION
3363.44,6,5.673906539898182,0,PNB,@phonepe,TECHNICAL_DECLINE
16281.84,9,125.3690046410955,0,KOTAK,@okaxis,BENEFICIARY_NOT_CREDITED
12740.31,20,21.514542030603447,0,SBI,@paytm,WRONG_DEBIT
9735.41,11,15.189815181641872,1,SBI,@paytm,DUPLICATE_TRANSACTION
7964.46,17,2.871590208257728,1,BOB,@gpay,DUPLICATE_TRANSACTION
48444.86,18,56.41021729807631,0,AXIS,@upi,WRONG_DEBIT
859.46,2,2.9846670768587398,0,AXIS,@paytm,TECHNICAL_DECLINE
1758.27,20,0.720628028491896,0,SBI,@upi,TECHNICAL_DECLINE
7043.15,20,2.577399753182074,1,AXIS,@gpay,DUPLICATE_TRANSACTION
98176.73,14,135.52273788995984,0,AXIS,@upi,BENEFICIARY_NOT_CREDITED
311.39,14,8.596019934010354,1,ICICI,@phonepe,DUPLICATE_TRANSACTION
24316.58,14,40.24978492572494,0,KOTAK,@upi,WRONG_DEBIT
3876.54,5,130.63032273087674,0,SBI,@upi,TRANSACTION_TIMEOUT
5578.96,19,187.000048300663,0,KOTAK,@gpay,TRANSACTION_TIMEOUT
26603.76,14,21.288431607172903,0,SBI,@okaxis,WRONG_DEBIT
45680.86,17,64.30027613431842,0,ICICI,@paytm,BENEFICIARY_NOT_CREDITED
4298.46,19,2.8654386985922535,0,PNB,@paytm,TECHNICAL_DECLINE
4113.34,6,6.288837225725428,0,AXIS,@okaxis,TECHNICAL_DECLINE
6169.09,13,9.835308666390882,1,SBI,@paytm,DUPLICATE_TRANSACTION
26207.71,2,3.1519629667246436,0,ICICI,@gpay,WRONG_DEBIT
10183.74,15,13.796398096608058,0,HDFC,@okaxis,WRONG_DEBIT
13192.63,16,142.84351356774368,0,KOTAK,@phonepe,TRANSACTION_TIMEOUT
18381.07,19,51.68485400902424,0,HDFC,@gpay,WRONG_DEBIT
18575.23,2,119.14498980160825,0,PNB,@paytm,TRANSACTION_TIMEOUT
56022.98,15,138.27842821653533,0,BOB,@upi,BENEFICIARY_NOT_CREDITED
41199.78,8,38.08949985300769,0,PNB,@paytm,WRONG_DEBIT
8254.57,12,161.41798648799985,0,HDFC,@paytm,BENEFICIARY_NOT_CREDITED
5363.44,11,4.634866748963358,1,PNB,@gpay,DUPLICATE_TRANSACTION
3164.09,5,6.70108176015565,0,KOTAK,@ybl,TECHNICAL_DECLINE
38337.54,18,25.77336234274107,0,AXIS,@upi,WRONG_DEBIT
17668.2,5,168.45416286155785,0,KOTAK,@ybl,TRANSACTION_TIMEOUT
1753.81,5,6.406805723765513,0,KOTAK,@ybl,TECHNICAL_DECLINE
90297.25,17,166.5743194332272,0,SBI,@phonepe,BENEFICIARY_NOT_CREDITED
15307.27,13,173.5755562061957,0,SBI,@okaxis,TRANSACTION_TIMEOUT
5675.13,11,9.001513796873368,1,KOTAK,@upi,DUPLICATE_TRANSACTION
36320.85,16,75.73246476270765,0,AXIS,@paytm,BENEFICIARY_NOT_CREDITED
49149.53,19,1.1737762486031187,0,ICICI,@phonepe,WRONG_DEBIT
15086.66,7,15.46724252113603,0,SBI,@paytm,WRONG_DEBIT
91951.65,17,93.90595527963033,0,KOTAK,@gpay,BENEFICIARY_NOT_CREDITED
1983.04,11,11.23971165690861,0,SBI,@phonepe,WRONG_DEBIT
1324.3,8,9.7328908413919,0,HDFC,@okaxis,TECHNICAL_DECLINE
11424.39,6,159.60842498939212,0,PNB,@phonepe,TRANSACTION_TIMEOUT
3540.76,22,154.832880017067,0,BOB,@paytm,TRANSACTION_TIMEOUT
3247.05,1,8.769472343475327,0,KOTAK,@ybl,TECHNICAL_DECLINE
39028.08,10,25.05097490061119,0,BOB,@ybl,WRONG_DEBIT
18611.9,3,180.20755014642543,0,ICICI,@upi,TRANSACTION_TIMEOUT
4650.4,20,9.329023417728568,0,AXIS,@paytm,TECHNICAL_DECLINE
52676.14,14,91.16826481625775,0,ICICI,@phonepe,BENEFICIARY_NOT_CREDITED
3519.07,4,0.6062377697499302,0,PNB,@ybl,TECHNICAL_DECLINE
15081.52,18,124.71886060902929,0,ICICI,@ybl,TRANSACTION_TIMEOUT
78743.65,11,23.075570576936634,0,HDFC,@ybl,BENEFICIARY_NOT_CREDITED
3752.04,17,4.790295594563302,0,HDFC,@ybl,TECHNICAL_DECLINE
2229.01,22,1.5645020987420897,0,ICICI,@ybl,TECHNICAL_DECLINE
1070.73,12,7.826981267750027,0,ICICI,@okaxis,TECHNICAL_DECLINE
4985.69,16,2.954950086085357,0,HDFC,@phonepe,TECHNICAL_DECLINE
6535.89,18,61.61838651526375,0,PNB,@ybl,TRANSACTION_TIMEOUT
7368.83,6,96.75223115360578,0,KOTAK,@upi,TRANSACTION_TIMEOUT
38507.1,5,71.1109380213885,0,KOTAK,@ybl,WRONG_DEBIT
814.51,1,11.090558482841127,0,ICICI,@gpay,TECHNICAL_DECLINE
16021.13,10,19.766080711112412,0,HDFC,@gpay,BENEFICIARY_NOT_CREDITED
4640.98,9,0.1647995123211765,0,PNB,@paytm,TECHNICAL_DECLINE
45281.13,9,56.42341208386862,0,PNB,@okaxis,BENEFICIARY_NOT_CREDITED
2117.63,16,18.00852357005918,1,KOTAK,@ybl,DUPLICATE_TRANSACTION
3676.63,4,8.340853723772337,0,PNB,@paytm,TECHNICAL_DECLINE
11701.8,21,128.07346176064956,0,SBI,@gpay,TRANSACTION_TIMEOUT
14272.28,22,44.49346390018064,0,HDFC,@ybl,WRONG_DEBIT
3423.23,21,19.5343472937843,0,BOB,@upi,WRONG_DEBIT
86496.09,9,49.84676144911008,0,PNB,@ybl,BENEFICIARY_NOT_CREDITED
9799.95,16,23.4386865573565,1,HDFC,@phonepe,DUPLICATE_TRANSACTION
17348.78,17,61.37914166104378,0,ICICI,@okaxis,TRANSACTION_TIMEOUT
11257.68,22,51.26624564858052,0,ICICI,@okaxis,TRANSACTION_TIMEOUT
33690.18,15,125.3132502080491,0,HDFC,@phonepe,BENEFICIARY_NOT_CREDITED
35860.12,13,40.44619587310452,0,KOTAK,@phonepe,BENEFICIARY_NOT_CREDITED
31327.04,12,64.10895019767082,0,BOB,@paytm,WRONG_DEBIT
4750.67,7,1.8204981692242157,0,AXIS,@upi,TECHNICAL_DECLINE
969.17,14,12.497228257764402,1,PNB,@okaxis,DUPLICATE_TRANSACTION
4231.6,17,3.6659797000524383,1,SBI,@okaxis,DUPLICATE_TRANSACTION
45192.33,11,35.52846486838856,0,ICICI,@okaxis,BENEFICIARY_NOT_CREDITED
3451.84,6,10.351051938960818,0,SBI,@upi,TECHNICAL_DECLINE
4556.86,13,11.948229602784105,0,BOB,@gpay,TECHNICAL_DECLINE
4593.85,10,0.8137684962755705,0,KOTAK,@upi,TECHNICAL_DECLINE
9288.35,4,52.349726394733786,0,BOB,@phonepe,WRONG_DEBIT
19227.8,9,115.3366820315471,0,BOB,@upi,TRANSACTION_TIMEOUT
15619.73,12,18.83082928484798,0,ICICI,@paytm,BENEFICIARY_NOT_CREDITED
3123.04,19,6.804517115267695,0,ICICI,@okaxis,TECHNICAL_DECLINE
2386.03,8,8.622272028829233,1,PNB,@ybl,DUPLICATE_TRANSACTION
5073.01,17,11.250323959354004,1,PNB,@phonepe,DUPLICATE_TRANSACTION
8536.08,15,11.37232610061992,1,ICICI,@gpay,DUPLICATE_TRANSACTION
419.07,20,23.251561942401096,1,SBI,@ybl,DUPLICATE_TRANSACTION
7449.43,11,18.186638153415103,1,HDFC,@gpay,DUPLICATE_TRANSACTION
17355.87,15,152.55513102847436,0,BOB,@ybl,TRANSACTION_TIMEOUT
4332.8,20,1.0038306012028357,1,PNB,@ybl,DUPLICATE_TRANSACTION
39718.0,18,100.16556883259577,0,KOTAK,@upi,BENEFICIARY_NOT_CREDITED
26080.39,14,32.89683052558249,0,HDFC,@gpay,WRONG_DEBIT
2735.56,23,0.47101946690985086,0,AXIS,@okaxis,TECHNICAL_DECLINE
9573.53,14,28.65887218472827,0,SBI,@phonepe,WRONG_DEBIT
3413.08,9,141.19641044507165,0,HDFC,@upi,TRANSACTION_TIMEOUT
4528.01,14,9.958722053119676,0,AXIS,@paytm,TECHNICAL_DECLINE
654.54,18,11.254109492390873,0,PNB,@okaxis,TECHNICAL_DECLINE
3991.36,13,10.821260516329783,1,ICICI,@ybl,DUPLICATE_TRANSACTION
4493.43,6,10.59058136832862,0,HDFC,@phonepe,TECHNICAL_DECLINE
69325.88,11,120.96857819300003,0,HDFC,@paytm,BENEFICIARY_NOT_CREDITED
35340.71,20,26.131924019322327,0,KOTAK,@upi,WRONG_DEBIT
14564.79,16,141.0350252416923,0,ICICI,@ybl,TRANSACTION_TIMEOUT
1964.97,5,10.947033345865588,0,KOTAK,@upi,TECHNICAL_DECLINE
1705.03,10,4.292802352158448,1,PNB,@paytm,DUPLICATE_TRANSACTION
6230.44,23,164.83182419886327,0,AXIS,@phonepe,TRANSACTION_TIMEOUT
1263.78,10,23.05041310838193,1,HDFC,@okaxis,DUPLICATE_TRANSACTION
1714.67,16,143.85364642197828,0,KOTAK,@paytm,BENEFICIARY_NOT_CREDITED
4425.24,7,2.6024861266191883,0,PNB,@ybl,TECHNICAL_DECLINE
8262.01,2,139.38491811763882,0,HDFC,@gpay,TRANSACTION_TIMEOUT
1462.75,20,6.690583779226665,0,BOB,@gpay,TECHNICAL_DECLINE
9323.52,1,47.035935231517456,0,HDFC,@gpay,WRONG_DEBIT
33383.13,19,21.487791358232478,0,HDFC,@paytm,WRONG_DEBIT
20906.15,5,11.616136374998948,0,SBI,@okaxis,WRONG_DEBIT
2904.18,17,2.1290312081241543,0,AXIS,@upi,TECHNICAL_DECLINE
1864.92,1,1.1175154538612349,0,SBI,@phonepe,TECHNICAL_DECLINE
89804.21,10,127.65981196882636,0,BOB,@okaxis,BENEFICIARY_NOT_CREDITED
14712.35,4,8.785672560428075,0,BOB,@phonepe,WRONG_DEBIT
52941.75,17,36.04417666944508,0,ICICI,@okaxis,BENEFICIARY_NOT_CREDITED
5554.18,23,70.51319609050795,0,KOTAK,@paytm,WRONG_DEBIT
14509.08,19,189.95153456780386,0,PNB,@phonepe,TRANSACTION_TIMEOUT
12216.01,10,87.46832597151001,0,KOTAK,@okaxis,TRANSACTION_TIMEOUT
92746.98,18,94.9599343903235,0,KOTAK,@upi,BENEFICIARY_NOT_CREDITED
9900.84,5,182.3168795453733,0,ICICI,@upi,TRANSACTION_TIMEOUT
97936.14,9,20.740591459019434,0,AXIS,@upi,BENEFICIARY_NOT_CREDITED
36899.67,6,57.56863329039645,0,AXIS,@ybl,WRONG_DEBIT
16756.23,17,58.03513328656744,0,ICICI,@paytm,WRONG_DEBIT
6931.17,12,18.96469206830908,1,SBI,@phonepe,DUPLICATE_TRANSACTION
2794.97,0,1.3660411553832095,0,SBI,@phonepe,TECHNICAL_DECLINE
14515.49,19,193.93714943845453,0,BOB,@gpay,TRANSACTION_TIMEOUT
3372.1,13,22.134714366043738,1,AXIS,@ybl,DUPLICATE_TRANSACTION
32318.05,15,11.187812784004471,0,AXIS,@okaxis,WRONG_DEBIT
46515.77,15,155.94092611977186,0,HDFC,@okaxis,BENEFICIARY_NOT_CREDITED
56711.79,14,93.71459378669316,0,HDFC,@gpay,BENEFICIARY_NOT_CREDITED
3458.92,11,0.7945564958107427,0,ICICI,@phonepe,TECHNICAL_DECLINE
17023.71,12,45.10878102829805,0,BOB,@gpay,WRONG_DEBIT
3067.88,5,7.1423024043599925,0,BOB,@phonepe,TECHNICAL_DECLINE
71129.08,13,70.11621783297679,0,AXIS,@gpay,BENEFICIARY_NOT_CREDITED
45464.68,13,37.095359837202494,0,SBI,@gpay,BENEFICIARY_NOT_CREDITED
18773.36,1,56.00090818517718,0,HDFC,@ybl,WRONG_DEBIT
222.18,15,10.859469607477275,0,ICICI,@gpay,TECHNICAL_DECLINE
92401.86,17,52.829904388740985,0,SBI,@gpay,BENEFICIARY_NOT_CREDITED
41124.71,16,48.723644789128485,0,ICICI,@gpay,WRONG_DEBIT
23022.48,22,62.26633457548045,0,HDFC,@paytm,WRONG_DEBIT
93267.57,18,146.6031405370062,0,SBI,@ybl,BENEFICIARY_NOT_CREDITED
5244.83,21,53.679940212507674,0,HDFC,@okaxis,WRONG_DEBIT
64065.66,12,54.587021764313945,0,ICICI,@phonepe,BENEFICIARY_NOT_CREDITED
53461.44,16,113.077715006826,0,SBI,@gpay,BENEFICIARY_NOT_CREDITED
2809.01,8,22.999153308202914,1,KOTAK,@okaxis,DUPLICATE_TRANSACTION
10408.21,11,39.5543273011663,0,SBI,@gpay,WRONG_DEBIT
57621.25,11,12.897559493780522,0,KOTAK,@phonepe,BENEFICIARY_NOT_CREDITED
2273.87,4,0.3479122344317047,0,PNB,@paytm,TECHNICAL_DECLINE
19241.62,2,30.705533655121968,0,ICICI,@upi,WRONG_DEBIT
4467.25,20,10.03409284562989,0,PNB,@ybl,TECHNICAL_DECLINE
1842.56,10,9.809303748441977,0,PNB,@upi,TECHNICAL_DECLINE
484.87,14,6.813471627097899,0,HDFC,@upi,TECHNICAL_DECLINE
2035.53,9,152.0406521704169,0,PNB,@ybl,TRANSACTION_TIMEOUT
4710.71,7,69.84569593434506,0,KOTAK,@phonepe,TRANSACTION_TIMEOUT
39511.65,14,132.7260439600959,0,SBI,@ybl,BENEFICIARY_NOT_CREDITED
702.26,15,65.15883270963285,0,AXIS,@ybl,TRANSACTION_TIMEOUT
2894.35,13,14.50656555438249,1,ICICI,@okaxis,DUPLICATE_TRANSACTION
20343.73,22,57.36655968206117,0,SBI,@okaxis,WRONG_DEBIT
39642.3,17,33.19018939777304,0,KOTAK,@ybl,WRONG_DEBIT
6246.66,16,3.8164869500205016,1,AXIS,@ybl,DUPLICATE_TRANSACTION
17101.64,22,42.54985433103659,0,BOB,@ybl,WRONG_DEBIT
3957.9,17,8.329597881688564,0,ICICI,@upi,TECHNICAL_DECLINE
36994.42,22,41.34155693833432,0,AXIS,@paytm,WRONG_DEBIT
3020.77,10,6.661052414565137,0,BOB,@ybl,TECHNICAL_DECLINE
3149.55,14,1.670583235906216,1,HDFC,@upi,DUPLICATE_TRANSACTION
3879.58,12,3.9288989151384057,0,PNB,@upi,TECHNICAL_DECLINE
4617.6,4,63.88283063333696,0,BOB,@upi,WRONG_DEBIT
37878.18,21,10.7435830877286,0,KOTAK,@phonepe,WRONG_DEBIT
12349.89,14,77.74132626697849,0,PNB,@phonepe,TRANSACTION_TIMEOUT
57242.5,13,154.38977096629634,0,AXIS,@upi,BENEFICIARY_NOT_CREDITED
99033.78,18,2.3559151524227397,0,KOTAK,@ybl,BENEFICIARY_NOT_CREDITED
8539.8,8,8.861349445773785,1,KOTAK,@paytm,DUPLICATE_TRANSACTION
35197.37,11,7.8982788176077925,0,SBI,@paytm,WRONG_DEBIT
4373.98,17,9.462439768054658,1,SBI,@upi,DUPLICATE_TRANSACTION
8180.05,13,130.85805577117833,0,PNB,@gpay,TRANSACTION_TIMEOUT
2867.47,17,106.45844876904638,0,SBI,@ybl,TRANSACTION_TIMEOUT
2955.86,21,16.081585966148822,1,ICICI,@paytm,DUPLICATE_TRANSACTION
32454.62,4,51.93642473006237,0,AXIS,@upi,WRONG_DEBIT
19502.0,4,60.86884353203684,0,PNB,@ybl,TRANSACTION_TIMEOUT
17882.29,22,139.87328592991287,0,AXIS,@okaxis,TRANSACTION_TIMEOUT
4598.5,14,13.24920072914447,1,AXIS,@ybl,DUPLICATE_TRANSACTION
22961.22,15,101.96373397291309,0,KOTAK,@ybl,BENEFICIARY_NOT_CREDITED
7150.09,12,9.860107527952987,1,KOTAK,@okaxis,DUPLICATE_TRANSACTION
3829.46,9,95.8809794761671,0,PNB,@phonepe,BENEFICIARY_NOT_CREDITED
29055.41,22,5.764543609546856,0,PNB,@upi,WRONG_DEBIT
4919.54,8,5.579235927785893,0,HDFC,@okaxis,TECHNICAL_DECLINE
533.39,15,7.567954189332077,0,PNB,@upi,TECHNICAL_DECLINE
34235.29,17,57.46307332614994,0,SBI,@okaxis,WRONG_DEBIT
45188.91,17,56.053953593793544,0,AXIS,@ybl,WRONG_DEBIT
4539.67,18,8.80577456934875,0,AXIS,@phonepe,TECHNICAL_DECLINE
29276.24,9,117.07354419766645,0,KOTAK,@upi,BENEFICIARY_NOT_CREDITED
72833.69,18,44.49400380445097,0,PNB,@ybl,BENEFICIARY_NOT_CREDITED
928.49,1,7.8758386364905375,0,SBI,@upi,TECHNICAL_DECLINE
233.76,15,0.990122001780986,0,KOTAK,@paytm,TECHNICAL_DECLINE
25579.07,18,47.92231255740863,0,BOB,@phonepe,BENEFICIARY_NOT_CREDITED
37097.32,19,12.57219703144928,0,KOTAK,@upi,WRONG_DEBIT
6625.64,13,19.388176591765767,1,SBI,@upi,DUPLICATE_TRANSACTION
4900.69,20,12.657332514884668,1,HDFC,@phonepe,DUPLICATE_TRANSACTION
48370.55,19,67.24381353828393,0,ICICI,@ybl,WRONG_DEBIT
15430.32,7,148.42142786762207,0,PNB,@upi,TRANSACTION_TIMEOUT
2187.48,19,20.20399284572763,1,HDFC,@upi,DUPLICATE_TRANSACTION
75670.65,10,9.771373897710932,0,AXIS,@ybl,BENEFICIARY_NOT_CREDITED
6097.21,23,192.13426973200615,0,KOTAK,@gpay,TRANSACTION_TIMEOUT
13701.85,12,120.13761627613769,0,ICICI,@okaxis,TRANSACTION_TIMEOUT
336.07,14,106.06462239571658,0,SBI,@okaxis,TRANSACTION_TIMEOUT
4958.48,17,45.89453889038877,0,BOB,@ybl,WRONG_DEBIT
4598.41,8,4.019608879416535,0,SBI,@paytm,TECHNICAL_DECLINE
65607.16,15,78.00513510492607,0,PNB,@upi,BENEFICIARY_NOT_CREDITED
7369.7,17,18.491934870766226,1,KOTAK,@phonepe,DUPLICATE_TRANSACTION
3201.37,8,16.147244633759765,1,BOB,@paytm,DUPLICATE_TRANSACTION
20621.31,16,7.481324503987786,0,AXIS,@phonepe,WRONG_DEBIT
7279.98,12,4.63390875471385,1,HDFC,@okaxis,DUPLICATE_TRANSACTION
2938.41,19,47.27559733663217,0,BOB,@gpay,WRONG_DEBIT
3226.61,22,11.493544052837231,0,HDFC,@okaxis,TECHNICAL_DECLINE
3821.99,20,21.59753316305384,1,KOTAK,@gpay,DUPLICATE_TRANSACTION
34813.12,8,21.208940398848064,0,PNB,@paytm,WRONG_DEBIT
18461.64,8,164.94258773998524,0,PNB,@upi,TRANSACTION_TIMEOUT
26104.99,10,47.307009419625196,0,HDFC,@ybl,BENEFICIARY_NOT_CREDITED
6719.83,1,87.2522680852716,0,BOB,@phonepe,TRANSACTION_TIMEOUT
4461.69,15,23.506127523527077,1,ICICI,@okaxis,DUPLICATE_TRANSACTION
3651.0,15,64.48143122992391,0,KOTAK,@ybl,TRANSACTION_TIMEOUT
6178.27,9,21.902621348187033,1,PNB,@phonepe,DUPLICATE_TRANSACTION
1839.56,2,41.13680830883421,0,SBI,@ybl,WRONG_DEBIT
44835.97,4,47.00630395192012,0,HDFC,@paytm,WRONG_DEBIT
5402.09,22,98.13429213689167,0,AXIS,@okaxis,TRANSACTION_TIMEOUT
25817.61,15,34.42603867796176,0,AXIS,@upi,WRONG_DEBIT
27052.42,0,27.678518926346186,0,PNB,@ybl,WRONG_DEBIT
28405.47,11,24.007659324200244,0,SBI,@ybl,WRONG_DEBIT
31650.4,20,6.528022187244786,0,KOTAK,@phonepe,WRONG_DEBIT
42074.96,9,46.64106517005469,0,ICICI,@okaxis,WRONG_DEBIT
48378.9,21,13.7522275859018,0,PNB,@ybl,WRONG_DEBIT
31567.79,11,35.0282550313331,0,PNB,@ybl,WRONG_DEBIT
1485.44,11,0.6087505316267645,1,KOTAK,@gpay,DUPLICATE_TRANSACTION
7836.47,17,145.7979609278969,0,AXIS,@okaxis,TRANSACTION_TIMEOUT
19334.83,0,53.63048734941584,0,HDFC,@phonepe,TRANSACTION_TIMEOUT
20334.84,6,58.11146681813296,0,PNB,@okaxis,WRONG_DEBIT
18807.79,17,70.6409516978251,0,KOTAK,@gpay,TRANSACTION_TIMEOUT
1940.2,4,35.2004193594744,0,HDFC,@ybl,WRONG_DEBIT
324.43,22,7.785437029350197,0,HDFC,@gpay,TECHNICAL_DECLINE
45242.65,3,32.845290690722045,0,ICICI,@okaxis,WRONG_DEBIT
40908.23,3,8.220937101500716,0,KOTAK,@okaxis,WRONG_DEBIT
724.79,11,10.229075134517508,1,BOB,@upi,DUPLICATE_TRANSACTION
6552.28,21,135.54698558877772,0,ICICI,@phonepe,TRANSACTION_TIMEOUT
7665.86,17,4.162743568808507,1,HDFC,@paytm,DUPLICATE_TRANSACTION
14553.06,15,29.064492473612695,0,SBI,@okaxis,BENEFICIARY_NOT_CREDITED
4442.75,22,13.967659242278138,1,ICICI,@paytm,DUPLICATE_TRANSACTION
1943.04,5,0.18756391521933047,0,AXIS,@paytm,TECHNICAL_DECLINE
460.48,2,50.88536988888991,0,KOTAK,@phonepe,WRONG_DEBIT
13900.72,15,153.23846628731226,0,ICICI,@gpay,TRANSACTION_TIMEOUT
52547.14,15,40.95537774012212,0,ICICI,@okaxis,BENEFICIARY_NOT_CREDITED
29853.97,22,35.99190971305658,0,HDFC,@upi,WRONG_DEBIT
35111.43,9,94.13763737940575,0,ICICI,@paytm,BENEFICIARY_NOT_CREDITED
4886.28,19,4.342815655118024,0,BOB,@okaxis,TECHNICAL_DECLINE
1174.45,20,7.911925900707426,0,SBI,@paytm,TECHNICAL_DECLINE
1215.52,10,16.44585010596186,1,AXIS,@ybl,DUPLICATE_TRANSACTION
1681.62,22,1.034774432306457,1,PNB,@phonepe,DUPLICATE_TRANSACTION
21354.18,13,56.82720308012388,0,BOB,@ybl,BENEFICIARY_NOT_CREDITED
5310.61,1,66.59001689173256,0,ICICI,@gpay,WRONG_DEBIT
24304.56,3,5.101883891565352,0,ICICI,@upi,WRONG_DEBIT
11894.86,10,111.69807367183425,0,PNB,@upi,TRANSACTION_TIMEOUT
23391.29,10,55.46408152609768,0,HDFC,@gpay,BENEFICIARY_NOT_CREDITED
17410.74,12,183.487502765214,0,HDFC,@ybl,TRANSACTION_TIMEOUT
2473.6,13,1.7392952635435899,0,KOTAK,@ybl,TECHNICAL_DECLINE
3934.57,10,10.985764632193067,1,ICICI,@upi,DUPLICATE_TRANSACTION
97567.81,12,57.093853304120636,0,HDFC,@upi,BENEFICIARY_NOT_CREDITED
392.29,4,1.3333112464831491,0,AXIS,@ybl,TECHNICAL_DECLINE
3506.91,10,81.41774176608148,0,SBI,@okaxis,TRANSACTION_TIMEOUT
7916.51,18,22.866243412171855,1,ICICI,@okaxis,DUPLICATE_TRANSACTION
4289.52,2,4.94035370859269,0,KOTAK,@ybl,TECHNICAL_DECLINE
5956.65,21,11.106310000271357,1,HDFC,@upi,DUPLICATE_TRANSACTION
14749.96,7,85.67037947288888,0,AXIS,@okaxis,TRANSACTION_TIMEOUT
8929.04,17,22.71005651038343,1,KOTAK,@paytm,DUPLICATE_TRANSACTION
19605.66,1,198.67357253684997,0,PNB,@okaxis,TRANSACTION_TIMEOUT
21342.31,12,34.50739242359689,0,BOB,@upi,WRONG_DEBIT
22676.82,7,5.982589723252212,0,BOB,@paytm,WRONG_DEBIT
19003.68,4,102.47766361355889,0,ICICI,@upi,TRANSACTION_TIMEOUT
894.92,21,21.948235360159007,0,PNB,@ybl,WRONG_DEBIT
3761.7,0,11.71704934133656,0,AXIS,@gpay,TECHNICAL_DECLINE
3780.42,11,143.27526538500905,0,PNB,@upi,TRANSACTION_TIMEOUT
43033.09,2,27.711307289654606,0,PNB,@phonepe,WRONG_DEBIT
260.3,13,9.03465613154674,0,PNB,@okaxis,TECHNICAL_DECLINE
2918.62,6,9.452302129685744,0,HDFC,@okaxis,TECHNICAL_DECLINE
73708.2,9,86.96099226078995,0,PNB,@phonepe,BENEFICIARY_NOT_CREDITED
5637.23,11,33.50540700985199,0,HDFC,@phonepe,WRONG_DEBIT
17939.11,17,118.71390108905722,0,KOTAK,@upi,BENEFICIARY_NOT_CREDITED
1470.22,13,5.727184928590147,1,HDFC,@upi,DUPLICATE_TRANSACTION
14773.86,18,180.41197015183988,0,PNB,@gpay,TRANSACTION_TIMEOUT
3272.59,22,6.4165884560762585,1,PNB,@ybl,DUPLICATE_TRANSACTION
5918.77,14,58.65283915812207,0,AXIS,@okaxis,BENEFICIARY_NOT_CREDITED
4164.84,15,8.517903464904828,0,PNB,@okaxis,TECHNICAL_DECLINE
45471.85,14,134.5839458215399,0,PNB,@paytm,BENEFICIARY_NOT_CREDITED
8929.84,15,2.095410003692578,1,AXIS,@gpay,DUPLICATE_TRANSACTION
95846.52,10,19.263941738873395,0,SBI,@paytm,BENEFICIARY_NOT_CREDITED
5013.65,21,4.9021478034295365,1,PNB,@paytm,DUPLICATE_TRANSACTION
41945.4,17,156.5974858630342,0,AXIS,@phonepe,BENEFICIARY_NOT_CREDITED
8932.82,20,51.26530936591739,0,ICICI,@paytm,TRANSACTION_TIMEOUT
43602.51,7,60.116221340122124,0,KOTAK,@upi,WRONG_DEBIT
41463.33,14,110.51200377859587,0,BOB,@phonepe,BENEFICIARY_NOT_CREDITED
11907.81,22,128.5852669475227,0,KOTAK,@ybl,TRANSACTION_TIMEOUT
6151.24,4,184.53885227427583,0,SBI,@gpay,TRANSACTION_TIMEOUT
23064.8,14,163.11091607898794,0,BOB,@paytm,BENEFICIARY_NOT_CREDITED
3595.9,15,22.949132531827043,1,KOTAK,@gpay,DUPLICATE_TRANSACTION
1497.71,5,10.071980122456951,0,PNB,@upi,TECHNICAL_DECLINE
1696.42,9,0.9876349557232311,1,SBI,@okaxis,DUPLICATE_TRANSACTION
4464.8,13,4.427917993990545,1,KOTAK,@upi,DUPLICATE_TRANSACTION
33311.11,11,10.651983461155552,0,AXIS,@okaxis,WRONG_DEBIT
5383.07,9,22.090415422605012,1,AXIS,@ybl,DUPLICATE_TRANSACTION
9483.11,22,7.685230342636095,1,HDFC,@upi,DUPLICATE_TRANSACTION
4880.45,10,7.766927424560608,0,SBI,@ybl,TECHNICAL_DECLINE
96975.75,18,112.37025115313335,0,BOB,@okaxis,BENEFICIARY_NOT_CREDITED
6839.82,3,159.2093592346098,0,HDFC,@gpay,TRANSACTION_TIMEOUT
672.69,0,4.819559063093839,0,BOB,@gpay,TECHNICAL_DECLINE
7212.13,10,56.36511269538836,0,PNB,@gpay,TRANSACTION_TIMEOUT
2679.53,8,2.348588081230102,0,HDFC,@okaxis,TECHNICAL_DECLINE
13573.56,2,196.32760505223052,0,AXIS,@gpay,TRANSACTION_TIMEOUT
6423.38,19,125.75648808030134,0,HDFC,@upi,TRANSACTION_TIMEOUT
40057.02,15,62.72820450723772,0,SBI,@paytm,BENEFICIARY_NOT_CREDITED
34819.56,13,164.24644591220616,0,BOB,@okaxis,BENEFICIARY_NOT_CREDITED
10863.19,14,53.38999270995703,0,AXIS,@ybl,WRONG_DEBIT
16797.14,15,122.67712108570049,0,AXIS,@gpay,BENEFICIARY_NOT_CREDITED
3029.88,4,2.4934054884223165,0,AXIS,@okaxis,TECHNICAL_DECLINE
7078.52,18,127.27104694212966,0,HDFC,@paytm,BENEFICIARY_NOT_CREDITED
12812.24,8,111.0061301185469,0,KOTAK,@ybl,TRANSACTION_TIMEOUT
3800.69,4,2.3910907375222217,0,BOB,@ybl,TECHNICAL_DECLINE
55609.76,9,138.4074696375688,0,SBI,@okaxis,BENEFICIARY_NOT_CREDITED
49663.0,16,38.49487699927598,0,BOB,@paytm,BENEFICIARY_NOT_CREDITED
2700.5,18,20.021833712439687,1,AXIS,@paytm,DUPLICATE_TRANSACTION
42007.1,16,152.43446392468965,0,PNB,@gpay,BENEFICIARY_NOT_CREDITED
6055.8,8,35.49961620265224,0,HDFC,@okaxis,WRONG_DEBIT
58316.04,18,73.82344142357832,0,SBI,@upi,BENEFICIARY_NOT_CREDITED
19487.75,3,104.72673682796903,0,PNB,@okaxis,TRANSACTION_TIMEOUT
42279.48,5,41.87912377873621,0,ICICI,@phonepe,WRONG_DEBIT
17578.51,4,102.32259071486402,0,HDFC,@phonepe,TRANSACTION_TIMEOUT
42241.64,14,9.135388414606338,0,SBI,@okaxis,BENEFICIARY_NOT_CREDITED
25741.94,20,13.193819813859722,0,HDFC,@okaxis,WRONG_DEBIT
5482.75,21,7.589050381211397,1,BOB,@upi,DUPLICATE_TRANSACTION
27510.17,14,17.00417944228792,0,KOTAK,@phonepe,BENEFICIARY_NOT_CREDITED
227.69,16,6.7540262412454215,1,BOB,@ybl,DUPLICATE_TRANSACTION
6872.23,5,63.56751442787933,0,ICICI,@okaxis,TRANSACTION_TIMEOUT
8332.58,20,21.52936158633027,1,KOTAK,@upi,DUPLICATE_TRANSACTION
4245.74,22,6.6133539410470314,0,BOB,@paytm,TECHNICAL_DECLINE
9263.78,2,65.71797892797291,0,ICICI,@paytm,TRANSACTION_TIMEOUT
7029.38,22,103.11042199380788,0,BOB,@ybl,TRANSACTION_TIMEOUT
2663.29,10,2.066485915472646,0,SBI,@paytm,TECHNICAL_DECLINE
11195.66,22,10.24987221911099,0,ICICI,@phonepe,WRONG_DEBIT
2177.43,9,10.195321743038559,1,BOB,@paytm,DUPLICATE_TRANSACTION
1038.44,15,54.528050475193695,0,HDFC,@gpay,WRONG_DEBIT
1736.36,21,36.97050186029586,0,HDFC,@ybl,WRONG_DEBIT
45435.61,1,4.769810003925097,0,PNB,@paytm,WRONG_DEBIT
39140.3,19,14.788885431791979,0,ICICI,@gpay,WRONG_DEBIT
3411.28,11,142.25887424957057,0,SBI,@okaxis,BENEFICIARY_NOT_CREDITED
35544.23,17,131.39395673326055,0,KOTAK,@gpay,BENEFICIARY_NOT_CREDITED
2894.15,3,9.835038057994872,0,BOB,@paytm,TECHNICAL_DECLINE
1163.29,6,11.571165586875987,0,ICICI,@okaxis,TECHNICAL_DECLINE
48681.64,3,66.54471098936429,0,KOTAK,@upi,WRONG_DEBIT
7392.61,18,76.13911839447323,0,PNB,@paytm,TRANSACTION_TIMEOUT
8363.95,14,10.178204336334584,1,KOTAK,@gpay,DUPLICATE_TRANSACTION
2345.63,10,66.78954117608858,0,HDFC,@okaxis,TRANSACTION_TIMEOUT
5008.58,13,16.913541964579448,1,KOTAK,@upi,DUPLICATE_TRANSACTION
4204.17,15,8.332027701320051,0,SBI,@ybl,WRONG_DEBIT
3707.25,21,11.714148566820338,0,AXIS,@gpay,TECHNICAL_DECLINE
2095.68,13,2.2654198280072584,0,HDFC,@ybl,TECHNICAL_DECLINE
18340.08,16,113.23994488689083,0,AXIS,@ybl,BENEFICIARY_NOT_CREDITED
3326.89,2,1.4306141266257368,0,AXIS,@ybl,TECHNICAL_DECLINE
4890.1,23,11.10348378650197,0,ICICI,@paytm,TECHNICAL_DECLINE
97533.15,14,34.444004031706285,0,BOB,@ybl,BENEFICIARY_NOT_CREDITED
11720.19,13,52.214436023950036,0,SBI,@upi,WRONG_DEBIT
3008.88,20,11.318700706979827,0,SBI,@ybl,TECHNICAL_DECLINE
4755.68,15,6.136974180837628,0,ICICI,@ybl,TECHNICAL_DECLINE
6197.28,15,35.80371231302,0,PNB,@gpay,WRONG_DEBIT
5070.21,1,59.78249774062979,0,AXIS,@upi,WRONG_DEBIT
48606.42,12,43.53004253583188,0,SBI,@gpay,WRONG_DEBIT
62385.69,10,127.94863111360655,0,PNB,@okaxis,BENEFICIARY_NOT_CREDITED
15875.36,6,92.62156555532046,0,AXIS,@ybl,TRANSACTION_TIMEOUT
1382.16,10,9.713779168695716,0,KOTAK,@okaxis,TECHNICAL_DECLINE
47633.77,1,71.33123271904334,0,HDFC,@ybl,WRONG_DEBIT
6359.73,12,115.26853422722033,0,HDFC,@paytm,TRANSACTION_TIMEOUT
5611.0,21,18.70517926866613,1,PNB,@gpay,DUPLICATE_TRANSACTION
8670.55,9,156.78992482379252,0,AXIS,@paytm,TRANSACTION_TIMEOUT
3407.62,21,6.645406784299686,0,KOTAK,@okaxis,TECHNICAL_DECLINE
9570.63,5,125.0161274110678,0,AXIS,@phonepe,TRANSACTION_TIMEOUT
11861.8,12,141.77483080943034,0,SBI,@phonepe,TRANSACTION_TIMEOUT
6611.69,18,8.534781496294407,0,BOB,@phonepe,BENEFICIARY_NOT_CREDITED
81050.57,18,5.492273723985257,0,PNB,@phonepe,BENEFICIARY_NOT_CREDITED
2037.27,11,198.77571945130558,0,AXIS,@phonepe,TRANSACTION_TIMEOUT
33095.88,7,16.892790367170896,0,SBI,@okaxis,WRONG_DEBIT
45528.41,2,62.56367717648816,0,HDFC,@phonepe,WRONG_DEBIT
295.15,13,0.897062920494565,1,PNB,@ybl,DUPLICATE_TRANSACTION
2622.32,13,3.199426623022759,0,PNB,@ybl,TECHNICAL_DECLINE
208.96,10,4.532851121159214,0,AXIS,@phonepe,TECHNICAL_DECLINE
578.86,15,1.2006801984486537,0,PNB,@gpay,TECHNICAL_DECLINE
49924.77,14,28.826745395930516,0,SBI,@phonepe,BENEFICIARY_NOT_CREDITED
4115.0,20,176.79478231120333,0,BOB,@paytm,TRANSACTION_TIMEOUT
1148.99,8,0.5703763333547349,0,KOTAK,@ybl,TECHNICAL_DECLINE
6283.27,9,17.224964233193433,1,KOTAK,@paytm,DUPLICATE_TRANSACTION
1750.51,2,6.797139537440449,0,KOTAK,@ybl,TECHNICAL_DECLINE
4273.81,2,147.03359566039086,0,SBI,@okaxis,TRANSACTION_TIMEOUT
43574.59,17,53.32994537363094,0,AXIS,@ybl,BENEFICIARY_NOT_CREDITED
62683.91,16,113.15056149285174,0,KOTAK,@gpay,BENEFICIARY_NOT_CREDITED
31429.41,16,62.115106086662436,0,KOTAK,@ybl,WRONG_DEBIT
6641.98,21,17.812992263693154,1,AXIS,@phonepe,DUPLICATE_TRANSACTION
4063.77,13,11.215631207774559,0,PNB,@upi,TECHNICAL_DECLINE
26161.25,11,33.29904135046561,0,ICICI,@gpay,WRONG_DEBIT
84490.14,15,54.215081085645046,0,BOB,@paytm,BENEFICIARY_NOT_CREDITED
8475.07,12,19.769056907959804,1,PNB,@gpay,DUPLICATE_TRANSACTION
68842.06,12,68.77961185445436,0,HDFC,@gpay,BENEFICIARY_NOT_CREDITED
374.27,20,19.853491779066424,1,AXIS,@ybl,DUPLICATE_TRANSACTION
4957.34,13,7.763064614443984,0,HDFC,@gpay,TECHNICAL_DECLINE
2799.85,8,6.201524339259236,1,BOB,@phonepe,DUPLICATE_TRANSACTION
962.33,1,11.565442686302125,0,AXIS,@paytm,TECHNICAL_DECLINE
42993.24,2,22.601143742465833,0,SBI,@paytm,WRONG_DEBIT
17945.79,21,147.92945169381306,0,HDFC,@ybl,TRANSACTION_TIMEOUT
2436.81,17,17.627529770180317,1,HDFC,@okaxis,DUPLICATE_TRANSACTION
4753.41,16,3.0216967013285543,0,HDFC,@gpay,TECHNICAL_DECLINE
699.16,10,3.951430931598022,0,KOTAK,@upi,TECHNICAL_DECLINE
16136.25,23,83.86258803454051,0,AXIS,@gpay,TRANSACTION_TIMEOUT
1157.46,11,23.278163422563193,1,AXIS,@ybl,DUPLICATE_TRANSACTION
86358.54,9,82.88988288558635,0,SBI,@upi,BENEFICIARY_NOT_CREDITED
15892.85,13,34.18949694303548,0,ICICI,@phonepe,WRONG_DEBIT
3693.68,19,8.825742928033833,1,SBI,@paytm,DUPLICATE_TRANSACTION
270.57,23,7.946681213284252,0,HDFC,@upi,TECHNICAL_DECLINE
2604.53,14,7.422444040587375,1,PNB,@phonepe,DUPLICATE_TRANSACTION
26792.04,7,61.75059401879461,0,AXIS,@paytm,WRONG_DEBIT
18557.4,8,93.73499904362893,0,BOB,@gpay,TRANSACTION_TIMEOUT
21433.46,11,153.95376380747,0,PNB,@phonepe,BENEFICIARY_NOT_CREDITED
15807.42,8,179.6995774222491,0,BOB,@ybl,TRANSACTION_TIMEOUT
14765.15,10,157.0426747217747,0,BOB,@paytm,TRANSACTION_TIMEOUT
7014.97,16,1.5928136143427496,1,AXIS,@okaxis,DUPLICATE_TRANSACTION
3715.15,14,8.34252119308867,0,BOB,@paytm,TECHNICAL_DECLINE
6338.55,20,15.386371338860789,1,HDFC,@ybl,DUPLICATE_TRANSACTION
6320.13,13,13.819424286287791,1,HDFC,@gpay,DUPLICATE_TRANSACTION
5212.02,20,19.93491315528999,1,BOB,@gpay,DUPLICATE_TRANSACTION
3460.19,10,5.417878789755594,0,BOB,@upi,TECHNICAL_DECLINE
2680.73,18,14.232489972132791,1,SBI,@phonepe,DUPLICATE_TRANSACTION
935.55,13,4.365342091350706,1,AXIS,@okaxis,DUPLICATE_TRANSACTION
305.27,8,22.154696445202227,1,PNB,@okaxis,DUPLICATE_TRANSACTION
9077.76,15,4.758388864120809,1,PNB,@gpay,DUPLICATE_TRANSACTION
20111.64,13,43.22827663072467,0,ICICI,@paytm,WRONG_DEBIT
17427.23,18,20.59753664104036,0,PNB,@okaxis,BENEFICIARY_NOT_CREDITED
15489.85,14,173.74313269845192,0,AXIS,@paytm,TRANSACTION_TIMEOUT
7164.28,11,22.705255841363083,1,BOB,@phonepe,DUPLICATE_TRANSACTION
74771.08,15,22.743288323495786,0,BOB,@gpay,BENEFICIARY_NOT_CREDITED
1156.28,9,8.720496804462849,0,ICICI,@ybl,TECHNICAL_DECLINE
4144.39,10,0.6905547899352813,1,SBI,@gpay,DUPLICATE_TRANSACTION
2309.79,7,4.435652874371684,0,PNB,@upi,TECHNICAL_DECLINE
1806.2,15,68.24715027555382,0,SBI,@upi,TRANSACTION_TIMEOUT
13768.36,22,106.29130920533002,0,AXIS,@upi,TRANSACTION_TIMEOUT
1355.51,3,6.683999692686109,0,HDFC,@phonepe,TECHNICAL_DECLINE
4762.23,13,23.921746481604778,1,PNB,@okaxis,DUPLICATE_TRANSACTION
367.51,16,44.61536714008087,0,SBI,@ybl,WRONG_DEBIT
13657.71,17,7.867873154143346,0,ICICI,@phonepe,BENEFICIARY_NOT_CREDITED
5087.09,22,8.140241660695686,1,AXIS,@gpay,DUPLICATE_TRANSACTION
15934.14,16,31.170935408840272,0,SBI,@paytm,WRONG_DEBIT
4894.14,11,84.36817311920586,0,BOB,@phonepe,BENEFICIARY_NOT_CREDITED
92660.59,13,151.7663769531874,0,SBI,@okaxis,BENEFICIARY_NOT_CREDITED
51938.78,15,150.0761922415517,0,SBI,@upi,BENEFICIARY_NOT_CREDITED
15297.14,4,132.46255565927262,0,PNB,@upi,TRANSACTION_TIMEOUT
1159.12,4,56.294209442576786,0,ICICI,@paytm,TRANSACTION_TIMEOUT
5278.46,22,119.0041916544537,0,HDFC,@ybl,TRANSACTION_TIMEOUT
22131.83,22,40.38152547876808,0,AXIS,@ybl,WRONG_DEBIT
42307.33,4,8.903104850437561,0,HDFC,@gpay,WRONG_DEBIT
18475.17,11,126.2394208010972,0,BOB,@phonepe,BENEFICIARY_NOT_CREDITED
4465.38,18,2.5487538799834892,0,HDFC,@okaxis,TECHNICAL_DECLINE
984.79,2,2.953889230035551,0,AXIS,@upi,TECHNICAL_DECLINE
44379.65,0,20.468250103700818,0,PNB,@paytm,WRONG_DEBIT
7533.81,3,175.2205357043283,0,ICICI,@paytm,TRANSACTION_TIMEOUT
23065.64,22,47.4868312668023,0,AXIS,@upi,WRONG_DEBIT
59623.32,9,56.014295920369584,0,HDFC,@upi,BENEFICIARY_NOT_CREDITED
4759.39,10,11.36902076585995,0,PNB,@okaxis,TECHNICAL_DECLINE
2192.53,8,19.237391110118153,1,SBI,@phonepe,DUPLICATE_TRANSACTION
37215.62,17,68.53681358221911,0,AXIS,@paytm,WRONG_DEBIT
5177.76,7,194.68749509135915,0,BOB,@ybl,TRANSACTION_TIMEOUT
1123.55,6,11.731729239018325,0,BOB,@ybl,WRONG_DEBIT
64893.22,11,21.140531345138637,0,AXIS,@ybl,BENEFICIARY_NOT_CREDITED
90421.56,18,22.92487363487773,0,PNB,@paytm,BENEFICIARY_NOT_CREDITED
51509.0,16,75.38888329166157,0,AXIS,@ybl,BENEFICIARY_NOT_CREDITED
56524.18,15,16.06713235627067,0,AXIS,@phonepe,BENEFICIARY_NOT_CREDITED
1013.14,20,5.112205185855697,0,HDFC,@okaxis,TECHNICAL_DECLINE
97340.54,12,109.15097309352086,0,PNB,@gpay,BENEFICIARY_NOT_CREDITED
10592.85,20,127.75102314921807,0,SBI,@ybl,TRANSACTION_TIMEOUT
1675.74,15,93.65977471015,0,ICICI,@upi,TRANSACTION_TIMEOUT
84233.03,17,72.43121172745101,0,KOTAK,@paytm,BENEFICIARY_NOT_CREDITED
475.01,1,6.160974214163318,0,KOTAK,@ybl,TECHNICAL_DECLINE
1980.24,21,157.48711990124497,0,BOB,@phonepe,TRANSACTION_TIMEOUT
25858.59,10,129.36401108708412,0,HDFC,@paytm,BENEFICIARY_NOT_CREDITED
3673.09,5,176.12229314244922,0,HDFC,@paytm,TRANSACTION_TIMEOUT
17547.43,9,95.71984607916826,0,PNB,@ybl,TRANSACTION_TIMEOUT
12513.83,8,99.88282575414614,0,BOB,@gpay,TRANSACTION_TIMEOUT
1932.37,19,23.572468508014595,1,SBI,@upi,DUPLICATE_TRANSACTION
21746.57,0,0.4209890100004978,0,HDFC,@paytm,WRONG_DEBIT
6592.43,15,16.603349519686386,1,BOB,@upi,DUPLICATE_TRANSACTION
3656.97,9,7.421992493849915,0,KOTAK,@phonepe,TECHNICAL_DECLINE
16112.35,2,67.0136024693945,0,HDFC,@gpay,TRANSACTION_TIMEOUT
40816.81,22,69.8774661835426,0,BOB,@paytm,WRONG_DEBIT
4863.06,10,15.593755824884212,1,AXIS,@upi,DUPLICATE_TRANSACTION
1035.48,9,9.23665375680556,0,ICICI,@ybl,TECHNICAL_DECLINE
534.15,5,185.16713111972942,0,PNB,@upi,TRANSACTION_TIMEOUT
19280.95,15,50.9834223589976,0,AXIS,@okaxis,TRANSACTION_TIMEOUT
2093.25,17,19.906818300575946,1,AXIS,@paytm,DUPLICATE_TRANSACTION
1283.49,15,164.57431863560933,0,BOB,@ybl,BENEFICIARY_NOT_CREDITED
3019.61,17,11.988316412935363,0,HDFC,@ybl,TECHNICAL_DECLINE
9773.41,18,158.14135614743293,0,PNB,@ybl,TRANSACTION_TIMEOUT
7171.47,16,0.45647181665978476,1,KOTAK,@phonepe,DUPLICATE_TRANSACTION
411.2,20,5.005649497134142,0,AXIS,@paytm,TECHNICAL_DECLINE
12491.66,20,100.70814523209228,0,PNB,@ybl,TRANSACTION_TIMEOUT
8150.54,23,13.838493420074215,0,SBI,@ybl,WRONG_DEBIT
5125.6,17,21.817683700020446,1,SBI,@okaxis,DUPLICATE_TRANSACTION
2710.06,9,157.89524051644315,0,AXIS,@ybl,TRANSACTION_TIMEOUT
79699.28,11,104.84767719808097,0,SBI,@upi,BENEFICIARY_NOT_CREDITED
33386.12,4,12.476959454736587,0,ICICI,@okaxis,WRONG_DEBIT
2107.98,13,191.34431415090427,0,AXIS,@phonepe,TRANSACTION_TIMEOUT
2173.39,8,23.98226934995602,1,SBI,@phonepe,DUPLICATE_TRANSACTION
67854.32,11,139.2674309650816,0,KOTAK,@paytm,BENEFICIARY_NOT_CREDITED
16952.96,3,44.46453035117461,0,HDFC,@okaxis,WRONG_DEBIT
4915.02,13,18.83725929651993,1,BOB,@paytm,DUPLICATE_TRANSACTION
1410.71,4,10.240897776794633,0,BOB,@okaxis,TECHNICAL_DECLINE
3380.48,22,0.6050645047395311,0,AXIS,@ybl,TECHNICAL_DECLINE
48735.52,19,43.89522105690278,0,BOB,@paytm,WRONG_DEBIT
305.65,3,2.004555579715322,0,HDFC,@gpay,TECHNICAL_DECLINE
16124.74,13,119.26328138063468,0,BOB,@okaxis,BENEFICIARY_NOT_CREDITED
14677.78,3,71.45295132963457,0,SBI,@phonepe,TRANSACTION_TIMEOUT
1317.54,11,10.538603061968683,1,AXIS,@paytm,DUPLICATE_TRANSACTION
8364.65,15,8.19168167473524,1,KOTAK,@gpay,DUPLICATE_TRANSACTION
13374.18,22,54.34885530084833,0,SBI,@upi,WRONG_DEBIT
1600.95,20,12.711606577942765,1,BOB,@gpay,DUPLICATE_TRANSACTION
8037.51,14,22.032481385941978,1,AXIS,@okaxis,DUPLICATE_TRANSACTION
94402.16,16,25.31257908504724,0,HDFC,@upi,BENEFICIARY_NOT_CREDITED
4723.85,2,4.059643535149506,0,AXIS,@gpay,TECHNICAL_DECLINE
1323.22,1,148.34677818583597,0,PNB,@gpay,TRANSACTION_TIMEOUT
383.27,20,11.760564897659675,0,BOB,@upi,TECHNICAL_DECLINE
4866.04,13,4.824033816377774,0,PNB,@upi,TECHNICAL_DECLINE
4380.38,23,8.91237002435582,0,SBI,@paytm,TECHNICAL_DECLINE
90070.75,18,154.71524880473257,0,PNB,@ybl,BENEFICIARY_NOT_CREDITED
12913.2,17,142.90267145505487,0,KOTAK,@upi,TRANSACTION_TIMEOUT
13979.67,20,109.48486725882329,0,ICICI,@phonepe,TRANSACTION_TIMEOUT
1944.81,10,28.079534800403597,0,PNB,@upi,WRONG_DEBIT
5252.65,16,6.814268627238484,1,HDFC,@okaxis,DUPLICATE_TRANSACTION
1630.04,10,9.084555891366497,0,ICICI,@paytm,TECHNICAL_DECLINE
44526.93,17,42.66025932599375,0,ICICI,@phonepe,WRONG_DEBIT
19740.4,3,159.261897154985,0,BOB,@phonepe,TRANSACTION_TIMEOUT
62885.46,14,21.676774099256004,0,BOB,@upi,BENEFICIARY_NOT_CREDITED
22491.97,18,53.05382609647039,0,AXIS,@phonepe,WRONG_DEBIT
8073.34,17,13.57433343791612,1,PNB,@upi,DUPLICATE_TRANSACTION
4238.03,7,4.204045620489264,0,SBI,@upi,TECHNICAL_DECLINE
3394.93,22,4.531988697022197,0,PNB,@gpay,TECHNICAL_DECLINE
16459.56,18,13.863978886937169,0,BOB,@phonepe,WRONG_DEBIT
2049.96,22,112.70520411374062,0,AXIS,@paytm,TRANSACTION_TIMEOUT
3203.46,4,34.29022115069983,0,AXIS,@paytm,WRONG_DEBIT
67843.83,15,99.23598946890033,0,KOTAK,@ybl,BENEFICIARY_NOT_CREDITED
58638.23,15,167.4174665174883,0,PNB,@ybl,BENEFICIARY_NOT_CREDITED
16493.86,4,124.87945541234943,0,AXIS,@upi,TRANSACTION_TIMEOUT
2674.77,22,126.00419374717244,0,KOTAK,@paytm,TRANSACTION_TIMEOUT
4608.78,8,17.915911344916765,1,KOTAK,@phonepe,DUPLICATE_TRANSACTION
30119.85,13,7.9442037396310425,0,SBI,@okaxis,WRONG_DEBIT
4508.07,11,20.662949636839684,0,SBI,@phonepe,BENEFICIARY_NOT_CREDITED
29751.14,9,133.13101807876816,0,ICICI,@okaxis,BENEFICIARY_NOT_CREDITED
1068.16,9,183.13669534839175,0,ICICI,@gpay,TRANSACTION_TIMEOUT
141.51,17,100.99463941357888,0,BOB,@paytm,TRANSACTION_TIMEOUT
9675.41,9,133.9961243626543,0,SBI,@ybl,TRANSACTION_TIMEOUT
16705.75,19,68.18706032497127,0,ICICI,@okaxis,TRANSACTION_TIMEOUT
15257.41,21,116.25936030332262,0,BOB,@upi,TRANSACTION_TIMEOUT
9386.84,18,111.97188617392959,0,AXIS,@ybl,BENEFICIARY_NOT_CREDITED
9012.42,13,12.983866818991846,1,PNB,@ybl,DUPLICATE_TRANSACTION
64768.69,11,119.10384056823166,0,KOTAK,@upi,BENEFICIARY_NOT_CREDITED
56323.91,10,108.53366966852487,0,HDFC,@gpay,BENEFICIARY_NOT_CREDITED
2754.99,1,11.48751368256608,0,KOTAK,@gpay,TECHNICAL_DECLINE
10102.51,0,66.28304281871519,0,KOTAK,@gpay,TRANSACTION_TIMEOUT
13820.63,6,17.660641996098455,0,PNB,@okaxis,WRONG_DEBIT
1784.49,17,140.24193281460953,0,AXIS,@okaxis,TRANSACTION_TIMEOUT
24624.5,0,24.476871963331504,0,ICICI,@ybl,WRONG_DEBIT
42996.46,10,27.50479080168009,0,HDFC,@paytm,WRONG_DEBIT
27134.79,9,10.370466211081762,0,SBI,@paytm,WRONG_DEBIT
3137.26,14,16.286605626796074,1,HDFC,@okaxis,DUPLICATE_TRANSACTION
18555.06,9,50.77006426542946,0,HDFC,@phonepe,BENEFICIARY_NOT_CREDITED
4186.95,13,6.19042295971748,1,BOB,@paytm,DUPLICATE_TRANSACTION
10207.72,19,42.19409353306413,0,AXIS,@okaxis,WRONG_DEBIT
1986.74,3,3.231450324711082,0,SBI,@ybl,TECHNICAL_DECLINE
2094.67,15,0.3468772537255691,0,PNB,@gpay,TECHNICAL_DECLINE
13531.07,18,48.60701488933472,0,ICICI,@okaxis,WRONG_DEBIT
3115.67,14,10.703574136002365,1,BOB,@upi,DUPLICATE_TRANSACTION
1096.94,4,4.479662645498491,0,ICICI,@gpay,TECHNICAL_DECLINE
4767.8,17,5.420904014270789,0,HDFC,@ybl,TECHNICAL_DECLINE
1517.32,5,0.006515180484206962,0,AXIS,@phonepe,TECHNICAL_DECLINE
1329.36,21,4.561842173270153,0,SBI,@upi,TECHNICAL_DECLINE
5893.08,16,6.751470931557069,1,ICICI,@upi,DUPLICATE_TRANSACTION
2859.1,9,1.0765812452410062,0,PNB,@paytm,TECHNICAL_DECLINE
7278.23,12,21.07870306348129,1,ICICI,@okaxis,DUPLICATE_TRANSACTION
4791.34,10,10.607179345080343,0,SBI,@upi,TECHNICAL_DECLINE
97974.21,16,46.593194231912655,0,PNB,@phonepe,BENEFICIARY_NOT_CREDITED
21457.08,18,55.85235972442523,0,PNB,@gpay,BENEFICIARY_NOT_CREDITED
30478.46,0,64.90403956688687,0,PNB,@gpay,WRONG_DEBIT
11160.23,22,154.90155060831054,0,BOB,@ybl,TRANSACTION_TIMEOUT
497.63,20,7.815197653548996,0,KOTAK,@paytm,TECHNICAL_DECLINE
13477.69,11,195.74993219630977,0,AXIS,@okaxis,TRANSACTION_TIMEOUT
38981.73,9,21.835565412563476,0,SBI,@gpay,BENEFICIARY_NOT_CREDITED
286.33,23,51.006813789009975,0,SBI,@upi,TRANSACTION_TIMEOUT
19555.41,18,105.414505218199,0,BOB,@upi,BENEFICIARY_NOT_CREDITED
2419.15,15,23.215116148531287,1,HDFC,@phonepe,DUPLICATE_TRANSACTION
18099.7,22,140.11609852150917,0,HDFC,@gpay,TRANSACTION_TIMEOUT
2307.84,8,134.50353917516392,0,AXIS,@gpay,TRANSACTION_TIMEOUT
1049.47,23,6.78848457385679,0,PNB,@okaxis,TECHNICAL_DECLINE
960.09,18,1.538956738648424,0,HDFC,@gpay,TECHNICAL_DECLINE
93389.56,12,148.12751655544602,0,PNB,@phonepe,BENEFICIARY_NOT_CREDITED
8491.91,8,23.806832486953272,1,PNB,@upi,DUPLICATE_TRANSACTION
3110.84,21,6.721391727009587,0,AXIS,@paytm,TECHNICAL_DECLINE
12855.23,20,55.883145226439005,0,SBI,@ybl,TRANSACTION_TIMEOUT
5553.31,21,126.78088092000174,0,AXIS,@phonepe,TRANSACTION_TIMEOUT
3819.21,23,2.6945784729985576,0,SBI,@ybl,TECHNICAL_DECLINE
2299.42,0,4.702306615824234,0,SBI,@paytm,TECHNICAL_DECLINE
4057.6,23,2.7075360397781973,0,PNB,@ybl,TECHNICAL_DECLINE
45858.06,6,11.842673418701988,0,SBI,@paytm,WRONG_DEBIT
1490.85,13,58.18025333978007,0,KOTAK,@upi,WRONG_DEBIT
84130.5,12,19.00938910310923,0,ICICI,@phonepe,BENEFICIARY_NOT_CREDITED
41099.53,16,57.17600060288268,0,HDFC,@okaxis,WRONG_DEBIT
2248.79,3,7.504185090642229,0,KOTAK,@paytm,TECHNICAL_DECLINE
48728.83,1,27.172449578017876,0,BOB,@upi,WRONG_DEBIT
39154.05,1,66.17633671888612,0,AXIS,@paytm,WRONG_DEBIT
61268.49,15,11.98697327081267,0,PNB,@paytm,BENEFICIARY_NOT_CREDITED
355.8,12,4.8201967563477375,0,KOTAK,@ybl,TECHNICAL_DECLINE
8659.37,20,15.833376757623222,1,HDFC,@ybl,DUPLICATE_TRANSACTION
9337.76,13,181.75060145759602,0,KOTAK,@paytm,TRANSACTION_TIMEOUT
65266.68,9,76.83081948291176,0,SBI,@okaxis,BENEFICIARY_NOT_CREDITED
1169.27,8,14.284202584022175,1,HDFC,@okaxis,DUPLICATE_TRANSACTION
9053.26,10,15.296729655664802,1,SBI,@phonepe,DUPLICATE_TRANSACTION
9679.85,19,115.58289566830067,0,ICICI,@gpay,TRANSACTION_TIMEOUT
3118.51,9,42.08560525909859,0,KOTAK,@upi,WRONG_DEBIT
31463.23,17,130.50777594983072,0,ICICI,@ybl,BENEFICIARY_NOT_CREDITED
60531.28,13,62.59460919376661,0,HDFC,@okaxis,BENEFICIARY_NOT_CREDITED
3322.62,4,0.6878117535162578,0,KOTAK,@okaxis,TECHNICAL_DECLINE
21160.85,6,70.30877559204978,0,PNB,@gpay,WRONG_DEBIT
17143.44,21,34.25220431405509,0,PNB,@ybl,WRONG_DEBIT
3492.83,18,6.793162908828099,0,SBI,@okaxis,TECHNICAL_DECLINE
42160.18,11,18.509598716113334,0,BOB,@paytm,BENEFICIARY_NOT_CREDITED
4466.18,0,145.09259165748813,0,PNB,@gpay,TRANSACTION_TIMEOUT
12516.01,7,121.07342356187922,0,BOB,@phonepe,TRANSACTION_TIMEOUT
4185.8,5,173.56481711910266,0,HDFC,@phonepe,TRANSACTION_TIMEOUT
3779.18,0,39.93779564122579,0,ICICI,@phonepe,WRONG_DEBIT
3968.63,18,186.73173228175176,0,SBI,@paytm,TRANSACTION_TIMEOUT
10036.23,9,12.538555858761384,0,SBI,@upi,WRONG_DEBIT
3464.19,16,5.903142245747105,1,ICICI,@paytm,DUPLICATE_TRANSACTION
8444.53,22,2.4285652078975,1,BOB,@upi,DUPLICATE_TRANSACTION
3851.34,20,21.240276594931306,1,SBI,@gpay,DUPLICATE_TRANSACTION
45892.27,14,136.1844576387293,0,PNB,@gpay,BENEFICIARY_NOT_CREDITED
4887.8,19,10.579965540801112,0,PNB,@paytm,TECHNICAL_DECLINE
7307.17,4,57.232664388821725,0,ICICI,@okaxis,WRONG_DEBIT
13917.64,10,139.13147271640676,0,PNB,@gpay,TRANSACTION_TIMEOUT
38177.81,18,13.615355830783777,0,KOTAK,@phonepe,WRONG_DEBIT
3344.04,8,15.10701938789104,1,SBI,@gpay,DUPLICATE_TRANSACTION
4845.08,15,2.51085088199066,0,HDFC,@ybl,TECHNICAL_DECLINE
417.88,16,4.657390125212791,0,PNB,@okaxis,TECHNICAL_DECLINE
50109.48,16,30.89275240707741,0,PNB,@phonepe,BENEFICIARY_NOT_CREDITED
3503.1,22,11.46902270568538,0,AXIS,@phonepe,TECHNICAL_DECLINE
2064.64,18,7.796847138101263,0,ICICI,@gpay,TECHNICAL_DECLINE
4575.59,11,9.50159941052086,1,SBI,@ybl,DUPLICATE_TRANSACTION
11470.27,11,86.68844476106688,0,HDFC,@gpay,TRANSACTION_TIMEOUT
14822.9,16,25.313396517729647,0,KOTAK,@paytm,WRONG_DEBIT
10294.02,10,112.76755622457699,0,AXIS,@ybl,TRANSACTION_TIMEOUT
7413.49,15,96.18710471316396,0,AXIS,@paytm,TRANSACTION_TIMEOUT
4472.72,12,15.488516463498193,1,SBI,@paytm,DUPLICATE_TRANSACTION
84339.04,17,92.29086558141026,0,HDFC,@phonepe,BENEFICIARY_NOT_CREDITED
1074.25,9,8.64568538158203,1,KOTAK,@gpay,DUPLICATE_TRANSACTION
20066.31,14,42.75394837225601,0,PNB,@upi,BENEFICIARY_NOT_CREDITED
19468.92,18,167.6652828084191,0,BOB,@upi,BENEFICIARY_NOT_CREDITED
4570.67,0,9.240913090062811,0,SBI,@phonepe,TECHNICAL_DECLINE
18921.72,18,163.1865234047688,0,HDFC,@ybl,TRANSACTION_TIMEOUT
4947.45,4,10.385593449846382,0,ICICI,@gpay,TECHNICAL_DECLINE
4796.94,16,14.088087341661687,1,KOTAK,@ybl,DUPLICATE_TRANSACTION
6879.13,2,95.58737469138096,0,ICICI,@ybl,TRANSACTION_TIMEOUT
4270.74,14,177.64750698867377,0,HDFC,@phonepe,TRANSACTION_TIMEOUT
5817.33,10,7.333726455572962,1,PNB,@paytm,DUPLICATE_TRANSACTION
16226.99,11,99.65298076178563,0,AXIS,@ybl,TRANSACTION_TIMEOUT
15280.55,22,129.71580896932522,0,SBI,@okaxis,TRANSACTION_TIMEOUT
28422.11,1,66.3943817169793,0,ICICI,@phonepe,WRONG_DEBIT
3186.21,19,10.96502634356951,0,KOTAK,@ybl,TECHNICAL_DECLINE
4163.67,12,57.68380571337467,0,AXIS,@gpay,TRANSACTION_TIMEOUT
2261.9,18,194.21459821338482,0,PNB,@phonepe,TRANSACTION_TIMEOUT
8654.04,21,39.809287822170546,0,HDFC,@upi,WRONG_DEBIT
2494.21,5,2.387984818472656,0,AXIS,@phonepe,TECHNICAL_DECLINE
2407.09,18,12.585496736165183,1,AXIS,@paytm,DUPLICATE_TRANSACTION
52093.9,11,55.57093575277273,0,AXIS,@ybl,BENEFICIARY_NOT_CREDITED
9896.99,10,12.874872461273645,1,AXIS,@upi,DUPLICATE_TRANSACTION
19510.75,6,9.35512440407524,0,ICICI,@phonepe,WRONG_DEBIT
16376.13,21,120.16656369071266,0,KOTAK,@okaxis,TRANSACTION_TIMEOUT
58955.45,17,120.70093190198838,0,AXIS,@phonepe,BENEFICIARY_NOT_CREDITED
173.69,10,10.697557937616711,1,BOB,@ybl,DUPLICATE_TRANSACTION
4057.07,16,3.94669755491339,0,KOTAK,@ybl,TECHNICAL_DECLINE
9307.64,1,160.06818805521434,0,SBI,@upi,TRANSACTION_TIMEOUT
7000.96,22,168.43671135017428,0,AXIS,@okaxis,TRANSACTION_TIMEOUT
4209.02,10,21.599150887322992,1,PNB,@ybl,DUPLICATE_TRANSACTION
7754.83,21,75.88353647422305,0,KOTAK,@paytm,TRANSACTION_TIMEOUT
14003.03,1,84.4336791530427,0,BOB,@gpay,TRANSACTION_TIMEOUT
88314.31,17,49.745561617104016,0,HDFC,@upi,BENEFICIARY_NOT_CREDITED
9096.49,14,23.81735332522287,1,KOTAK,@paytm,DUPLICATE_TRANSACTION
8115.1,10,85.23393868663925,0,BOB,@phonepe,BENEFICIARY_NOT_CREDITED
9073.63,8,79.52055851311843,0,HDFC,@ybl,TRANSACTION_TIMEOUT
3752.46,22,48.64478878662736,0,AXIS,@ybl,WRONG_DEBIT
74722.76,12,67.2446127482382,0,HDFC,@phonepe,BENEFICIARY_NOT_CREDITED
35484.07,4,23.55194610551954,0,PNB,@ybl,WRONG_DEBIT
9281.0,2,131.3611381342071,0,ICICI,@upi,TRANSACTION_TIMEOUT
2891.09,8,175.9175050297954,0,ICICI,@paytm,TRANSACTION_TIMEOUT
592.52,9,1.4898165942419017,0,PNB,@ybl,TECHNICAL_DECLINE
868.09,20,0.269054831990565,1,SBI,@gpay,DUPLICATE_TRANSACTION
7225.93,6,156.59066537943195,0,PNB,@okaxis,TRANSACTION_TIMEOUT
4476.38,8,20.076027387641144,1,BOB,@okaxis,DUPLICATE_TRANSACTION
19591.86,9,31.96704128216131,0,KOTAK,@paytm,WRONG_DEBIT
38643.24,6,66.87507976575482,0,SBI,@gpay,WRONG_DEBIT
1004.73,14,0.6706600766105577,1,HDFC,@phonepe,DUPLICATE_TRANSACTION
6831.6,9,5.293628446831448,1,HDFC,@upi,DUPLICATE_TRANSACTION
7267.71,8,9.9763202391565,1,HDFC,@phonepe,DUPLICATE_TRANSACTION
56424.38,12,105.32044998250099,0,KOTAK,@ybl,BENEFICIARY_NOT_CREDITED
2504.0,6,64.09456782191694,0,SBI,@gpay,TRANSACTION_TIMEOUT
20166.76,10,0.8626592458891782,0,ICICI,@ybl,WRONG_DEBIT
753.56,21,6.682982978214918,1,KOTAK,@phonepe,DUPLICATE_TRANSACTION
3459.83,6,29.598972184288986,0,BOB,@okaxis,WRONG_DEBIT
19663.74,3,156.30472851916844,0,BOB,@okaxis,TRANSACTION_TIMEOUT
2594.21,9,14.396811483684946,1,PNB,@upi,DUPLICATE_TRANSACTION
13590.22,22,68.20557828598524,0,ICICI,@upi,TRANSACTION_TIMEOUT
97813.14,16,12.274751707632618,0,HDFC,@okaxis,BENEFICIARY_NOT_CREDITED
2299.67,16,7.687103457016997,0,ICICI,@okaxis,TECHNICAL_DECLINE
3552.68,0,2.791270853985551,0,KOTAK,@paytm,TECHNICAL_DECLINE
24021.43,15,127.46003918105465,0,KOTAK,@paytm,BENEFICIARY_NOT_CREDITED
6964.02,15,21.356260586864114,0,ICICI,@ybl,WRONG_DEBIT
6456.19,11,22.161819349284485,1,KOTAK,@ybl,DUPLICATE_TRANSACTION
13859.57,14,108.48154595810276,0,BOB,@paytm,BENEFICIARY_NOT_CREDITED
3979.72,13,7.7765571009555945,0,SBI,@paytm,TECHNICAL_DECLINE
8484.65,13,8.22548197071236,1,ICICI,@okaxis,DUPLICATE_TRANSACTION
45340.94,21,71.16309191197409,0,BOB,@upi,WRONG_DEBIT
6119.83,14,12.515326259428917,1,ICICI,@ybl,DUPLICATE_TRANSACTION
3324.38,15,5.038914238390368,0,ICICI,@paytm,WRONG_DEBIT
9388.92,10,2.2022254181520617,1,KOTAK,@okaxis,DUPLICATE_TRANSACTION
2439.47,9,10.229755590854126,1,AXIS,@phonepe,DUPLICATE_TRANSACTION
7244.57,11,10.176402600366265,1,KOTAK,@gpay,DUPLICATE_TRANSACTION
28892.61,16,162.61021038253477,0,ICICI,@phonepe,BENEFICIARY_NOT_CREDITED
1692.32,11,108.53315992216064,0,ICICI,@ybl,TRANSACTION_TIMEOUT
8511.68,19,159.7090718886363,0,BOB,@gpay,TRANSACTION_TIMEOUT
494.24,12,112.96438766877662,0,HDFC,@phonepe,TRANSACTION_TIMEOUT
2732.27,17,8.719778821679888,0,SBI,@ybl,TECHNICAL_DECLINE
6186.36,9,105.02232650999426,0,KOTAK,@ybl,TRANSACTION_TIMEOUT
16728.38,22,33.78661064871798,0,ICICI,@gpay,WRONG_DEBIT
740.43,16,52.58654222059896,0,SBI,@ybl,WRONG_DEBIT
18521.25,12,195.51488078246626,0,SBI,@ybl,TRANSACTION_TIMEOUT
6225.44,18,58.827622101722,0,HDFC,@paytm,TRANSACTION_TIMEOUT
18649.38,5,77.52268645143903,0,AXIS,@phonepe,TRANSACTION_TIMEOUT
51206.03,16,107.04161740077829,0,SBI,@upi,BENEFICIARY_NOT_CREDITED
32580.23,13,52.96782280332603,0,ICICI,@ybl,WRONG_DEBIT
46081.28,11,45.428595385493665,0,PNB,@paytm,WRONG_DEBIT
2687.17,15,22.66236531991955,1,ICICI,@phonepe,DUPLICATE_TRANSACTION
6061.28,18,20.196381597774163,1,HDFC,@paytm,DUPLICATE_TRANSACTION
32255.43,12,28.632018348850483,0,KOTAK,@paytm,WRONG_DEBIT
4558.75,13,1.989883288420697,0,AXIS,@phonepe,TECHNICAL_DECLINE
50314.36,17,110.96717201225978,0,AXIS,@okaxis,BENEFICIARY_NOT_CREDITED
73526.38,10,19.248769978002457,0,KOTAK,@phonepe,BENEFICIARY_NOT_CREDITED
2763.31,11,22.320404782585545,1,AXIS,@upi,DUPLICATE_TRANSACTION
1138.82,11,137.33702614246147,0,HDFC,@paytm,BENEFICIARY_NOT_CREDITED
38709.81,13,37.797263190244486,0,PNB,@phonepe,WRONG_DEBIT
3495.62,11,76.33280589442829,0,ICICI,@gpay,TRANSACTION_TIMEOUT
3721.49,3,116.50043921320142,0,BOB,@gpay,TRANSACTION_TIMEOUT
2089.31,19,4.385505582543365,1,BOB,@gpay,DUPLICATE_TRANSACTION
98303.24,15,74.60198510946215,0,KOTAK,@paytm,BENEFICIARY_NOT_CREDITED
890.12,9,9.065484903695864,1,SBI,@paytm,DUPLICATE_TRANSACTION
3451.83,12,80.80881881734322,0,PNB,@paytm,BENEFICIARY_NOT_CREDITED
3146.72,0,47.9032040382629,0,BOB,@paytm,WRONG_DEBIT
10632.31,0,27.04793783586405,0,KOTAK,@phonepe,WRONG_DEBIT
9517.31,10,139.8644757365953,0,SBI,@phonepe,TRANSACTION_TIMEOUT
99944.79,12,158.14550480486582,0,PNB,@ybl,BENEFICIARY_NOT_CREDITED
12255.1,11,180.70776970832642,0,BOB,@paytm,TRANSACTION_TIMEOUT
22900.27,22,28.930201681076383,0,BOB,@gpay,WRONG_DEBIT
30135.27,16,20.1216621732448,0,PNB,@gpay,WRONG_DEBIT
45465.85,16,86.9906382709156,0,PNB,@gpay,BENEFICIARY_NOT_CREDITED
49310.45,10,1.1973818960187206,0,SBI,@paytm,WRONG_DEBIT
67953.98,12,102.3294237249906,0,AXIS,@upi,BENEFICIARY_NOT_CREDITED
3990.41,11,5.134995365657038,0,AXIS,@upi,TECHNICAL_DECLINE
36740.46,9,43.71651427481726,0,PNB,@gpay,WRONG_DEBIT
4393.55,22,6.055639389015354,0,ICICI,@ybl,TECHNICAL_DECLINE
15137.28,21,71.73394125334738,0,BOB,@ybl,WRONG_DEBIT
8974.44,9,11.572045087094683,1,KOTAK,@gpay,DUPLICATE_TRANSACTION
2195.24,20,22.661037086202818,1,PNB,@paytm,DUPLICATE_TRANSACTION
21801.18,22,2.103968289024677,0,SBI,@ybl,WRONG_DEBIT
22427.42,13,112.21075776623552,0,PNB,@paytm,BENEFICIARY_NOT_CREDITED
9235.09,18,17.409945754759093,1,HDFC,@upi,DUPLICATE_TRANSACTION
87258.09,18,128.97834357829788,0,KOTAK,@paytm,BENEFICIARY_NOT_CREDITED
38012.53,15,110.20458145611784,0,BOB,@okaxis,BENEFICIARY_NOT_CREDITED
16188.1,7,87.38228018272574,0,SBI,@paytm,TRANSACTION_TIMEOUT
4548.06,23,42.63843509166812,0,ICICI,@upi,WRONG_DEBIT
28684.67,4,61.43978225114051,0,AXIS,@okaxis,WRONG_DEBIT
15608.87,18,38.5634189074468,0,BOB,@ybl,WRONG_DEBIT
6460.9,11,169.22275715510494,0,BOB,@gpay,TRANSACTION_TIMEOUT
3352.34,18,2.6656986868309307,0,AXIS,@paytm,TECHNICAL_DECLINE
4276.57,10,1.7364094391001421,0,SBI,@gpay,TECHNICAL_DECLINE
13631.62,4,139.42274286654373,0,ICICI,@upi,TRANSACTION_TIMEOUT
29984.13,9,36.1712155886302,0,PNB,@paytm,WRONG_DEBIT
99686.44,18,80.8732187329968,0,BOB,@gpay,BENEFICIARY_NOT_CREDITED
5900.75,12,56.939513423544945,0,BOB,@phonepe,TRANSACTION_TIMEOUT
8296.06,11,20.353678774712936,1,BOB,@gpay,DUPLICATE_TRANSACTION
46165.58,5,61.688073360177384,0,PNB,@ybl,WRONG_DEBIT
98446.76,11,166.5075569048635,0,KOTAK,@ybl,BENEFICIARY_NOT_CREDITED
42532.53,16,166.38248809551666,0,BOB,@ybl,BENEFICIARY_NOT_CREDITED
1529.28,23,91.02206023722394,0,PNB,@gpay,TRANSACTION_TIMEOUT
2029.49,4,3.8810230272054493,0,BOB,@okaxis,TECHNICAL_DECLINE
42505.51,22,21.8933285544987,0,PNB,@gpay,WRONG_DEBIT
774.05,22,5.7893006167782755,0,ICICI,@gpay,TECHNICAL_DECLINE
8063.15,11,17.64765351734841,1,HDFC,@phonepe,DUPLICATE_TRANSACTION
599.54,4,4.518669511413409,0,AXIS,@upi,TECHNICAL_DECLINE
9267.25,9,8.534012491850628,1,AXIS,@gpay,DUPLICATE_TRANSACTION
5955.61,16,46.80704194583728,0,KOTAK,@ybl,WRONG_DEBIT
6307.03,14,5.880024081586509,1,HDFC,@gpay,DUPLICATE_TRANSACTION
9823.66,22,138.61563284018945,0,ICICI,@upi,TRANSACTION_TIMEOUT
15539.41,21,148.09486542359662,0,BOB,@ybl,TRANSACTION_TIMEOUT
5576.8,20,115.65797871226896,0,HDFC,@paytm,TRANSACTION_TIMEOUT
4223.59,15,46.181471587367646,0,KOTAK,@gpay,WRONG_DEBIT
29383.84,18,34.52388235709209,0,PNB,@upi,WRONG_DEBIT
39737.75,5,27.645111224515627,0,PNB,@upi,WRONG_DEBIT
6037.43,4,63.115070770940214,0,HDFC,@upi,TRANSACTION_TIMEOUT
1005.96,22,0.23695666138498783,0,KOTAK,@okaxis,TECHNICAL_DECLINE
2493.96,16,10.045727275436061,0,KOTAK,@upi,TECHNICAL_DECLINE
37700.06,6,69.52903514666804,0,HDFC,@gpay,WRONG_DEBIT
3506.56,0,6.656661222627718,0,BOB,@phonepe,TECHNICAL_DECLINE
2053.24,18,14.848552815542485,0,ICICI,@paytm,WRONG_DEBIT
1358.13,1,1.0153239351447017,0,HDFC,@okaxis,TECHNICAL_DECLINE
36674.18,17,29.657734153043993,0,PNB,@paytm,BENEFICIARY_NOT_CREDITED
3075.94,16,21.710868319774,1,SBI,@upi,DUPLICATE_TRANSACTION
2280.11,18,5.885313900867237,0,SBI,@okaxis,TECHNICAL_DECLINE
60814.13,17,36.04319743725926,0,HDFC,@upi,BENEFICIARY_NOT_CREDITED
11931.31,6,10.200047832571443,0,BOB,@gpay,WRONG_DEBIT
6061.23,11,14.202795331310956,1,SBI,@gpay,DUPLICATE_TRANSACTION
2167.87,17,3.0596084529764442,0,AXIS,@upi,TECHNICAL_DECLINE
4060.59,9,22.673771605642926,1,PNB,@ybl,DUPLICATE_TRANSACTION
5405.45,9,15.10963685500769,1,SBI,@upi,DUPLICATE_TRANSACTION
7173.01,17,15.77563327213009,1,BOB,@okaxis,DUPLICATE_TRANSACTION
903.81,4,3.7963240735932278,0,BOB,@ybl,TECHNICAL_DECLINE
615.61,19,85.61964824634595,0,SBI,@paytm,TRANSACTION_TIMEOUT
638.95,17,4.88137516969079,0,SBI,@upi,TECHNICAL_DECLINE
18204.69,10,56.02110847588044,0,ICICI,@gpay,WRONG_DEBIT
1481.4,15,164.57403065849223,0,ICICI,@ybl,BENEFICIARY_NOT_CREDITED
39158.41,3,12.652658804552615,0,PNB,@phonepe,WRONG_DEBIT
4124.58,15,1.1464866872692205,0,SBI,@upi,TECHNICAL_DECLINE
4340.45,17,3.252647603225732,0,HDFC,@paytm,TECHNICAL_DECLINE
3248.16,20,9.34951994073495,1,SBI,@upi,DUPLICATE_TRANSACTION
2803.19,12,5.722342424897263,0,ICICI,@phonepe,TECHNICAL_DECLINE
34364.25,22,11.195372338179727,0,ICICI,@gpay,WRONG_DEBIT
11394.46,8,56.03542306723541,0,PNB,@upi,TRANSACTION_TIMEOUT
70896.49,12,114.26194259266107,0,AXIS,@upi,BENEFICIARY_NOT_CREDITED
3743.78,11,169.36727260974948,0,KOTAK,@phonepe,TRANSACTION_TIMEOUT
95285.32,17,158.26006057846513,0,BOB,@gpay,BENEFICIARY_NOT_CREDITED
63745.71,10,159.22492630068564,0,AXIS,@phonepe,BENEFICIARY_NOT_CREDITED
31770.37,2,52.556618163605364,0,HDFC,@gpay,WRONG_DEBIT
381.32,23,3.430210371687391,0,AXIS,@paytm,TECHNICAL_DECLINE
13572.96,23,68.73711407860893,0,AXIS,@okaxis,TRANSACTION_TIMEOUT
3519.62,12,0.16680314686476638,0,ICICI,@upi,TECHNICAL_DECLINE
35736.59,22,38.47138725203344,0,SBI,@gpay,WRONG_DEBIT
3451.98,1,7.28848255711663,0,ICICI,@upi,TECHNICAL_DECLINE
4528.61,5,0.9014684886083839,0,BOB,@gpay,TECHNICAL_DECLINE
1831.13,1,5.072667225793706,0,AXIS,@gpay,TECHNICAL_DECLINE
96987.98,14,153.64554422649405,0,ICICI,@okaxis,BENEFICIARY_NOT_CREDITED
14574.23,15,21.135242842600167,0,ICICI,@paytm,WRONG_DEBIT
2028.75,9,11.149308079461285,0,PNB,@okaxis,TECHNICAL_DECLINE
46777.18,19,61.08132817711819,0,HDFC,@phonepe,WRONG_DEBIT
30814.96,10,21.48124678045718,0,HDFC,@paytm,WRONG_DEBIT
89074.53,11,68.14537079786433,0,HDFC,@paytm,BENEFICIARY_NOT_CREDITED
9891.72,2,128.42267750335057,0,ICICI,@ybl,TRANSACTION_TIMEOUT
45664.14,0,11.205388839544556,0,PNB,@phonepe,WRONG_DEBIT
4759.92,13,7.182838862746184,1,AXIS,@gpay,DUPLICATE_TRANSACTION
4076.56,3,11.87243095981229,0,PNB,@ybl,TECHNICAL_DECLINE
1484.76,19,10.415043712701241,1,SBI,@upi,DUPLICATE_TRANSACTION
1195.59,12,0.966151380600988,1,AXIS,@ybl,DUPLICATE_TRANSACTION
90149.28,11,112.2562047856424,0,AXIS,@upi,BENEFICIARY_NOT_CREDITED
12319.83,16,92.87065337419351,0,BOB,@upi,BENEFICIARY_NOT_CREDITED
3316.39,20,18.728099921065542,1,AXIS,@okaxis,DUPLICATE_TRANSACTION
2715.21,3,168.49236943733047,0,ICICI,@gpay,TRANSACTION_TIMEOUT
50250.09,12,9.690652767403579,0,BOB,@phonepe,BENEFICIARY_NOT_CREDITED
19531.13,23,49.22039134813796,0,AXIS,@phonepe,TRANSACTION_TIMEOUT
48849.96,15,42.37379896746126,0,ICICI,@upi,BENEFICIARY_NOT_CREDITED
1015.62,8,9.200731257947085,0,BOB,@phonepe,TECHNICAL_DECLINE
6696.67,14,4.761899019579796,1,PNB,@paytm,DUPLICATE_TRANSACTION
3094.39,6,11.910620020765535,0,KOTAK,@upi,TECHNICAL_DECLINE
2370.9,10,9.63079584330912,1,SBI,@gpay,DUPLICATE_TRANSACTION
4320.4,17,4.791443841028587,1,BOB,@paytm,DUPLICATE_TRANSACTION
8205.21,9,154.42414695220526,0,ICICI,@gpay,TRANSACTION_TIMEOUT
42894.55,9,86.14723668486745,0,PNB,@paytm,BENEFICIARY_NOT_CREDITED
11450.47,14,47.85284210354678,0,SBI,@upi,BENEFICIARY_NOT_CREDITED
5014.68,1,75.62624685626587,0,HDFC,@paytm,TRANSACTION_TIMEOUT
21591.77,16,47.78661203918225,0,KOTAK,@paytm,BENEFICIARY_NOT_CREDITED
3778.32,15,103.2643488854981,0,SBI,@paytm,TRANSACTION_TIMEOUT
33480.48,21,39.72731232250766,0,BOB,@gpay,WRONG_DEBIT
36376.59,14,125.06964733497043,0,KOTAK,@okaxis,BENEFICIARY_NOT_CREDITED
1920.8,20,3.3113633582025734,0,KOTAK,@ybl,TECHNICAL_DECLINE
44370.97,4,45.32822124262374,0,KOTAK,@paytm,WRONG_DEBIT
29369.42,20,58.85345892393007,0,ICICI,@upi,WRONG_DEBIT
18517.46,2,191.15633644968278,0,KOTAK,@phonepe,TRANSACTION_TIMEOUT
72672.39,12,90.10411159968749,0,ICICI,@paytm,BENEFICIARY_NOT_CREDITED
1997.9,16,17.078475103233842,1,BOB,@okaxis,DUPLICATE_TRANSACTION
89543.85,16,106.18739461744889,0,HDFC,@ybl,BENEFICIARY_NOT_CREDITED
24192.75,16,67.05592754912365,0,KOTAK,@paytm,WRONG_DEBIT
6031.62,19,23.21968659083859,1,SBI,@paytm,DUPLICATE_TRANSACTION
397.89,22,2.282291001741456,0,BOB,@ybl,TECHNICAL_DECLINE
13725.42,16,195.6738394751981,0,ICICI,@ybl,TRANSACTION_TIMEOUT
1982.34,12,4.810187513281557,0,SBI,@gpay,TECHNICAL_DECLINE
135.65,17,5.227385328789845,1,PNB,@paytm,DUPLICATE_TRANSACTION
2331.66,22,8.646949993825544,0,SBI,@phonepe,TECHNICAL_DECLINE
3034.0,12,13.251622102100264,1,ICICI,@gpay,DUPLICATE_TRANSACTION
26724.93,9,2.814528629573469,0,ICICI,@phonepe,WRONG_DEBIT
2777.31,20,1.2364793376469212,1,ICICI,@gpay,DUPLICATE_TRANSACTION
669.31,20,4.169542786420841,0,KOTAK,@phonepe,TECHNICAL_DECLINE
8782.99,17,45.09437618097135,0,ICICI,@ybl,BENEFICIARY_NOT_CREDITED
1544.99,1,7.511463655464842,0,HDFC,@phonepe,TECHNICAL_DECLINE
7331.72,12,4.24164573955307,1,HDFC,@okaxis,DUPLICATE_TRANSACTION
621.57,23,8.257384692011563,0,PNB,@phonepe,TECHNICAL_DECLINE
2799.3,14,2.6476684502598364,0,SBI,@gpay,TECHNICAL_DECLINE
3186.02,12,1.8676977258374605,0,ICICI,@upi,TECHNICAL_DECLINE
7435.94,15,62.24104144711866,0,ICICI,@ybl,TRANSACTION_TIMEOUT
8174.42,10,4.532638115225669,1,AXIS,@upi,DUPLICATE_TRANSACTION
6510.89,8,7.443845301196332,1,ICICI,@ybl,DUPLICATE_TRANSACTION
1020.46,4,0.8645842754597988,0,ICICI,@ybl,TECHNICAL_DECLINE
2094.65,16,68.86827688267992,0,BOB,@paytm,TRANSACTION_TIMEOUT
588.68,12,0.24859098583777328,0,BOB,@paytm,TECHNICAL_DECLINE
6695.73,2,19.27126629851582,0,PNB,@okaxis,WRONG_DEBIT
39640.78,0,68.94847375899234,0,HDFC,@okaxis,WRONG_DEBIT
85345.66,10,34.78771424480844,0,AXIS,@okaxis,BENEFICIARY_NOT_CREDITED
16327.75,9,98.42696059341783,0,ICICI,@gpay,TRANSACTION_TIMEOUT
27221.97,8,45.17898141697145,0,HDFC,@paytm,WRONG_DEBIT
5230.48,9,7.384758448832136,0,BOB,@ybl,WRONG_DEBIT
111.98,11,0.5760208773628124,1,AXIS,@ybl,DUPLICATE_TRANSACTION
3597.77,12,5.4212254145784815,1,PNB,@ybl,DUPLICATE_TRANSACTION
24641.85,3,16.16561692450203,0,SBI,@phonepe,WRONG_DEBIT
30823.27,3,25.95553274809577,0,HDFC,@paytm,WRONG_DEBIT
840.4,13,6.365767687694197,0,KOTAK,@gpay,TECHNICAL_DECLINE
3089.38,21,152.44842909155557,0,KOTAK,@phonepe,TRANSACTION_TIMEOUT
87602.52,13,154.01113735418676,0,PNB,@phonepe,BENEFICIARY_NOT_CREDITED
81166.58,10,132.73897310617457,0,BOB,@gpay,BENEFICIARY_NOT_CREDITED
3270.53,14,10.720689425708674,1,BOB,@ybl,DUPLICATE_TRANSACTION
5746.89,13,69.09014263989744,0,SBI,@gpay,WRONG_DEBIT
16220.37,4,13.094808215368904,0,AXIS,@phonepe,WRONG_DEBIT
49673.54,16,116.80127938438773,0,AXIS,@okaxis,BENEFICIARY_NOT_CREDITED
14253.02,12,64.99193023082731,0,KOTAK,@ybl,BENEFICIARY_NOT_CREDITED
2715.48,17,6.434550746208804,0,ICICI,@ybl,TECHNICAL_DECLINE
29090.1,13,37.940108072810645,0,BOB,@upi,WRONG_DEBIT
7060.62,11,8.681026340043445,1,ICICI,@paytm,DUPLICATE_TRANSACTION
56058.26,11,154.790984827251,0,HDFC,@phonepe,BENEFICIARY_NOT_CREDITED
84950.77,11,50.214447117484056,0,ICICI,@okaxis,BENEFICIARY_NOT_CREDITED
4925.7,7,56.49158121305179,0,ICICI,@paytm,TRANSACTION_TIMEOUT
3836.86,8,16.706940823479865,1,AXIS,@phonepe,DUPLICATE_TRANSACTION
35099.95,21,41.87570933484629,0,AXIS,@okaxis,WRONG_DEBIT
398.84,13,3.39065982323765,1,ICICI,@paytm,DUPLICATE_TRANSACTION
28502.24,13,10.779640191123441,0,ICICI,@ybl,WRONG_DEBIT
7506.26,19,22.770378345163053,1,AXIS,@ybl,DUPLICATE_TRANSACTION
44675.38,9,48.89043478355953,0,ICICI,@paytm,BENEFICIARY_NOT_CREDITED
30248.26,5,36.2372704412424,0,HDFC,@ybl,WRONG_DEBIT
13630.08,14,132.23170003394654,0,BOB,@phonepe,TRANSACTION_TIMEOUT
2559.17,22,2.727778264016233,0,ICICI,@phonepe,TECHNICAL_DECLINE
26122.9,4,53.50570117871631,0,AXIS,@okaxis,WRONG_DEBIT
11023.43,5,59.220357520220375,0,KOTAK,@okaxis,WRONG_DEBIT
40846.29,14,34.37397103421133,0,PNB,@upi,WRONG_DEBIT
16562.35,5,56.31009210726296,0,SBI,@upi,TRANSACTION_TIMEOUT
3975.14,3,63.86880937089699,0,SBI,@okaxis,TRANSACTION_TIMEOUT
3290.86,13,28.18098735393465,0,HDFC,@paytm,BENEFICIARY_NOT_CREDITED
6011.4,20,21.83248835369112,1,ICICI,@okaxis,DUPLICATE_TRANSACTION
6420.05,8,5.768043685406686,1,HDFC,@okaxis,DUPLICATE_TRANSACTION
319.89,15,0.5481673522039263,0,SBI,@paytm,TECHNICAL_DECLINE
1343.63,14,126.53046481431397,0,AXIS,@okaxis,BENEFICIARY_NOT_CREDITED
3213.28,14,17.41651499673795,1,ICICI,@upi,DUPLICATE_TRANSACTION
16632.78,23,36.2576450055257,0,KOTAK,@gpay,WRONG_DEBIT
29400.06,12,34.340618448091966,0,BOB,@paytm,WRONG_DEBIT
16541.69,16,14.151727548458025,0,PNB,@paytm,BENEFICIARY_NOT_CREDITED
8855.58,20,16.355033693472173,1,ICICI,@upi,DUPLICATE_TRANSACTION
9934.82,16,12.391219137718473,1,PNB,@okaxis,DUPLICATE_TRANSACTION
4658.11,10,5.369762490870224,0,ICICI,@phonepe,TECHNICAL_DECLINE
36351.48,15,7.682154750403371,0,PNB,@upi,BENEFICIARY_NOT_CREDITED
4858.3,19,140.2453107491116,0,ICICI,@okaxis,TRANSACTION_TIMEOUT
2038.38,0,69.67862323284321,0,BOB,@phonepe,TRANSACTION_TIMEOUT
4350.92,2,5.9869471276504385,0,AXIS,@phonepe,TECHNICAL_DECLINE
9347.15,10,1.63588415624809,1,KOTAK,@phonepe,DUPLICATE_TRANSACTION
9378.31,11,119.67939032550203,0,AXIS,@phonepe,BENEFICIARY_NOT_CREDITED
19571.83,14,146.84439662450876,0,ICICI,@paytm,TRANSACTION_TIMEOUT
2492.47,11,10.308039064999676,0,AXIS,@ybl,TECHNICAL_DECLINE
4593.99,4,5.28993213475337,0,KOTAK,@okaxis,TECHNICAL_DECLINE
37681.47,15,85.49238580588556,0,SBI,@upi,BENEFICIARY_NOT_CREDITED
31068.62,20,4.1082246106495255,0,BOB,@gpay,WRONG_DEBIT
138.92,3,3.4879272022087884,0,ICICI,@okaxis,TECHNICAL_DECLINE
17091.2,7,107.00989583784452,0,AXIS,@upi,TRANSACTION_TIMEOUT
17512.0,14,46.25888275003682,0,BOB,@ybl,WRONG_DEBIT
4382.55,23,7.801079884597244,0,AXIS,@ybl,WRONG_DEBIT
4075.05,9,7.614836694435512,1,KOTAK,@ybl,DUPLICATE_TRANSACTION
7052.68,15,2.7438344261124836,1,AXIS,@paytm,DUPLICATE_TRANSACTION
863.13,15,1.7461656010344369,0,ICICI,@phonepe,TECHNICAL_DECLINE
253.48,19,9.290466282989218,0,HDFC,@phonepe,TECHNICAL_DECLINE
19573.36,6,56.219782293937484,0,BOB,@paytm,TRANSACTION_TIMEOUT
5469.98,20,74.76805410315004,0,ICICI,@paytm,TRANSACTION_TIMEOUT
40804.31,13,146.92057359917848,0,AXIS,@ybl,BENEFICIARY_NOT_CREDITED
1149.11,8,2.2089394775523923,0,HDFC,@paytm,TECHNICAL_DECLINE
6906.18,9,73.0090587600172,0,SBI,@ybl,TRANSACTION_TIMEOUT
9562.44,22,167.1463235052284,0,PNB,@ybl,TRANSACTION_TIMEOUT
91303.48,18,65.98604050609187,0,HDFC,@okaxis,BENEFICIARY_NOT_CREDITED
1072.94,23,8.015549860461594,0,KOTAK,@gpay,TECHNICAL_DECLINE
66574.26,14,3.3691919754039317,0,AXIS,@gpay,BENEFICIARY_NOT_CREDITED
17299.6,3,168.38655647215523,0,PNB,@ybl,TRANSACTION_TIMEOUT
52308.82,9,166.03584724100938,0,BOB,@gpay,BENEFICIARY_NOT_CREDITED
12814.44,18,62.81180028279027,0,ICICI,@upi,TRANSACTION_TIMEOUT
4259.74,16,18.58522549261469,1,KOTAK,@ybl,DUPLICATE_TRANSACTION
3546.05,11,23.3218681239417,1,KOTAK,@paytm,DUPLICATE_TRANSACTION
81471.05,9,51.4247266779942,0,SBI,@okaxis,BENEFICIARY_NOT_CREDITED
34995.93,20,71.9314681949602,0,AXIS,@ybl,WRONG_DEBIT
35545.02,17,72.11681568897784,0,BOB,@phonepe,BENEFICIARY_NOT_CREDITED
46324.81,14,30.843620202427708,0,ICICI,@okaxis,WRONG_DEBIT
897.02,13,4.578759874554985,0,BOB,@upi,TECHNICAL_DECLINE
12718.73,22,142.29722641826444,0,BOB,@paytm,TRANSACTION_TIMEOUT
40316.39,3,6.453931680120306,0,HDFC,@okaxis,WRONG_DEBIT
2163.14,23,162.26246731595324,0,KOTAK,@paytm,TRANSACTION_TIMEOUT
10116.89,1,149.4919405286422,0,BOB,@ybl,TRANSACTION_TIMEOUT
2306.51,15,13.238109895184008,1,HDFC,@gpay,DUPLICATE_TRANSACTION
19015.97,11,195.07764751203496,0,AXIS,@ybl,TRANSACTION_TIMEOUT
251.34,11,166.8938002142188,0,KOTAK,@phonepe,TRANSACTION_TIMEOUT
88020.91,13,52.335246622762504,0,BOB,@ybl,BENEFICIARY_NOT_CREDITED
141.16,22,9.949359840036859,1,HDFC,@paytm,DUPLICATE_TRANSACTION
7926.05,21,19.600968274884803,1,BOB,@upi,DUPLICATE_TRANSACTION
1655.61,5,11.509927115337918,0,AXIS,@gpay,TECHNICAL_DECLINE
4870.1,6,7.395215002694817,0,AXIS,@paytm,TECHNICAL_DECLINE
2202.6,20,4.6849403659125235,0,PNB,@gpay,TECHNICAL_DECLINE
18093.01,16,72.08343561355053,0,ICICI,@paytm,TRANSACTION_TIMEOUT
5092.14,18,13.846409937908879,1,AXIS,@upi,DUPLICATE_TRANSACTION
83815.12,11,159.4329507264612,0,ICICI,@paytm,BENEFICIARY_NOT_CREDITED
1379.45,0,45.280377085822224,0,KOTAK,@gpay,WRONG_DEBIT
30943.17,17,66.28279636809819,0,HDFC,@okaxis,WRONG_DEBIT
603.27,23,67.84329829721865,0,AXIS,@upi,TRANSACTION_TIMEOUT
19062.24,12,50.58605855978599,0,KOTAK,@gpay,BENEFICIARY_NOT_CREDITED
15430.79,21,55.8658276930053,0,HDFC,@gpay,TRANSACTION_TIMEOUT
31955.49,18,62.41961133067447,0,HDFC,@ybl,WRONG_DEBIT
701.15,4,3.389556461154937,0,ICICI,@paytm,TECHNICAL_DECLINE
24762.83,11,65.71577731042164,0,ICICI,@ybl,WRONG_DEBIT
24602.74,0,29.789649227987745,0,AXIS,@upi,WRONG_DEBIT
10593.77,13,27.018314600433207,0,SBI,@upi,WRONG_DEBIT
16190.13,5,93.41075737432632,0,ICICI,@upi,TRANSACTION_TIMEOUT
3192.95,1,1.4064856746121523,0,SBI,@phonepe,TECHNICAL_DECLINE
19898.83,19,131.06538129420738,0,ICICI,@okaxis,TRANSACTION_TIMEOUT
92695.03,12,102.22049929153714,0,KOTAK,@paytm,BENEFICIARY_NOT_CREDITED
2607.55,4,2.595678347367726,0,SBI,@paytm,TECHNICAL_DECLINE
392.03,10,5.2742666751341964,1,PNB,@upi,DUPLICATE_TRANSACTION
2749.15,15,4.781700781565193,1,HDFC,@phonepe,DUPLICATE_TRANSACTION
3294.43,14,8.942333472580767,0,AXIS,@ybl,TECHNICAL_DECLINE
4737.09,6,3.001117781367258,0,ICICI,@upi,TECHNICAL_DECLINE
96206.19,10,98.4692586545392,0,BOB,@okaxis,BENEFICIARY_NOT_CREDITED
16982.48,12,160.2782664789563,0,AXIS,@ybl,BENEFICIARY_NOT_CREDITED
8532.37,23,89.29443642508696,0,SBI,@okaxis,TRANSACTION_TIMEOUT
30404.05,13,14.379895752923382,0,SBI,@phonepe,WRONG_DEBIT
22525.23,1,68.9830156327612,0,SBI,@okaxis,WRONG_DEBIT
5940.12,20,192.4574685298061,0,KOTAK,@phonepe,TRANSACTION_TIMEOUT
695.81,5,170.9741509634818,0,AXIS,@gpay,TRANSACTION_TIMEOUT
24909.16,12,110.71142014166168,0,SBI,@gpay,BENEFICIARY_NOT_CREDITED
12669.21,14,115.94483314320796,0,PNB,@phonepe,BENEFICIARY_NOT_CREDITED
4707.23,20,7.717469733728881,1,ICICI,@okaxis,DUPLICATE_TRANSACTION
19340.99,19,15.27661184938915,0,ICICI,@paytm,WRONG_DEBIT
1462.44,19,11.355252732338915,0,BOB,@upi,TECHNICAL_DECLINE
28740.03,20,30.366010137747956,0,BOB,@ybl,WRONG_DEBIT
81432.75,12,33.91958312163632,0,BOB,@ybl,BENEFICIARY_NOT_CREDITED
1031.16,8,112.02806140577324,0,HDFC,@ybl,TRANSACTION_TIMEOUT
6054.16,17,9.188580436066731,1,KOTAK,@paytm,DUPLICATE_TRANSACTION
2274.71,18,165.98844585400857,0,AXIS,@phonepe,BENEFICIARY_NOT_CREDITED
8432.26,14,0.8881966881447161,1,KOTAK,@okaxis,DUPLICATE_TRANSACTION
16935.75,0,5.000696255507479,0,HDFC,@ybl,WRONG_DEBIT
27830.02,14,67.85750521213652,0,KOTAK,@phonepe,BENEFICIARY_NOT_CREDITED
12285.18,12,93.36345977978,0,AXIS,@ybl,TRANSACTION_TIMEOUT
42169.47,19,7.397539988970372,0,ICICI,@paytm,WRONG_DEBIT
7022.85,10,62.01999146869124,0,PNB,@ybl,WRONG_DEBIT
1784.9,11,17.37858991067585,1,BOB,@phonepe,DUPLICATE_TRANSACTION
4948.87,22,10.416178469582587,0,SBI,@paytm,TECHNICAL_DECLINE
2495.37,9,5.403036616655836,0,SBI,@upi,WRONG_DEBIT
3978.98,12,3.2389446525572088,0,ICICI,@gpay,TECHNICAL_DECLINE
2357.4,4,3.8319921668077908,0,ICICI,@okaxis,TECHNICAL_DECLINE
12774.38,21,66.6007429905838,0,KOTAK,@gpay,TRANSACTION_TIMEOUT
2441.84,15,11.716193432856345,0,SBI,@upi,TECHNICAL_DECLINE
4594.03,8,164.4627013581067,0,PNB,@paytm,TRANSACTION_TIMEOUT
56072.27,12,111.13328988158271,0,PNB,@gpay,BENEFICIARY_NOT_CREDITED
3849.71,15,4.339218849675606,0,HDFC,@upi,WRONG_DEBIT
4734.69,14,4.51001831668238,1,HDFC,@phonepe,DUPLICATE_TRANSACTION
8158.55,20,12.663471313821193,1,BOB,@phonepe,DUPLICATE_TRANSACTION
70996.98,11,142.58376549373122,0,HDFC,@gpay,BENEFICIARY_NOT_CREDITED
9175.3,14,23.401552400427796,1,BOB,@okaxis,DUPLICATE_TRANSACTION
1094.8,12,2.2554416717862464,0,SBI,@ybl,TECHNICAL_DECLINE
6894.03,21,13.853814777442746,1,HDFC,@gpay,DUPLICATE_TRANSACTION
17536.31,23,64.75027499024192,0,HDFC,@ybl,TRANSACTION_TIMEOUT
2740.89,15,15.885252093831074,1,AXIS,@phonepe,DUPLICATE_TRANSACTION
12273.46,17,15.039149948874718,0,AXIS,@gpay,BENEFICIARY_NOT_CREDITED
4029.59,14,12.190243780685574,1,HDFC,@ybl,DUPLICATE_TRANSACTION
37293.18,9,109.31983195901857,0,PNB,@ybl,BENEFICIARY_NOT_CREDITED
3010.66,14,4.23948250902578,1,SBI,@okaxis,DUPLICATE_TRANSACTION
2518.72,13,1.310214729412841,0,HDFC,@upi,TECHNICAL_DECLINE
9593.82,11,2.7645097469933804,1,HDFC,@okaxis,DUPLICATE_TRANSACTION
24257.33,17,17.872342482222106,0,ICICI,@okaxis,BENEFICIARY_NOT_CREDITED
7898.97,3,81.42302125361937,0,BOB,@upi,TRANSACTION_TIMEOUT
49769.58,11,132.21651779113043,0,SBI,@upi,BENEFICIARY_NOT_CREDITED
70732.41,13,123.55833921968078,0,HDFC,@gpay,BENEFICIARY_NOT_CREDITED
4548.13,19,5.721099949397809,0,SBI,@upi,TECHNICAL_DECLINE
1785.3,18,1.6669112145862792,1,ICICI,@phonepe,DUPLICATE_TRANSACTION
2922.49,0,149.23676961764176,0,AXIS,@phonepe,TRANSACTION_TIMEOUT
8958.0,8,63.45054195480308,0,ICICI,@upi,WRONG_DEBIT
29740.86,15,41.9874377852117,0,AXIS,@gpay,WRONG_DEBIT
2276.78,0,134.2245429707097,0,SBI,@gpay,TRANSACTION_TIMEOUT
2565.42,4,9.303078630022117,0,HDFC,@phonepe,TECHNICAL_DECLINE
45535.33,14,166.29545077781688,0,SBI,@upi,BENEFICIARY_NOT_CREDITED
5145.38,14,50.061280174686914,0,SBI,@phonepe,TRANSACTION_TIMEOUT
89191.56,18,81.8872582080297,0,SBI,@upi,BENEFICIARY_NOT_CREDITED
3668.26,0,1.7748046498272503,0,AXIS,@gpay,TECHNICAL_DECLINE
3636.22,8,5.864827318951641,1,PNB,@upi,DUPLICATE_TRANSACTION
7252.46,23,61.56964544552564,0,AXIS,@upi,TRANSACTION_TIMEOUT
48276.11,20,48.87370985175655,0,AXIS,@okaxis,WRONG_DEBIT
2726.56,18,8.372281352519078,1,SBI,@ybl,DUPLICATE_TRANSACTION
2144.74,8,3.711879568449199,0,HDFC,@okaxis,TECHNICAL_DECLINE
3538.99,19,1.475535163294638,0,BOB,@ybl,TECHNICAL_DECLINE
4843.95,11,3.460902402716032,0,HDFC,@ybl,TECHNICAL_DECLINE
4716.54,10,12.556468063593769,1,SBI,@okaxis,DUPLICATE_TRANSACTION
3355.17,9,5.841897573017474,0,HDFC,@phonepe,TECHNICAL_DECLINE
22747.52,6,20.377245511367043,0,KOTAK,@paytm,WRONG_DEBIT
24469.49,0,30.983243654388165,0,PNB,@paytm,WRONG_DEBIT
12646.53,11,63.267990919911256,0,BOB,@okaxis,WRONG_DEBIT
859.68,2,8.558365190386972,0,ICICI,@upi,TECHNICAL_DECLINE
4377.3,22,1.9372305197957784,1,ICICI,@paytm,DUPLICATE_TRANSACTION
18665.4,7,171.3797814781371,0,PNB,@ybl,TRANSACTION_TIMEOUT
8042.36,3,183.74111336254816,0,SBI,@okaxis,TRANSACTION_TIMEOUT
17743.55,15,114.38017624825768,0,SBI,@okaxis,BENEFICIARY_NOT_CREDITED
6864.88,11,6.000490689699188,1,AXIS,@okaxis,DUPLICATE_TRANSACTION
3080.52,9,7.136019510030463,1,PNB,@ybl,DUPLICATE_TRANSACTION
998.52,13,1.1525075857588534,0,KOTAK,@ybl,TECHNICAL_DECLINE
50629.61,14,79.21927201114872,0,AXIS,@ybl,BENEFICIARY_NOT_CREDITED
19232.79,14,52.2062866293554,0,KOTAK,@paytm,TRANSACTION_TIMEOUT
1859.74,4,141.51169969023027,0,SBI,@gpay,TRANSACTION_TIMEOUT
2609.81,4,7.450676906997223,0,KOTAK,@phonepe,TECHNICAL_DECLINE
37791.23,12,9.067380525259917,0,PNB,@paytm,WRONG_DEBIT
16168.87,16,117.95355444817321,0,HDFC,@paytm,TRANSACTION_TIMEOUT
13581.72,20,7.707521975120961,0,KOTAK,@paytm,WRONG_DEBIT
56761.62,14,145.3404587817521,0,HDFC,@upi,BENEFICIARY_NOT_CREDITED
3404.62,23,8.603416537018441,0,PNB,@gpay,TECHNICAL_DECLINE
806.34,23,11.607341542420206,0,ICICI,@gpay,TECHNICAL_DECLINE
3078.83,12,17.259409008471717,1,HDFC,@ybl,DUPLICATE_TRANSACTION
3470.1,3,0.8057047426732513,0,ICICI,@okaxis,TECHNICAL_DECLINE
26039.15,7,14.709143098143524,0,AXIS,@paytm,WRONG_DEBIT
2274.7,1,11.112533312005825,0,SBI,@ybl,TECHNICAL_DECLINE
19655.66,7,175.94156212251409,0,KOTAK,@phonepe,TRANSACTION_TIMEOUT
3438.47,21,7.405902217912363,0,AXIS,@gpay,TECHNICAL_DECLINE
9321.91,23,47.33750612533909,0,ICICI,@okaxis,WRONG_DEBIT
1081.72,15,3.480434264789434,0,PNB,@paytm,TECHNICAL_DECLINE
2515.52,21,3.3021761826743976,0,AXIS,@upi,TECHNICAL_DECLINE
23251.79,13,10.667990163072105,0,SBI,@ybl,WRONG_DEBIT
28254.03,0,41.798741324237234,0,HDFC,@upi,WRONG_DEBIT
2277.95,11,11.553558302459436,0,AXIS,@upi,TECHNICAL_DECLINE
5610.39,5,102.37764474821859,0,BOB,@okaxis,TRANSACTION_TIMEOUT
3553.46,19,12.601335595361766,1,KOTAK,@paytm,DUPLICATE_TRANSACTION
6593.6,13,15.742401251651485,1,KOTAK,@phonepe,DUPLICATE_TRANSACTION
14332.13,4,90.30770194019422,0,BOB,@upi,TRANSACTION_TIMEOUT
92385.96,10,153.9987239254069,0,PNB,@ybl,BENEFICIARY_NOT_CREDITED
19254.84,19,148.16371514958837,0,KOTAK,@upi,TRANSACTION_TIMEOUT
3899.45,16,3.110712211974439,0,PNB,@phonepe,TECHNICAL_DECLINE
4780.45,11,7.013918693435938,0,BOB,@ybl,TECHNICAL_DECLINE
2341.96,23,11.46093655141227,0,HDFC,@upi,WRONG_DEBIT
25021.75,21,34.30173646884766,0,BOB,@gpay,WRONG_DEBIT
1143.77,22,4.175951015024749,1,AXIS,@ybl,DUPLICATE_TRANSACTION
3190.14,8,8.242112358615657,0,BOB,@upi,WRONG_DEBIT
22132.27,11,43.670397679903886,0,BOB,@paytm,WRONG_DEBIT
3279.48,19,10.788231142335345,1,ICICI,@upi,DUPLICATE_TRANSACTION
2826.69,6,3.0299393079670973,0,AXIS,@upi,TECHNICAL_DECLINE
22936.91,11,73.48852242463009,0,KOTAK,@gpay,BENEFICIARY_NOT_CREDITED
29147.19,20,69.10792833673501,0,HDFC,@gpay,WRONG_DEBIT
40519.44,0,25.888392148582398,0,AXIS,@okaxis,WRONG_DEBIT
4336.01,10,2.22365227481972,0,PNB,@upi,TECHNICAL_DECLINE
2531.26,6,6.8444408322193375,0,AXIS,@okaxis,TECHNICAL_DECLINE
35970.28,17,143.52140714991748,0,BOB,@paytm,BENEFICIARY_NOT_CREDITED
8607.48,12,180.84448905864267,0,KOTAK,@paytm,TRANSACTION_TIMEOUT
7845.63,12,2.421912095176129,1,AXIS,@gpay,DUPLICATE_TRANSACTION
30114.33,10,1.6230584392661394,0,BOB,@phonepe,WRONG_DEBIT
39347.43,14,12.348120642437802,0,BOB,@gpay,BENEFICIARY_NOT_CREDITED
7940.32,18,41.31353287759125,0,KOTAK,@okaxis,BENEFICIARY_NOT_CREDITED
1629.97,19,0.679778386289621,0,PNB,@paytm,TECHNICAL_DECLINE
2407.8,8,7.8387840118984595,0,HDFC,@phonepe,TECHNICAL_DECLINE
5291.53,10,182.98026076137913,0,HDFC,@gpay,TRANSACTION_TIMEOUT
5516.16,19,7.910620079786941,1,BOB,@upi,DUPLICATE_TRANSACTION
11857.3,2,58.007669242142335,0,KOTAK,@okaxis,WRONG_DEBIT
17357.69,2,68.39336036122808,0,KOTAK,@upi,WRONG_DEBIT
4653.88,17,5.745257819885076,0,ICICI,@phonepe,TECHNICAL_DECLINE
5292.65,15,36.5475071088794,0,PNB,@phonepe,WRONG_DEBIT
9604.09,7,51.25937585196996,0,HDFC,@paytm,TRANSACTION_TIMEOUT
5388.44,21,9.105321350444772,1,PNB,@upi,DUPLICATE_TRANSACTION
27669.55,1,27.872984879680487,0,AXIS,@upi,WRONG_DEBIT
4354.21,14,13.189078176814991,1,HDFC,@ybl,DUPLICATE_TRANSACTION
44867.62,11,25.328814908433593,0,SBI,@ybl,WRONG_DEBIT
11984.69,2,42.380458121922416,0,ICICI,@ybl,WRONG_DEBIT
2883.44,0,10.479069714530723,0,ICICI,@paytm,TECHNICAL_DECLINE
2927.06,14,13.002730401954878,0,HDFC,@phonepe,WRONG_DEBIT
60440.39,12,167.68083111072275,0,ICICI,@okaxis,BENEFICIARY_NOT_CREDITED
9626.16,3,147.8017230903669,0,HDFC,@phonepe,TRANSACTION_TIMEOUT
1108.72,22,8.822623534210756,0,SBI,@gpay,TECHNICAL_DECLINE
14291.36,11,166.59167763451998,0,SBI,@upi,TRANSACTION_TIMEOUT
5315.76,12,7.652614777881804,1,KOTAK,@okaxis,DUPLICATE_TRANSACTION
2794.48,13,50.79612061709589,0,KOTAK,@ybl,WRONG_DEBIT
8305.38,11,141.51803372041667,0,KOTAK,@gpay,BENEFICIARY_NOT_CREDITED
74319.91,12,21.498924331285995,0,PNB,@gpay,BENEFICIARY_NOT_CREDITED
48897.69,22,31.699973514626784,0,BOB,@ybl,WRONG_DEBIT
1162.35,1,19.461497217518442,0,KOTAK,@ybl,WRONG_DEBIT
82804.3,10,10.97324692166182,0,BOB,@okaxis,BENEFICIARY_NOT_CREDITED
9957.61,12,106.46881398179382,0,HDFC,@gpay,TRANSACTION_TIMEOUT
3855.34,18,10.346039151994933,1,HDFC,@upi,DUPLICATE_TRANSACTION
3614.96,14,157.51638948426157,0,KOTAK,@phonepe,BENEFICIARY_NOT_CREDITED
81119.25,18,37.16287296608925,0,HDFC,@phonepe,BENEFICIARY_NOT_CREDITED
2226.97,13,9.39135215245719,0,PNB,@paytm,TECHNICAL_DECLINE
27709.38,23,67.13803411136422,0,SBI,@okaxis,WRONG_DEBIT
8534.32,23,134.38206425972191,0,KOTAK,@phonepe,TRANSACTION_TIMEOUT
9607.02,15,17.895212887396763,1,ICICI,@gpay,DUPLICATE_TRANSACTION
14106.94,21,68.46964070019337,0,HDFC,@gpay,WRONG_DEBIT
1549.54,18,4.735214445466357,0,KOTAK,@phonepe,TECHNICAL_DECLINE
27240.36,13,131.66519003403332,0,BOB,@okaxis,BENEFICIARY_NOT_CREDITED
6302.89,18,47.57590627008107,0,BOB,@phonepe,WRONG_DEBIT
4493.71,8,10.557822705901389,1,AXIS,@paytm,DUPLICATE_TRANSACTION
48280.69,17,37.37969749598218,0,HDFC,@okaxis,BENEFICIARY_NOT_CREDITED
13894.64,19,39.70424668945304,0,HDFC,@ybl,WRONG_DEBIT
2654.27,20,6.627464221633815,1,BOB,@ybl,DUPLICATE_TRANSACTION
2351.45,10,3.525642848832459,1,KOTAK,@upi,DUPLICATE_TRANSACTION
11710.36,20,2.772128025191982,0,PNB,@okaxis,WRONG_DEBIT
11639.83,1,132.1179744380591,0,ICICI,@paytm,TRANSACTION_TIMEOUT
97540.59,9,114.29076586740806,0,BOB,@phonepe,BENEFICIARY_NOT_CREDITED
3619.76,19,2.816362322842745,0,HDFC,@paytm,TECHNICAL_DECLINE
2274.68,16,0.9294027003924885,0,ICICI,@phonepe,TECHNICAL_DECLINE
1919.66,21,4.991636044209584,0,PNB,@ybl,TECHNICAL_DECLINE
14736.41,14,102.3634455473979,0,SBI,@phonepe,BENEFICIARY_NOT_CREDITED
17958.11,11,119.54412525338597,0,SBI,@okaxis,TRANSACTION_TIMEOUT
8099.61,1,20.942829571531806,0,ICICI,@okaxis,WRONG_DEBIT
5400.98,6,58.17846338855934,0,KOTAK,@upi,WRONG_DEBIT
3938.99,22,4.128632957333907,0,ICICI,@ybl,TECHNICAL_DECLINE
259.74,23,1.8008962316295198,0,BOB,@upi,TECHNICAL_DECLINE
47763.45,7,40.70897171088832,0,KOTAK,@upi,WRONG_DEBIT
3696.36,17,8.796547930351707,0,BOB,@okaxis,TECHNICAL_DECLINE
30394.39,21,37.76026109951877,0,AXIS,@phonepe,WRONG_DEBIT
19904.85,18,49.94190657994604,0,ICICI,@phonepe,BENEFICIARY_NOT_CREDITED
8010.16,13,5.541376851049871,1,SBI,@upi,DUPLICATE_TRANSACTION
34684.35,14,52.761479772238545,0,AXIS,@phonepe,WRONG_DEBIT
17664.03,16,5.503951324923014,0,SBI,@upi,WRONG_DEBIT
12143.85,14,167.51822954166857,0,ICICI,@okaxis,TRANSACTION_TIMEOUT
9264.6,11,18.634758515822718,1,AXIS,@upi,DUPLICATE_TRANSACTION
3362.92,19,3.123347442971701,0,SBI,@phonepe,TECHNICAL_DECLINE
12237.42,15,71.31077257796622,0,ICICI,@okaxis,BENEFICIARY_NOT_CREDITED
12689.33,6,184.78061517586698,0,AXIS,@paytm,TRANSACTION_TIMEOUT
1295.81,12,18.372229377254026,1,PNB,@ybl,DUPLICATE_TRANSACTION
6407.26,1,60.03781633870475,0,HDFC,@upi,WRONG_DEBIT
9900.34,10,12.357530212440487,1,KOTAK,@ybl,DUPLICATE_TRANSACTION
7151.92,12,153.93316224705427,0,ICICI,@upi,TRANSACTION_TIMEOUT
12343.45,14,99.77682635681698,0,KOTAK,@paytm,BENEFICIARY_NOT_CREDITED
3780.25,11,68.39417201519359,0,AXIS,@upi,WRONG_DEBIT
14839.88,13,91.97225352499134,0,AXIS,@upi,TRANSACTION_TIMEOUT
7361.09,19,18.382937119524144,1,BOB,@okaxis,DUPLICATE_TRANSACTION
7697.59,0,42.73583664521185,0,SBI,@upi,WRONG_DEBIT
7649.55,14,74.86178384212712,0,PNB,@okaxis,TRANSACTION_TIMEOUT
94504.43,10,39.78801200283471,0,AXIS,@phonepe,BENEFICIARY_NOT_CREDITED
28250.15,16,41.74763086879557,0,BOB,@ybl,WRONG_DEBIT
32618.61,14,127.46913578953921,0,ICICI,@paytm,BENEFICIARY_NOT_CREDITED
4362.32,12,13.803307750150633,1,KOTAK,@phonepe,DUPLICATE_TRANSACTION
17432.55,5,8.535677587425017,0,SBI,@ybl,WRONG_DEBIT
4550.3,5,91.84878080158785,0,SBI,@okaxis,TRANSACTION_TIMEOUT
46233.34,21,20.061266974748854,0,HDFC,@gpay,WRONG_DEBIT
4210.07,5,0.32820149645729657,0,HDFC,@okaxis,TECHNICAL_DECLINE
4015.06,0,5.8603907375786735,0,BOB,@paytm,TECHNICAL_DECLINE
20712.52,18,72.22592769756118,0,AXIS,@okaxis,BENEFICIARY_NOT_CREDITED
8327.27,12,22.03188463025359,1,PNB,@upi,DUPLICATE_TRANSACTION
22275.81,13,35.51439961001329,0,HDFC,@gpay,WRONG_DEBIT
73297.56,10,162.72940889054115,0,BOB,@paytm,BENEFICIARY_NOT_CREDITED
7300.88,13,3.7614525867212123,1,SBI,@phonepe,DUPLICATE_TRANSACTION
12649.42,16,150.15638439439925,0,HDFC,@upi,TRANSACTION_TIMEOUT
89281.11,9,73.37406325916407,0,PNB,@okaxis,BENEFICIARY_NOT_CREDITED
19444.67,17,111.40878132645078,0,PNB,@paytm,BENEFICIARY_NOT_CREDITED
12371.1,18,27.08705209785898,0,ICICI,@upi,WRONG_DEBIT
2726.33,10,11.628172125912103,1,ICICI,@upi,DUPLICATE_TRANSACTION
5723.73,6,144.4854541207203,0,HDFC,@okaxis,TRANSACTION_TIMEOUT
131.66,9,11.776587645602909,1,KOTAK,@gpay,DUPLICATE_TRANSACTION
484.25,19,6.313771536358275,1,AXIS,@upi,DUPLICATE_TRANSACTION
1250.11,11,5.810796755295497,0,PNB,@gpay,TECHNICAL_DECLINE
84148.84,13,112.55195891115822,0,AXIS,@upi,BENEFICIARY_NOT_CREDITED
11997.06,17,121.10577598887248,0,HDFC,@gpay,TRANSACTION_TIMEOUT
48149.66,9,30.210769934908107,0,AXIS,@phonepe,WRONG_DEBIT
6657.94,9,4.228666567457186,1,SBI,@upi,DUPLICATE_TRANSACTION
17444.17,12,50.746953675301114,0,BOB,@ybl,WRONG_DEBIT
12061.07,21,83.69872615041066,0,SBI,@phonepe,TRANSACTION_TIMEOUT
1154.02,13,0.7296391334167693,0,BOB,@phonepe,TECHNICAL_DECLINE
67661.41,15,66.36019177070334,0,AXIS,@ybl,BENEFICIARY_NOT_CREDITED
5287.92,1,88.78421951679005,0,PNB,@gpay,TRANSACTION_TIMEOUT
63808.49,9,52.52127847638181,0,AXIS,@gpay,BENEFICIARY_NOT_CREDITED
4390.55,17,2.4744098585443495,0,PNB,@paytm,TECHNICAL_DECLINE
3092.68,4,7.259534466841874,0,HDFC,@upi,TECHNICAL_DECLINE
40140.4,2,56.1912138666257,0,SBI,@phonepe,WRONG_DEBIT
410.98,1,6.223787982207243,0,SBI,@okaxis,TECHNICAL_DECLINE
9853.65,21,12.856771480237175,1,BOB,@upi,DUPLICATE_TRANSACTION
2972.86,10,21.855690724947443,1,SBI,@ybl,DUPLICATE_TRANSACTION
5574.22,11,22.560331108625093,1,HDFC,@paytm,DUPLICATE_TRANSACTION
602.35,12,9.496121539315576,0,HDFC,@gpay,TECHNICAL_DECLINE
30495.91,12,106.46976906800823,0,PNB,@gpay,BENEFICIARY_NOT_CREDITED
13695.67,3,58.53570062258735,0,AXIS,@upi,WRONG_DEBIT
2710.74,23,181.24648977100696,0,BOB,@paytm,TRANSACTION_TIMEOUT
3787.12,23,50.65122543939792,0,PNB,@ybl,WRONG_DEBIT
835.62,17,43.55077399437255,0,ICICI,@paytm,WRONG_DEBIT
3983.84,6,9.977660590919099,0,BOB,@phonepe,TECHNICAL_DECLINE
42802.69,9,51.45971412782598,0,AXIS,@gpay,BENEFICIARY_NOT_CREDITED
13287.07,20,41.48648507848997,0,AXIS,@phonepe,WRONG_DEBIT
1951.94,13,133.27143134430648,0,AXIS,@phonepe,TRANSACTION_TIMEOUT
2582.31,12,0.2065503889161895,0,AXIS,@upi,TECHNICAL_DECLINE
19034.0,17,156.61596751557477,0,AXIS,@gpay,TRANSACTION_TIMEOUT
4878.43,12,9.254469504843552,0,AXIS,@phonepe,TECHNICAL_DECLINE
11306.75,20,95.21269263722147,0,ICICI,@upi,TRANSACTION_TIMEOUT
4859.91,5,14.953090952840409,0,AXIS,@okaxis,WRONG_DEBIT
930.5,14,14.79572329009838,1,AXIS,@okaxis,DUPLICATE_TRANSACTION
3826.85,1,9.20890174747268,0,SBI,@ybl,TECHNICAL_DECLINE
74180.86,11,7.097121564157137,0,PNB,@okaxis,BENEFICIARY_NOT_CREDITED
2092.02,0,3.217738749718428,0,ICICI,@okaxis,TECHNICAL_DECLINE
10957.22,10,193.84024312425638,0,ICICI,@phonepe,TRANSACTION_TIMEOUT
14206.48,16,132.33070119109186,0,PNB,@upi,TRANSACTION_TIMEOUT
46069.4,13,50.346400600525136,0,AXIS,@gpay,WRONG_DEBIT
8188.45,23,8.74639347170429,0,ICICI,@ybl,WRONG_DEBIT
2049.19,13,35.653285952597784,0,PNB,@okaxis,WRONG_DEBIT
2883.32,17,111.55839619569227,0,HDFC,@phonepe,TRANSACTION_TIMEOUT
21830.42,9,51.83589555607628,0,PNB,@phonepe,WRONG_DEBIT
1679.69,11,6.765724597891037,0,ICICI,@gpay,TECHNICAL_DECLINE
52563.5,12,135.06989261908805,0,PNB,@phonepe,BENEFICIARY_NOT_CREDITED
3062.14,15,5.554561991448741,0,SBI,@upi,TECHNICAL_DECLINE
1725.96,19,19.905792380667403,1,HDFC,@phonepe,DUPLICATE_TRANSACTION
3666.59,15,58.19129800038908,0,HDFC,@phonepe,TRANSACTION_TIMEOUT
2072.75,9,12.905555866705223,1,SBI,@paytm,DUPLICATE_TRANSACTION
31286.14,19,11.264617538508652,0,SBI,@upi,WRONG_DEBIT
4428.38,11,7.545861036848677,0,ICICI,@phonepe,TECHNICAL_DECLINE
82165.07,15,98.6062203034532,0,SBI,@phonepe,BENEFICIARY_NOT_CREDITED
3858.25,8,6.733347553701726,0,PNB,@upi,TECHNICAL_DECLINE
867.01,10,2.4714307899459724,1,ICICI,@phonepe,DUPLICATE_TRANSACTION
2703.08,9,3.040898107925262,1,KOTAK,@okaxis,DUPLICATE_TRANSACTION
6670.19,18,139.92583151266052,0,BOB,@upi,TRANSACTION_TIMEOUT
3375.63,15,2.511680528649633,0,HDFC,@gpay,TECHNICAL_DECLINE
1004.25,20,14.75816866394728,1,ICICI,@gpay,DUPLICATE_TRANSACTION
17504.82,10,59.82368910450418,0,HDFC,@gpay,TRANSACTION_TIMEOUT
4055.45,13,7.978106749506808,0,SBI,@phonepe,TECHNICAL_DECLINE
3824.04,7,6.72174162208259,0,AXIS,@ybl,TECHNICAL_DECLINE
7164.33,16,96.17973250645545,0,HDFC,@okaxis,TRANSACTION_TIMEOUT
9558.07,18,20.006518413615836,1,PNB,@gpay,DUPLICATE_TRANSACTION
11253.67,15,153.65516269149398,0,SBI,@upi,TRANSACTION_TIMEOUT
27939.46,13,46.95063293776658,0,ICICI,@paytm,WRONG_DEBIT
85609.55,14,122.65808103100221,0,ICICI,@okaxis,BENEFICIARY_NOT_CREDITED
4393.84,6,4.589488986808585,0,ICICI,@upi,TECHNICAL_DECLINE
9872.22,11,37.87218682491764,0,HDFC,@okaxis,WRONG_DEBIT
33180.93,14,153.93978570683282,0,KOTAK,@paytm,BENEFICIARY_NOT_CREDITED
1437.84,20,3.2994170166558674,0,AXIS,@ybl,TECHNICAL_DECLINE
49787.32,22,18.218732682917384,0,PNB,@paytm,WRONG_DEBIT
4134.3,22,11.130898070705767,0,KOTAK,@upi,TECHNICAL_DECLINE
9856.98,15,161.9902717842936,0,PNB,@okaxis,TRANSACTION_TIMEOUT
2005.86,0,44.13027543117918,0,PNB,@gpay,WRONG_DEBIT
8722.04,10,1.9877908980082113,1,BOB,@paytm,DUPLICATE_TRANSACTION
22224.56,22,4.4874340193348505,0,HDFC,@okaxis,WRONG_DEBIT
98348.64,12,110.40257221861654,0,PNB,@paytm,BENEFICIARY_NOT_CREDITED
83808.72,14,150.92199094187166,0,ICICI,@okaxis,BENEFICIARY_NOT_CREDITED
51875.87,15,70.53524754865977,0,PNB,@upi,BENEFICIARY_NOT_CREDITED
3341.25,16,10.621004138029427,0,SBI,@paytm,WRONG_DEBIT
4489.65,12,14.604696607354295,1,PNB,@okaxis,DUPLICATE_TRANSACTION
3542.07,23,176.00285237546765,0,HDFC,@phonepe,TRANSACTION_TIMEOUT
56275.66,10,58.02256587791539,0,KOTAK,@upi,BENEFICIARY_NOT_CREDITED
28352.85,14,6.347660663506692,0,HDFC,@gpay,WRONG_DEBIT
9364.38,18,45.11699579309764,0,HDFC,@gpay,WRONG_DEBIT
10954.54,11,33.14513508865085,0,PNB,@gpay,WRONG_DEBIT
83812.18,12,125.81720829921986,0,PNB,@gpay,BENEFICIARY_NOT_CREDITED
5806.86,13,30.72667400231127,0,ICICI,@okaxis,BENEFICIARY_NOT_CREDITED
41691.29,12,46.557503801256054,0,ICICI,@gpay,BENEFICIARY_NOT_CREDITED
26305.73,16,45.179038937634324,0,AXIS,@phonepe,BENEFICIARY_NOT_CREDITED
1881.7,20,6.276512812048775,0,BOB,@upi,TECHNICAL_DECLINE
463.64,21,14.045351633849268,1,ICICI,@okaxis,DUPLICATE_TRANSACTION
1132.25,22,5.206240774415868,0,PNB,@upi,TECHNICAL_DECLINE
21140.97,17,93.11907142837518,0,PNB,@phonepe,BENEFICIARY_NOT_CREDITED
25712.3,6,18.591397164123904,0,AXIS,@phonepe,WRONG_DEBIT
46103.78,16,47.39991704702514,0,ICICI,@ybl,WRONG_DEBIT
4725.74,13,8.934785943705336,1,AXIS,@upi,DUPLICATE_TRANSACTION
4516.25,10,8.415459403808084,0,PNB,@phonepe,TECHNICAL_DECLINE
8021.65,15,24.099298419359116,0,PNB,@paytm,WRONG_DEBIT
9140.17,12,3.905895435841302,1,KOTAK,@gpay,DUPLICATE_TRANSACTION
22006.53,19,32.86408867491321,0,KOTAK,@upi,WRONG_DEBIT
14646.0,15,174.7826545016876,0,SBI,@upi,TRANSACTION_TIMEOUT
60293.72,16,114.31882557267375,0,SBI,@paytm,BENEFICIARY_NOT_CREDITED
7655.41,22,22.245273919158116,1,HDFC,@ybl,DUPLICATE_TRANSACTION
15504.04,18,108.91401936223775,0,HDFC,@gpay,TRANSACTION_TIMEOUT
915.29,9,10.639142954067989,0,PNB,@okaxis,TECHNICAL_DECLINE
9519.79,17,18.044402207055544,1,ICICI,@upi,DUPLICATE_TRANSACTION
78962.66,9,163.0442963622255,0,SBI,@gpay,BENEFICIARY_NOT_CREDITED
46142.0,11,77.91815008327971,0,PNB,@gpay,BENEFICIARY_NOT_CREDITED
8841.25,12,7.380642070837367,1,ICICI,@gpay,DUPLICATE_TRANSACTION
4421.83,19,5.873580542946683,1,PNB,@okaxis,DUPLICATE_TRANSACTION
992.01,11,58.566881162565565,0,AXIS,@okaxis,BENEFICIARY_NOT_CREDITED
14005.72,15,149.60240126547455,0,BOB,@ybl,TRANSACTION_TIMEOUT
7654.26,9,9.301773928732107,1,SBI,@gpay,DUPLICATE_TRANSACTION
15487.88,9,172.6082435739185,0,PNB,@ybl,TRANSACTION_TIMEOUT
2029.87,2,4.162406219986915,0,PNB,@upi,TECHNICAL_DECLINE
231.79,19,2.137920388684623,0,ICICI,@phonepe,TECHNICAL_DECLINE
34315.17,9,102.96460945204959,0,BOB,@ybl,BENEFICIARY_NOT_CREDITED
32314.31,4,35.996377509339744,0,HDFC,@gpay,WRONG_DEBIT
43822.36,14,65.13911125231908,0,ICICI,@ybl,BENEFICIARY_NOT_CREDITED
2921.14,14,16.20655038737208,1,AXIS,@paytm,DUPLICATE_TRANSACTION
95872.02,15,30.979498619673095,0,AXIS,@upi,BENEFICIARY_NOT_CREDITED
4187.74,14,9.67474723601107,0,SBI,@upi,TECHNICAL_DECLINE
32827.84,12,57.85561849249843,0,HDFC,@gpay,WRONG_DEBIT
13309.58,17,65.12637766906523,0,AXIS,@paytm,BENEFICIARY_NOT_CREDITED
13110.96,21,109.0589153782537,0,BOB,@paytm,TRANSACTION_TIMEOUT
42785.63,10,101.80721989862538,0,BOB,@ybl,BENEFICIARY_NOT_CREDITED
1926.84,15,8.544281721269801,0,BOB,@okaxis,TECHNICAL_DECLINE
11611.38,11,164.78266282244678,0,KOTAK,@ybl,BENEFICIARY_NOT_CREDITED
7604.32,10,68.27048757121526,0,PNB,@okaxis,WRONG_DEBIT
20162.5,18,122.51400401188631,0,AXIS,@ybl,BENEFICIARY_NOT_CREDITED
23291.68,1,8.751704085533044,0,AXIS,@ybl,WRONG_DEBIT
5482.31,18,115.62673563266175,0,SBI,@ybl,BENEFICIARY_NOT_CREDITED
67662.13,9,91.63899915388474,0,ICICI,@phonepe,BENEFICIARY_NOT_CREDITED
41997.49,16,55.21363585228561,0,PNB,@paytm,BENEFICIARY_NOT_CREDITED
647.25,23,0.43934820871965785,0,PNB,@ybl,TECHNICAL_DECLINE
1834.81,16,2.2697417961456683,1,PNB,@gpay,DUPLICATE_TRANSACTION
8678.9,8,100.49871477277294,0,AXIS,@upi,TRANSACTION_TIMEOUT
1296.09,23,9.845827685912734,0,KOTAK,@ybl,TECHNICAL_DECLINE
3919.15,11,2.756691355750198,0,KOTAK,@upi,WRONG_DEBIT
19157.46,23,5.671070339677009,0,PNB,@upi,WRONG_DEBIT
42541.73,9,31.71636877737888,0,PNB,@phonepe,BENEFICIARY_NOT_CREDITED
41858.98,13,69.49152362631732,0,BOB,@gpay,WRONG_DEBIT
1378.78,9,7.386977658930977,0,KOTAK,@gpay,TECHNICAL_DECLINE
18774.4,15,15.495067170052009,0,AXIS,@phonepe,WRONG_DEBIT
2840.85,18,1.0978123434703155,1,AXIS,@gpay,DUPLICATE_TRANSACTION
27631.6,15,35.59176887665736,0,BOB,@ybl,BENEFICIARY_NOT_CREDITED
2820.21,15,14.377906821416296,1,PNB,@phonepe,DUPLICATE_TRANSACTION
11144.05,0,51.04861270913359,0,ICICI,@paytm,WRONG_DEBIT
1510.37,22,7.311793848303703,0,AXIS,@okaxis,TECHNICAL_DECLINE
12731.98,10,130.30160447309913,0,AXIS,@okaxis,TRANSACTION_TIMEOUT
17213.24,10,24.93837466261734,0,AXIS,@gpay,WRONG_DEBIT
17101.68,15,80.01688397601646,0,PNB,@gpay,TRANSACTION_TIMEOUT
5188.28,1,148.4261711951221,0,KOTAK,@paytm,TRANSACTION_TIMEOUT
11270.38,11,60.62998371979432,0,PNB,@okaxis,TRANSACTION_TIMEOUT
30751.26,14,76.40036373318529,0,AXIS,@paytm,BENEFICIARY_NOT_CREDITED
6286.14,10,14.982363286905235,1,KOTAK,@ybl,DUPLICATE_TRANSACTION
19916.93,0,162.2110380228629,0,SBI,@okaxis,TRANSACTION_TIMEOUT
19794.64,12,188.0187947281755,0,ICICI,@ybl,TRANSACTION_TIMEOUT
4749.21,3,1.16375786624101,0,ICICI,@gpay,TECHNICAL_DECLINE
28580.18,5,62.27231677961692,0,BOB,@upi,WRONG_DEBIT
11046.4,11,162.1946998916447,0,AXIS,@okaxis,TRANSACTION_TIMEOUT
32280.65,14,106.25603522838409,0,PNB,@upi,BENEFICIARY_NOT_CREDITED
50479.31,17,66.49295219474709,0,BOB,@ybl,BENEFICIARY_NOT_CREDITED
15160.88,9,173.57304230728482,0,AXIS,@gpay,TRANSACTION_TIMEOUT
4060.54,8,12.78397694168084,1,SBI,@ybl,DUPLICATE_TRANSACTION
6865.18,9,9.200482174186316,1,PNB,@ybl,DUPLICATE_TRANSACTION
8264.85,20,52.41423152438661,0,ICICI,@gpay,TRANSACTION_TIMEOUT
3137.61,2,7.194818041078868,0,PNB,@ybl,TECHNICAL_DECLINE
16318.51,7,11.985038764700604,0,PNB,@ybl,WRONG_DEBIT
47597.12,0,53.49350699258346,0,BOB,@upi,WRONG_DEBIT
11085.94,6,177.24697007840444,0,ICICI,@ybl,TRANSACTION_TIMEOUT
72444.48,12,30.26023591944726,0,PNB,@gpay,BENEFICIARY_NOT_CREDITED
13698.68,10,150.3724248793616,0,ICICI,@okaxis,BENEFICIARY_NOT_CREDITED
9237.94,21,139.6938460129148,0,ICICI,@gpay,TRANSACTION_TIMEOUT
10054.28,3,170.16041996932796,0,BOB,@phonepe,TRANSACTION_TIMEOUT
2524.15,19,23.09937663135092,1,HDFC,@upi,DUPLICATE_TRANSACTION
34132.98,13,62.42851541506693,0,AXIS,@ybl,WRONG_DEBIT
39173.83,8,63.60170676969225,0,KOTAK,@paytm,WRONG_DEBIT
3270.74,17,8.577170582746277,0,AXIS,@ybl,TECHNICAL_DECLINE
14718.86,12,59.63815721278439,0,PNB,@paytm,WRONG_DEBIT
40243.23,17,106.0877888313545,0,AXIS,@ybl,BENEFICIARY_NOT_CREDITED
5270.79,8,54.57171061200245,0,KOTAK,@paytm,WRONG_DEBIT
3728.0,18,8.156030978313105,1,ICICI,@ybl,DUPLICATE_TRANSACTION
2718.63,13,15.40885371453453,1,HDFC,@ybl,DUPLICATE_TRANSACTION
15074.8,8,100.0513211256593,0,PNB,@ybl,TRANSACTION_TIMEOUT
78843.71,13,95.8946086985985,0,KOTAK,@paytm,BENEFICIARY_NOT_CREDITED
1565.44,12,0.6225716866889357,1,SBI,@okaxis,DUPLICATE_TRANSACTION
71523.41,13,158.78024912286344,0,ICICI,@okaxis,BENEFICIARY_NOT_CREDITED
47790.84,16,113.43754522684884,0,ICICI,@upi,BENEFICIARY_NOT_CREDITED
1550.61,12,20.619543025057315,1,SBI,@upi,DUPLICATE_TRANSACTION
377.25,11,13.997528905205112,1,ICICI,@okaxis,DUPLICATE_TRANSACTION
13045.12,23,36.61859236413926,0,BOB,@okaxis,WRONG_DEBIT
9591.79,5,195.80530354619367,0,PNB,@gpay,TRANSACTION_TIMEOUT
4277.79,10,6.28004902968072,0,AXIS,@ybl,TECHNICAL_DECLINE
8720.74,15,4.209296551465705,1,AXIS,@paytm,DUPLICATE_TRANSACTION
17184.11,9,14.862906695532192,0,ICICI,@phonepe,WRONG_DEBIT
3912.27,3,7.7999599454053214,0,SBI,@ybl,TECHNICAL_DECLINE
11431.22,20,185.7579081792721,0,BOB,@upi,TRANSACTION_TIMEOUT
4500.86,23,2.430359813293247,0,PNB,@paytm,TECHNICAL_DECLINE
12565.4,10,125.1273083255742,0,SBI,@okaxis,TRANSACTION_TIMEOUT
4248.37,17,10.47138736362284,0,BOB,@paytm,TECHNICAL_DECLINE
11377.37,7,85.19322132261807,0,BOB,@upi,TRANSACTION_TIMEOUT
6928.02,18,20.58054260821707,1,ICICI,@upi,DUPLICATE_TRANSACTION
3630.87,19,88.39602753445729,0,SBI,@paytm,TRANSACTION_TIMEOUT
7360.04,22,1.5280544590009963,1,ICICI,@okaxis,DUPLICATE_TRANSACTION
6556.08,12,41.73807956135365,0,BOB,@okaxis,BENEFICIARY_NOT_CREDITED
9339.0,17,182.00938766281837,0,HDFC,@phonepe,TRANSACTION_TIMEOUT
9901.65,3,31.816661104588256,0,AXIS,@gpay,WRONG_DEBIT
27164.2,6,43.07715144068455,0,SBI,@okaxis,WRONG_DEBIT
29127.51,3,51.83866464964493,0,AXIS,@upi,WRONG_DEBIT
5930.48,18,14.745918766655272,1,AXIS,@paytm,DUPLICATE_TRANSACTION
75578.74,18,46.21411479461981,0,PNB,@gpay,BENEFICIARY_NOT_CREDITED
50975.65,17,48.38720263458609,0,PNB,@phonepe,BENEFICIARY_NOT_CREDITED
86792.47,12,57.970761418142565,0,PNB,@okaxis,BENEFICIARY_NOT_CREDITED
1613.14,14,1.3376407006885693,0,BOB,@gpay,TECHNICAL_DECLINE
229.69,16,119.51696201681915,0,ICICI,@gpay,TRANSACTION_TIMEOUT
38045.85,21,21.934150508112413,0,BOB,@ybl,WRONG_DEBIT
63969.36,17,138.36713283884148,0,ICICI,@paytm,BENEFICIARY_NOT_CREDITED
2210.84,16,7.329211649897548,1,BOB,@okaxis,DUPLICATE_TRANSACTION
2148.05,9,188.98782763367933,0,ICICI,@okaxis,TRANSACTION_TIMEOUT
3305.28,11,18.39353717498302,1,BOB,@gpay,DUPLICATE_TRANSACTION
6140.22,10,7.816350273497159,1,KOTAK,@ybl,DUPLICATE_TRANSACTION
3964.87,23,3.23259823579105,0,SBI,@ybl,TECHNICAL_DECLINE
37393.72,13,56.731601501707054,0,SBI,@upi,BENEFICIARY_NOT_CREDITED
45245.93,15,95.06882951201162,0,BOB,@ybl,BENEFICIARY_NOT_CREDITED
38134.91,12,3.982134623415443,0,AXIS,@phonepe,WRONG_DEBIT
9752.36,20,6.58097559561961,1,BOB,@upi,DUPLICATE_TRANSACTION
2165.23,19,6.142303936743179,1,BOB,@phonepe,DUPLICATE_TRANSACTION
16160.11,12,23.4493295563825,0,KOTAK,@upi,WRONG_DEBIT
7995.0,17,12.070642132777538,1,BOB,@phonepe,DUPLICATE_TRANSACTION
3813.9,5,23.43477866087212,0,AXIS,@upi,WRONG_DEBIT
2402.37,1,9.374735324926814,0,AXIS,@upi,TECHNICAL_DECLINE
5071.94,19,137.08938343080044,0,HDFC,@paytm,TRANSACTION_TIMEOUT
32017.47,8,38.728491266074144,0,AXIS,@phonepe,WRONG_DEBIT
23644.86,23,5.327190752083631,0,BOB,@upi,WRONG_DEBIT
16503.78,4,137.65086422433,0,KOTAK,@gpay,TRANSACTION_TIMEOUT
531.23,7,3.93410535807012,0,KOTAK,@upi,TECHNICAL_DECLINE
55889.11,13,116.15821155644396,0,ICICI,@paytm,BENEFICIARY_NOT_CREDITED
95741.41,14,152.15228375078289,0,AXIS,@upi,BENEFICIARY_NOT_CREDITED
1922.99,15,5.464374743843738,1,SBI,@phonepe,DUPLICATE_TRANSACTION
6808.92,19,6.216619716052611,1,KOTAK,@upi,DUPLICATE_TRANSACTION
7099.47,20,29.576084425805707,0,AXIS,@ybl,WRONG_DEBIT
41600.55,1,65.73471861522124,0,KOTAK,@phonepe,WRONG_DEBIT
28329.16,1,69.10475465881251,0,BOB,@phonepe,WRONG_DEBIT
2510.85,18,4.005030837748096,0,HDFC,@upi,TECHNICAL_DECLINE
28308.81,17,56.20235115355339,0,KOTAK,@gpay,WRONG_DEBIT
4246.87,2,6.887102895006258,0,AXIS,@okaxis,TECHNICAL_DECLINE
7543.88,20,16.41487552480937,1,BOB,@phonepe,DUPLICATE_TRANSACTION
9080.64,23,71.13520797243298,0,SBI,@paytm,TRANSACTION_TIMEOUT
6513.61,13,10.897129928060881,1,BOB,@upi,DUPLICATE_TRANSACTION
17799.0,12,135.36015192165743,0,HDFC,@okaxis,TRANSACTION_TIMEOUT
475.55,7,97.00241488908787,0,ICICI,@phonepe,TRANSACTION_TIMEOUT
5885.33,20,7.838862693136501,1,AXIS,@upi,DUPLICATE_TRANSACTION
7722.29,17,22.208557132717125,1,PNB,@okaxis,DUPLICATE_TRANSACTION
1969.59,10,4.947460110512077,1,ICICI,@paytm,DUPLICATE_TRANSACTION
26717.76,1,56.121351667994965,0,KOTAK,@phonepe,WRONG_DEBIT
16440.31,10,66.84951615756361,0,PNB,@gpay,WRONG_DEBIT
3099.0,14,23.784087050749886,1,ICICI,@gpay,DUPLICATE_TRANSACTION
3216.0,16,21.559386598350535,0,AXIS,@paytm,BENEFICIARY_NOT_CREDITED
17363.9,23,79.7048210041472,0,HDFC,@ybl,TRANSACTION_TIMEOUT
8043.65,6,165.18952788290932,0,KOTAK,@paytm,TRANSACTION_TIMEOUT
48465.26,16,65.75639117984365,0,PNB,@okaxis,WRONG_DEBIT
8227.86,6,8.665799407140128,0,AXIS,@upi,WRONG_DEBIT
1856.11,10,4.98153440871666,0,ICICI,@paytm,TECHNICAL_DECLINE
1863.31,8,6.104823062896044,0,AXIS,@paytm,TECHNICAL_DECLINE
19063.45,13,28.822201052553574,0,BOB,@paytm,WRONG_DEBIT
36359.05,13,140.7012839980873,0,AXIS,@upi,BENEFICIARY_NOT_CREDITED
23321.2,10,109.62225148438054,0,BOB,@ybl,BENEFICIARY_NOT_CREDITED
415.42,8,158.90362496971085,0,SBI,@paytm,TRANSACTION_TIMEOUT
8489.41,10,13.549901963938584,1,ICICI,@okaxis,DUPLICATE_TRANSACTION
1488.18,15,18.294908172903803,1,HDFC,@okaxis,DUPLICATE_TRANSACTION
8676.82,18,7.034029907888894,1,KOTAK,@ybl,DUPLICATE_TRANSACTION
4250.47,10,22.47099808191055,1,ICICI,@upi,DUPLICATE_TRANSACTION
3714.17,22,2.625397822837254,1,ICICI,@paytm,DUPLICATE_TRANSACTION
4161.13,12,143.04749811235058,0,BOB,@phonepe,TRANSACTION_TIMEOUT
1673.26,0,3.9789845670905897,0,AXIS,@paytm,TECHNICAL_DECLINE
9144.41,8,12.94739813394012,1,BOB,@okaxis,DUPLICATE_TRANSACTION
931.73,3,0.17926153677699563,0,ICICI,@paytm,TECHNICAL_DECLINE
19765.01,3,195.24702096212494,0,AXIS,@ybl,TRANSACTION_TIMEOUT
2258.04,19,9.71310144396322,0,HDFC,@phonepe,TECHNICAL_DECLINE
9442.79,8,67.48618889657573,0,PNB,@okaxis,TRANSACTION_TIMEOUT
95712.08,10,80.7909041590831,0,PNB,@okaxis,BENEFICIARY_NOT_CREDITED
1345.75,16,3.1153826961721434,1,ICICI,@gpay,DUPLICATE_TRANSACTION
37184.94,22,29.076374324601765,0,KOTAK,@paytm,WRONG_DEBIT
2339.61,10,17.520726560241464,1,SBI,@phonepe,DUPLICATE_TRANSACTION
13400.29,16,126.56946247614472,0,SBI,@gpay,TRANSACTION_TIMEOUT
42491.08,11,97.75454944357666,0,BOB,@paytm,BENEFICIARY_NOT_CREDITED
12674.42,6,196.88865408070546,0,HDFC,@gpay,TRANSACTION_TIMEOUT
41785.42,7,11.65573475187256,0,SBI,@paytm,WRONG_DEBIT
2455.8,11,2.2529791857641555,0,BOB,@okaxis,TECHNICAL_DECLINE
9096.87,6,116.88542639046541,0,SBI,@okaxis,TRANSACTION_TIMEOUT
2444.6,8,147.62999675284087,0,KOTAK,@phonepe,TRANSACTION_TIMEOUT
99670.23,11,43.63249875563502,0,BOB,@ybl,BENEFICIARY_NOT_CREDITED
2335.95,3,8.016152220029923,0,SBI,@okaxis,TECHNICAL_DECLINE
6780.22,14,72.22792460220218,0,HDFC,@okaxis,BENEFICIARY_NOT_CREDITED
1036.38,15,19.921870907152346,1,HDFC,@okaxis,DUPLICATE_TRANSACTION
13066.78,14,52.27407771779839,0,AXIS,@okaxis,BENEFICIARY_NOT_CREDITED
48318.0,16,13.148091171862056,0,BOB,@okaxis,WRONG_DEBIT
1502.91,18,5.324570198520069,1,HDFC,@gpay,DUPLICATE_TRANSACTION
52794.68,11,95.00146158492322,0,KOTAK,@okaxis,BENEFICIARY_NOT_CREDITED
40032.97,11,38.84091866456341,0,PNB,@okaxis,WRONG_DEBIT
3807.27,9,16.32952561956087,1,PNB,@upi,DUPLICATE_TRANSACTION
1208.66,22,1.8246129638691144,0,KOTAK,@ybl,TECHNICAL_DECLINE
2856.37,14,7.115914354879687,1,KOTAK,@ybl,DUPLICATE_TRANSACTION
9413.28,4,157.67524247316857,0,SBI,@paytm,TRANSACTION_TIMEOUT
12641.33,17,48.10465227392007,0,ICICI,@upi,WRONG_DEBIT
3010.53,2,0.7106667240115603,0,AXIS,@gpay,TECHNICAL_DECLINE
4861.23,10,18.350230331199466,1,BOB,@gpay,DUPLICATE_TRANSACTION
15747.63,20,111.68941035443507,0,KOTAK,@gpay,TRANSACTION_TIMEOUT
8359.86,9,5.431321614388942,1,SBI,@gpay,DUPLICATE_TRANSACTION
2557.08,23,137.06131875172144,0,PNB,@gpay,TRANSACTION_TIMEOUT
4489.48,18,6.611287193402873,1,SBI,@paytm,DUPLICATE_TRANSACTION
26078.95,16,7.388079163129459,0,PNB,@okaxis,WRONG_DEBIT
4720.41,14,93.42097673550647,0,HDFC,@okaxis,TRANSACTION_TIMEOUT
2326.4,2,10.562722561865415,0,BOB,@upi,TECHNICAL_DECLINE
87585.93,9,64.71078568653935,0,SBI,@paytm,BENEFICIARY_NOT_CREDITED
8575.62,5,181.188833027211,0,PNB,@ybl,TRANSACTION_TIMEOUT
22851.02,10,15.791683752835423,0,PNB,@okaxis,BENEFICIARY_NOT_CREDITED
4338.92,7,10.432335452732332,0,PNB,@ybl,TECHNICAL_DECLINE
8491.31,20,63.98889478672608,0,BOB,@phonepe,TRANSACTION_TIMEOUT
90520.77,17,55.914555155342626,0,PNB,@phonepe,BENEFICIARY_NOT_CREDITED
8767.79,10,120.0869683444543,0,AXIS,@gpay,BENEFICIARY_NOT_CREDITED
2525.38,18,5.205204397347135,0,SBI,@paytm,TECHNICAL_DECLINE
11257.35,18,105.12499568020871,0,KOTAK,@upi,TRANSACTION_TIMEOUT
937.81,3,137.73214125191612,0,BOB,@upi,TRANSACTION_TIMEOUT
28823.71,3,69.6045313403771,0,ICICI,@phonepe,WRONG_DEBIT
3395.79,19,5.0619519187763515,0,AXIS,@upi,TECHNICAL_DECLINE
17430.49,14,61.360778400104444,0,KOTAK,@okaxis,WRONG_DEBIT
47015.83,20,53.59581673137408,0,AXIS,@upi,WRONG_DEBIT
10880.37,5,1.7383984729463702,0,SBI,@paytm,WRONG_DEBIT
92106.63,9,122.75258038383774,0,BOB,@phonepe,BENEFICIARY_NOT_CREDITED
81927.66,14,59.847201172916485,0,ICICI,@phonepe,BENEFICIARY_NOT_CREDITED
15695.83,10,117.64709504145287,0,PNB,@phonepe,TRANSACTION_TIMEOUT
2172.87,20,20.723589696993418,1,PNB,@phonepe,DUPLICATE_TRANSACTION
15091.05,5,176.39741656165668,0,BOB,@paytm,TRANSACTION_TIMEOUT
35504.57,17,124.55650747910884,0,BOB,@gpay,BENEFICIARY_NOT_CREDITED
82953.97,10,153.66660938087173,0,HDFC,@upi,BENEFICIARY_NOT_CREDITED
6327.19,15,145.20020064935986,0,BOB,@ybl,TRANSACTION_TIMEOUT
2720.34,19,11.650575104462009,1,SBI,@ybl,DUPLICATE_TRANSACTION
75599.7,11,54.90088283017177,0,HDFC,@gpay,BENEFICIARY_NOT_CREDITED
1621.59,16,8.402739612070416,0,KOTAK,@phonepe,TECHNICAL_DECLINE
2737.45,12,7.421651753393061,0,HDFC,@gpay,TECHNICAL_DECLINE
4618.06,19,65.85820584847912,0,PNB,@ybl,WRONG_DEBIT
15003.66,14,89.98223466489121,0,AXIS,@gpay,BENEFICIARY_NOT_CREDITED
2162.16,23,171.81510905342247,0,BOB,@phonepe,TRANSACTION_TIMEOUT
2893.52,2,3.8860355615114166,0,ICICI,@ybl,TECHNICAL_DECLINE
12370.59,4,48.06153559291931,0,SBI,@paytm,WRONG_DEBIT
4566.93,22,197.45586879018117,0,ICICI,@gpay,TRANSACTION_TIMEOUT
12993.11,6,70.09725798582724,0,SBI,@gpay,TRANSACTION_TIMEOUT
42890.81,15,60.33101182881289,0,AXIS,@okaxis,WRONG_DEBIT
4992.03,6,4.947882788126888,0,BOB,@okaxis,TECHNICAL_DECLINE
2058.12,18,10.663249692530275,0,AXIS,@upi,TECHNICAL_DECLINE
70821.22,14,135.1721562660346,0,SBI,@ybl,BENEFICIARY_NOT_CREDITED
36769.2,12,54.46583875448734,0,SBI,@paytm,BENEFICIARY_NOT_CREDITED
3284.46,21,23.67013902111676,1,ICICI,@okaxis,DUPLICATE_TRANSACTION
730.95,16,8.500247014379893,0,KOTAK,@phonepe,TECHNICAL_DECLINE
40381.95,19,16.40335860734917,0,SBI,@upi,WRONG_DEBIT
4123.28,7,5.5834372284233655,0,KOTAK,@paytm,TECHNICAL_DECLINE
12414.24,15,137.84156520888212,0,HDFC,@gpay,TRANSACTION_TIMEOUT
28041.94,17,46.81998506295155,0,SBI,@ybl,WRONG_DEBIT
731.39,13,1.5699062266470616,1,PNB,@phonepe,DUPLICATE_TRANSACTION
1334.86,23,0.33092368068804,0,KOTAK,@ybl,TECHNICAL_DECLINE
14113.93,4,197.903402300398,0,ICICI,@upi,TRANSACTION_TIMEOUT
6265.52,22,150.54947845867633,0,SBI,@gpay,TRANSACTION_TIMEOUT
4012.24,16,11.355213440103114,0,ICICI,@okaxis,TECHNICAL_DECLINE
1640.85,0,11.650662268065908,0,HDFC,@upi,TECHNICAL_DECLINE
58951.04,10,103.51302680839596,0,KOTAK,@ybl,BENEFICIARY_NOT_CREDITED
7352.31,11,23.514766860281014,1,BOB,@gpay,DUPLICATE_TRANSACTION
391.93,22,11.879401218056758,1,HDFC,@phonepe,DUPLICATE_TRANSACTION
4798.66,12,41.3282080476497,0,PNB,@ybl,WRONG_DEBIT
7687.69,15,69.05344451058181,0,SBI,@gpay,TRANSACTION_TIMEOUT
15628.65,5,50.922932498052596,0,SBI,@ybl,WRONG_DEBIT
9309.86,12,14.443725171074972,0,SBI,@upi,WRONG_DEBIT
17052.04,3,37.718443710798645,0,HDFC,@okaxis,WRONG_DEBIT
49102.31,1,49.15512605657118,0,HDFC,@gpay,WRONG_DEBIT
48183.63,16,0.9056505585878618,0,SBI,@ybl,WRONG_DEBIT
3251.53,18,95.08190528003584,0,BOB,@paytm,BENEFICIARY_NOT_CREDITED
1965.97,17,11.956832560620313,1,KOTAK,@gpay,DUPLICATE_TRANSACTION
10148.1,11,101.15295698110837,0,KOTAK,@gpay,BENEFICIARY_NOT_CREDITED
14156.71,5,125.11396657396227,0,BOB,@ybl,TRANSACTION_TIMEOUT
31141.92,17,63.95281503333344,0,BOB,@paytm,WRONG_DEBIT
93535.73,10,59.2920215507325,0,ICICI,@okaxis,BENEFICIARY_NOT_CREDITED
920.19,3,5.971812593325348,0,KOTAK,@gpay,TECHNICAL_DECLINE
4608.0,14,11.143277644379854,0,KOTAK,@ybl,TECHNICAL_DECLINE
18885.82,21,132.2782004024868,0,SBI,@gpay,TRANSACTION_TIMEOUT
14567.45,16,32.452810984902165,0,AXIS,@paytm,BENEFICIARY_NOT_CREDITED
6333.11,16,136.42152957529893,0,PNB,@upi,BENEFICIARY_NOT_CREDITED
584.02,16,1.0914416906397868,0,PNB,@phonepe,TECHNICAL_DECLINE
2858.68,22,6.38310818567927,0,AXIS,@okaxis,TECHNICAL_DECLINE
2897.36,10,10.74970968309449,1,ICICI,@phonepe,DUPLICATE_TRANSACTION
8144.34,12,60.52311112396964,0,HDFC,@ybl,TRANSACTION_TIMEOUT
16143.57,15,43.89575299616324,0,SBI,@ybl,WRONG_DEBIT
77198.85,9,89.10087168082559,0,HDFC,@gpay,BENEFICIARY_NOT_CREDITED
15425.28,18,53.845299786477504,0,KOTAK,@okaxis,WRONG_DEBIT
6445.23,19,1.1509447457120654,1,HDFC,@paytm,DUPLICATE_TRANSACTION
38797.69,14,162.0192477018128,0,HDFC,@upi,BENEFICIARY_NOT_CREDITED
14796.95,16,177.08156140968276,0,KOTAK,@phonepe,TRANSACTION_TIMEOUT
45542.04,3,32.920830461363714,0,ICICI,@gpay,WRONG_DEBIT
7759.87,12,83.71095980349979,0,KOTAK,@upi,BENEFICIARY_NOT_CREDITED
176.4,12,2.4723580688524867,0,PNB,@paytm,TECHNICAL_DECLINE
971.51,12,111.15223001597451,0,BOB,@phonepe,BENEFICIARY_NOT_CREDITED
9872.15,21,5.480923778733688,1,BOB,@ybl,DUPLICATE_TRANSACTION
7880.86,19,17.724467730276203,0,PNB,@phonepe,WRONG_DEBIT
13639.87,22,179.28899360535553,0,PNB,@phonepe,TRANSACTION_TIMEOUT
9408.7,18,17.679205640626463,1,SBI,@ybl,DUPLICATE_TRANSACTION
20852.78,13,27.15348687784553,0,BOB,@gpay,WRONG_DEBIT
5143.17,0,143.2336387728417,0,AXIS,@paytm,TRANSACTION_TIMEOUT
2664.88,22,81.89213790535703,0,PNB,@paytm,TRANSACTION_TIMEOUT
8030.3,15,4.788022676123795,0,KOTAK,@phonepe,WRONG_DEBIT
9440.68,12,22.927612903280068,1,PNB,@upi,DUPLICATE_TRANSACTION
5767.66,9,91.27513350574098,0,KOTAK,@phonepe,TRANSACTION_TIMEOUT
38073.37,12,59.24717861237506,0,ICICI,@paytm,WRONG_DEBIT
4247.63,6,1.5253803597294286,0,HDFC,@ybl,TECHNICAL_DECLINE
2275.94,7,53.780750979709616,0,AXIS,@gpay,TRANSACTION_TIMEOUT
38150.82,2,17.406132872315503,0,KOTAK,@phonepe,WRONG_DEBIT
14793.09,14,138.74422440608768,0,HDFC,@upi,TRANSACTION_TIMEOUT
3857.27,6,9.222590554693165,0,PNB,@phonepe,TECHNICAL_DECLINE
28483.19,4,24.577019437276597,0,SBI,@gpay,WRONG_DEBIT
46472.52,9,66.34908135582309,0,ICICI,@phonepe,BENEFICIARY_NOT_CREDITED
411.88,5,7.526563542575158,0,SBI,@upi,TECHNICAL_DECLINE
603.66,14,58.54619813114545,0,ICICI,@okaxis,TRANSACTION_TIMEOUT
1510.25,5,1.7203614008834966,0,SBI,@paytm,TECHNICAL_DECLINE
34269.67,13,37.29940663626574,0,HDFC,@okaxis,WRONG_DEBIT
7268.39,13,8.888931519704464,1,ICICI,@paytm,DUPLICATE_TRANSACTION
158.43,8,13.505079756692206,1,BOB,@ybl,DUPLICATE_TRANSACTION
686.25,7,9.14611500158488,0,HDFC,@okaxis,TECHNICAL_DECLINE
462.23,20,9.887980870379042,0,AXIS,@okaxis,TECHNICAL_DECLINE
5721.12,19,106.7886048879476,0,PNB,@gpay,TRANSACTION_TIMEOUT
12290.91,11,196.97992788383795,0,PNB,@ybl,TRANSACTION_TIMEOUT
18396.59,4,117.04192597822181,0,SBI,@gpay,TRANSACTION_TIMEOUT
2939.95,19,4.184475832529011,1,AXIS,@phonepe,DUPLICATE_TRANSACTION
3743.97,8,10.361678088685954,1,SBI,@gpay,DUPLICATE_TRANSACTION
23050.61,22,63.34596180161754,0,BOB,@gpay,WRONG_DEBIT
2587.98,20,101.64708870374665,0,AXIS,@ybl,TRANSACTION_TIMEOUT
9265.57,14,115.47171903223446,0,AXIS,@ybl,TRANSACTION_TIMEOUT
34111.23,15,23.2301513239174,0,KOTAK,@gpay,BENEFICIARY_NOT_CREDITED
2247.9,11,13.641278242099629,1,BOB,@upi,DUPLICATE_TRANSACTION
1880.73,14,6.578466194490076,0,BOB,@ybl,TECHNICAL_DECLINE
64578.0,12,66.6025366529998,0,AXIS,@paytm,BENEFICIARY_NOT_CREDITED
3295.96,9,10.856112763245811,0,BOB,@okaxis,TECHNICAL_DECLINE
1112.63,6,99.32783922446777,0,ICICI,@upi,TRANSACTION_TIMEOUT
18748.73,13,75.40791546826281,0,AXIS,@paytm,TRANSACTION_TIMEOUT
3921.11,18,4.136178959605689,1,PNB,@upi,DUPLICATE_TRANSACTION
3869.28,20,4.822517804062587,0,BOB,@gpay,TECHNICAL_DECLINE
4171.77,15,5.896763539558068,1,PNB,@gpay,DUPLICATE_TRANSACTION
6392.67,19,128.64939284152,0,PNB,@paytm,TRANSACTION_TIMEOUT
39369.42,2,1.545556967140322,0,BOB,@paytm,WRONG_DEBIT
85333.79,14,156.57096196413954,0,SBI,@gpay,BENEFICIARY_NOT_CREDITED
9583.77,12,20.17628432500775,1,SBI,@okaxis,DUPLICATE_TRANSACTION
58553.13,16,80.33958448879173,0,PNB,@gpay,BENEFICIARY_NOT_CREDITED
30672.43,17,27.688671629402396,0,ICICI,@gpay,BENEFICIARY_NOT_CREDITED
2456.97,19,110.27134341045189,0,KOTAK,@okaxis,TRANSACTION_TIMEOUT
14027.27,8,152.87448424767848,0,ICICI,@paytm,TRANSACTION_TIMEOUT
9100.93,9,18.136164314635696,1,ICICI,@ybl,DUPLICATE_TRANSACTION
7649.46,5,164.60499026650956,0,KOTAK,@upi,TRANSACTION_TIMEOUT
93128.75,18,96.50901150976286,0,AXIS,@paytm,BENEFICIARY_NOT_CREDITED
18937.42,18,100.26198046365221,0,SBI,@paytm,TRANSACTION_TIMEOUT
7354.55,11,105.2131935217787,0,PNB,@ybl,BENEFICIARY_NOT_CREDITED
1198.62,22,18.9832209277894,1,PNB,@gpay,DUPLICATE_TRANSACTION
29588.77,10,60.236878951413146,0,BOB,@ybl,BENEFICIARY_NOT_CREDITED
31130.92,18,30.077183599788913,0,ICICI,@phonepe,WRONG_DEBIT
19606.3,13,165.0000776790982,0,HDFC,@ybl,BENEFICIARY_NOT_CREDITED
90628.76,9,109.45065439403247,0,PNB,@phonepe,BENEFICIARY_NOT_CREDITED
45168.64,15,57.36547728446205,0,SBI,@upi,BENEFICIARY_NOT_CREDITED
13222.27,10,131.79366526580466,0,ICICI,@okaxis,TRANSACTION_TIMEOUT
36758.6,0,21.795153762462142,0,ICICI,@ybl,WRONG_DEBIT
7829.1,22,150.1293954929942,0,PNB,@ybl,TRANSACTION_TIMEOUT
36995.99,17,143.55565237954303,0,BOB,@ybl,BENEFICIARY_NOT_CREDITED
14174.88,4,191.3217508541669,0,PNB,@phonepe,TRANSACTION_TIMEOUT
1045.23,9,3.200070358810376,0,AXIS,@upi,TECHNICAL_DECLINE
40293.21,10,62.02649787539967,0,HDFC,@paytm,WRONG_DEBIT
8081.64,9,5.8310646547820495,1,ICICI,@phonepe,DUPLICATE_TRANSACTION
7784.91,7,56.079120802073696,0,BOB,@paytm,WRONG_DEBIT
36183.05,23,58.103009645355534,0,BOB,@okaxis,WRONG_DEBIT
7896.57,20,69.52639221204187,0,AXIS,@upi,WRONG_DEBIT
78720.1,10,103.29838557072274,0,HDFC,@upi,BENEFICIARY_NOT_CREDITED
2075.26,19,22.237486317364382,1,ICICI,@paytm,DUPLICATE_TRANSACTION
291.67,21,16.781453781841478,0,HDFC,@upi,WRONG_DEBIT
19406.36,20,38.11201064191742,0,AXIS,@gpay,WRONG_DEBIT
12148.61,5,119.31998923261202,0,PNB,@upi,TRANSACTION_TIMEOUT
4338.54,1,5.3101959393854,0,KOTAK,@paytm,TECHNICAL_DECLINE
8874.96,6,18.954834836425476,0,KOTAK,@okaxis,WRONG_DEBIT
7029.67,19,18.27999652787085,1,ICICI,@gpay,DUPLICATE_TRANSACTION
75750.48,12,28.12473725460135,0,PNB,@okaxis,BENEFICIARY_NOT_CREDITED
60354.62,17,107.9793610398643,0,ICICI,@ybl,BENEFICIARY_NOT_CREDITED
82534.62,12,89.60199111823864,0,PNB,@upi,BENEFICIARY_NOT_CREDITED
28504.19,11,11.797107355970645,0,HDFC,@ybl,BENEFICIARY_NOT_CREDITED
90318.0,9,104.51417987937904,0,BOB,@ybl,BENEFICIARY_NOT_CREDITED
33734.35,22,32.10710460591259,0,PNB,@upi,WRONG_DEBIT
15988.06,11,50.26147038517757,0,KOTAK,@upi,WRONG_DEBIT
28503.14,23,60.460212699864854,0,AXIS,@phonepe,WRONG_DEBIT
7471.82,9,164.0386968429483,0,SBI,@okaxis,TRANSACTION_TIMEOUT
2358.31,10,1.0247876091357364,1,SBI,@ybl,DUPLICATE_TRANSACTION
17611.5,10,188.36379510931857,0,BOB,@ybl,TRANSACTION_TIMEOUT
17386.78,14,116.73081403380704,0,ICICI,@upi,TRANSACTION_TIMEOUT
8449.98,0,180.7509875088458,0,BOB,@phonepe,TRANSACTION_TIMEOUT
19796.27,20,70.70635703736227,0,SBI,@paytm,TRANSACTION_TIMEOUT
15848.36,21,185.61507101552598,0,ICICI,@okaxis,TRANSACTION_TIMEOUT
2248.24,8,9.39099946122555,1,ICICI,@phonepe,DUPLICATE_TRANSACTION
20176.77,16,66.502726915768,0,SBI,@okaxis,BENEFICIARY_NOT_CREDITED
23160.06,16,102.33977491306347,0,AXIS,@ybl,BENEFICIARY_NOT_CREDITED
18951.88,5,122.07600548344244,0,PNB,@paytm,TRANSACTION_TIMEOUT
96163.22,10,160.14270278802647,0,PNB,@ybl,BENEFICIARY_NOT_CREDITED
1517.68,7,6.225152398050247,0,AXIS,@gpay,TECHNICAL_DECLINE
9861.09,9,143.98930794080766,0,SBI,@upi,TRANSACTION_TIMEOUT
68563.73,15,103.14166893324638,0,KOTAK,@gpay,BENEFICIARY_NOT_CREDITED
1481.3,23,4.4802563316039095,0,PNB,@gpay,TECHNICAL_DECLINE
56750.11,16,11.541873678248619,0,AXIS,@phonepe,BENEFICIARY_NOT_CREDITED
4997.59,10,152.61882999153903,0,BOB,@phonepe,TRANSACTION_TIMEOUT
15757.44,17,99.79511523051119,0,BOB,@phonepe,TRANSACTION_TIMEOUT
9028.37,13,18.75828295338423,1,KOTAK,@gpay,DUPLICATE_TRANSACTION
3086.0,7,5.8630550411312,0,AXIS,@paytm,TECHNICAL_DECLINE
51340.57,10,65.15193831385758,0,ICICI,@okaxis,BENEFICIARY_NOT_CREDITED
8590.11,16,78.26910686220349,0,PNB,@phonepe,BENEFICIARY_NOT_CREDITED
22529.3,6,56.972273703188364,0,SBI,@upi,WRONG_DEBIT
3701.45,20,1.4165100706363187,1,ICICI,@gpay,DUPLICATE_TRANSACTION
16428.0,19,34.74382472377425,0,ICICI,@phonepe,WRONG_DEBIT
48727.42,14,101.996761109655,0,KOTAK,@gpay,BENEFICIARY_NOT_CREDITED
9581.48,17,14.521953842704729,1,SBI,@upi,DUPLICATE_TRANSACTION
36801.19,6,37.69215781626919,0,KOTAK,@phonepe,WRONG_DEBIT
7928.02,14,16.81550624702928,1,BOB,@paytm,DUPLICATE_TRANSACTION
26468.29,11,50.44926335083229,0,HDFC,@upi,BENEFICIARY_NOT_CREDITED
1666.32,14,165.92112948216948,0,ICICI,@ybl,TRANSACTION_TIMEOUT
11149.76,19,115.50917019908248,0,SBI,@paytm,TRANSACTION_TIMEOUT
45866.35,12,118.951554173921,0,AXIS,@phonepe,BENEFICIARY_NOT_CREDITED
5906.16,13,22.946533444575586,1,HDFC,@paytm,DUPLICATE_TRANSACTION
55481.22,14,24.672724520041623,0,BOB,@upi,BENEFICIARY_NOT_CREDITED
11047.53,20,114.00746233941543,0,SBI,@ybl,TRANSACTION_TIMEOUT
3333.44,21,18.25275600574028,1,PNB,@phonepe,DUPLICATE_TRANSACTION
56778.88,18,7.5767060555842125,0,KOTAK,@paytm,BENEFICIARY_NOT_CREDITED
5017.1,22,1.6294716846784523,1,ICICI,@paytm,DUPLICATE_TRANSACTION
900.57,22,2.8201631687753856,0,BOB,@phonepe,TECHNICAL_DECLINE
34146.73,15,58.3767075344329,0,HDFC,@ybl,BENEFICIARY_NOT_CREDITED
10947.72,16,111.28564346996279,0,BOB,@ybl,TRANSACTION_TIMEOUT
5526.17,9,19.54473964105628,1,AXIS,@gpay,DUPLICATE_TRANSACTION
38161.93,8,16.372523138129015,0,HDFC,@upi,WRONG_DEBIT
218.7,20,10.114718171711662,0,ICICI,@ybl,TECHNICAL_DECLINE
2204.58,7,68.39755358539084,0,BOB,@gpay,WRONG_DEBIT
1665.35,12,9.07155692288255,0,PNB,@ybl,TECHNICAL_DECLINE
25561.32,9,35.440363002515916,0,PNB,@upi,WRONG_DEBIT
11045.62,1,78.41890914462236,0,HDFC,@gpay,TRANSACTION_TIMEOUT
5869.12,8,8.38515681657032,1,HDFC,@okaxis,DUPLICATE_TRANSACTION
51160.29,11,67.32930885653184,0,ICICI,@okaxis,BENEFICIARY_NOT_CREDITED
45768.51,23,44.84101328448977,0,SBI,@okaxis,WRONG_DEBIT
51332.52,11,140.41533133137855,0,BOB,@okaxis,BENEFICIARY_NOT_CREDITED
33781.33,14,150.95399739203665,0,AXIS,@paytm,BENEFICIARY_NOT_CREDITED
45439.15,16,101.76243218490262,0,PNB,@upi,BENEFICIARY_NOT_CREDITED
3873.08,6,2.217984448018088,0,HDFC,@ybl,TECHNICAL_DECLINE
37166.39,6,14.410269727577775,0,KOTAK,@upi,WRONG_DEBIT
83376.5,12,149.07090966458702,0,BOB,@phonepe,BENEFICIARY_NOT_CREDITED
46646.09,12,95.66338109720115,0,BOB,@phonepe,BENEFICIARY_NOT_CREDITED
5159.88,12,0.2966480642122402,1,BOB,@gpay,DUPLICATE_TRANSACTION
21032.09,15,121.23486893377391,0,AXIS,@ybl,BENEFICIARY_NOT_CREDITED
3793.91,15,5.762106885984229,0,KOTAK,@phonepe,TECHNICAL_DECLINE
868.97,9,21.225896537352334,1,BOB,@paytm,DUPLICATE_TRANSACTION
345.14,0,11.361445362052141,0,HDFC,@phonepe,TECHNICAL_DECLINE
7690.28,18,194.10367632092576,0,HDFC,@paytm,TRANSACTION_TIMEOUT
21923.21,12,163.14701309553283,0,PNB,@phonepe,BENEFICIARY_NOT_CREDITED
14070.94,20,1.6124063537853495,0,BOB,@paytm,WRONG_DEBIT
15172.3,8,32.89879073924611,0,BOB,@gpay,WRONG_DEBIT
45978.38,23,68.57459951260432,0,BOB,@paytm,WRONG_DEBIT
3574.17,3,61.08648125954696,0,ICICI,@ybl,TRANSACTION_TIMEOUT
3505.1,8,3.240802021851445,0,PNB,@okaxis,TECHNICAL_DECLINE
1359.35,22,71.3008180316708,0,HDFC,@ybl,TRANSACTION_TIMEOUT
694.97,15,113.73810361496048,0,AXIS,@ybl,TRANSACTION_TIMEOUT
9731.78,17,21.537794717079468,1,PNB,@paytm,DUPLICATE_TRANSACTION
71135.22,16,34.850671477050696,0,SBI,@paytm,BENEFICIARY_NOT_CREDITED
96337.37,12,40.214689658401596,0,AXIS,@paytm,BENEFICIARY_NOT_CREDITED
43688.69,13,40.24399653490292,0,PNB,@ybl,WRONG_DEBIT
7184.14,19,1.1350687062472877,1,SBI,@paytm,DUPLICATE_TRANSACTION
1899.76,15,6.535088911404733,0,SBI,@upi,TECHNICAL_DECLINE
72756.76,17,25.331181262126375,0,PNB,@upi,BENEFICIARY_NOT_CREDITED
40996.66,18,68.09712514387336,0,AXIS,@phonepe,BENEFICIARY_NOT_CREDITED
15189.5,16,113.84368640600782,0,AXIS,@phonepe,BENEFICIARY_NOT_CREDITED
1820.27,8,182.48539666027952,0,SBI,@phonepe,TRANSACTION_TIMEOUT
9070.3,17,178.99359398641678,0,ICICI,@paytm,TRANSACTION_TIMEOUT
50882.11,11,100.99835552316553,0,KOTAK,@upi,BENEFICIARY_NOT_CREDITED
8525.87,17,3.348511214953416,1,BOB,@gpay,DUPLICATE_TRANSACTION
1726.69,13,181.86989832673783,0,KOTAK,@okaxis,TRANSACTION_TIMEOUT
26026.49,18,0.29091574504699746,0,KOTAK,@upi,WRONG_DEBIT
7423.14,18,17.03407122869329,1,SBI,@ybl,DUPLICATE_TRANSACTION
16341.82,11,39.488450970193895,0,AXIS,@okaxis,WRONG_DEBIT
4459.52,11,161.97359989595236,0,PNB,@paytm,TRANSACTION_TIMEOUT
6440.65,15,3.736828357162942,1,PNB,@gpay,DUPLICATE_TRANSACTION
44669.86,16,57.59533494533346,0,AXIS,@gpay,WRONG_DEBIT
34777.38,9,17.412001180780234,0,AXIS,@phonepe,WRONG_DEBIT
5465.47,9,22.837213721482932,1,ICICI,@paytm,DUPLICATE_TRANSACTION
1651.76,3,14.91029272505206,0,BOB,@upi,WRONG_DEBIT
3444.39,14,68.47291130248168,0,AXIS,@phonepe,WRONG_DEBIT
310.31,19,93.63275262833966,0,AXIS,@phonepe,TRANSACTION_TIMEOUT
3107.49,17,14.152579114357653,1,AXIS,@upi,DUPLICATE_TRANSACTION
3007.35,21,5.896001634926806,0,HDFC,@ybl,TECHNICAL_DECLINE
35473.95,13,118.0054609707801,0,BOB,@ybl,BENEFICIARY_NOT_CREDITED
3871.96,13,8.263093702834073,0,KOTAK,@phonepe,TECHNICAL_DECLINE
19893.3,12,53.878079431807805,0,AXIS,@paytm,TRANSACTION_TIMEOUT
5117.91,2,60.61063180341724,0,PNB,@upi,TRANSACTION_TIMEOUT
22788.84,23,24.291554282451138,0,KOTAK,@ybl,WRONG_DEBIT
16211.34,17,55.955791553041976,0,BOB,@ybl,WRONG_DEBIT
6175.8,9,0.2470548183602892,1,ICICI,@okaxis,DUPLICATE_TRANSACTION
46783.36,14,4.975171835342254,0,ICICI,@ybl,WRONG_DEBIT
69864.54,15,134.81838216984076,0,KOTAK,@upi,BENEFICIARY_NOT_CREDITED
12734.89,3,50.27159241739671,0,AXIS,@gpay,WRONG_DEBIT
5938.45,5,54.05210700723209,0,KOTAK,@phonepe,TRANSACTION_TIMEOUT
2282.52,4,195.221845025427,0,HDFC,@gpay,TRANSACTION_TIMEOUT
9776.32,0,106.8701591336168,0,PNB,@upi,TRANSACTION_TIMEOUT
7747.38,8,7.254639062168203,1,ICICI,@phonepe,DUPLICATE_TRANSACTION
4243.14,7,8.565935383260227,0,BOB,@upi,TECHNICAL_DECLINE
5166.73,4,9.503928462458102,0,KOTAK,@okaxis,WRONG_DEBIT
21961.05,11,57.19228936971967,0,AXIS,@paytm,WRONG_DEBIT
4498.68,11,7.617983985854801,0,HDFC,@ybl,TECHNICAL_DECLINE
767.38,13,132.70679696434183,0,AXIS,@paytm,TRANSACTION_TIMEOUT
4453.42,21,25.7502662701386,0,AXIS,@okaxis,WRONG_DEBIT
9075.5,22,3.3006545521636372,1,HDFC,@gpay,DUPLICATE_TRANSACTION
28563.99,21,14.149227322037161,0,PNB,@okaxis,WRONG_DEBIT
55958.16,16,12.15875384311763,0,BOB,@upi,BENEFICIARY_NOT_CREDITED
5862.99,9,13.431997961954313,1,ICICI,@gpay,DUPLICATE_TRANSACTION
3073.4,19,16.83537365032013,1,HDFC,@phonepe,DUPLICATE_TRANSACTION
25558.78,0,8.11818598038364,0,PNB,@phonepe,WRONG_DEBIT
2699.54,9,10.564615739416634,0,ICICI,@phonepe,TECHNICAL_DECLINE
8619.8,20,5.12546524798876,1,PNB,@ybl,DUPLICATE_TRANSACTION
9626.81,3,74.20753165300447,0,KOTAK,@upi,TRANSACTION_TIMEOUT
4307.59,2,1.7533487379922574,0,ICICI,@okaxis,TECHNICAL_DECLINE
8625.74,9,11.464521559486016,1,HDFC,@okaxis,DUPLICATE_TRANSACTION
2545.97,20,9.924206943471004,1,PNB,@phonepe,DUPLICATE_TRANSACTION
8296.96,14,1.4321524058051596,1,AXIS,@paytm,DUPLICATE_TRANSACTION
78172.88,9,33.16515092675795,0,PNB,@phonepe,BENEFICIARY_NOT_CREDITED
9051.58,7,161.78849299208224,0,ICICI,@ybl,TRANSACTION_TIMEOUT
4752.0,16,10.664929694521293,0,PNB,@upi,TECHNICAL_DECLINE
2489.27,16,6.903064280235793,1,BOB,@paytm,DUPLICATE_TRANSACTION
12036.45,13,58.082764367583195,0,HDFC,@upi,TRANSACTION_TIMEOUT
7751.89,8,8.868507077227132,1,AXIS,@phonepe,DUPLICATE_TRANSACTION
13038.32,10,94.13152705968409,0,KOTAK,@okaxis,TRANSACTION_TIMEOUT
91973.02,16,86.41047337994361,0,AXIS,@upi,BENEFICIARY_NOT_CREDITED
3506.72,21,7.2624578117735865,0,PNB,@okaxis,TECHNICAL_DECLINE
4746.35,9,16.594177810491715,1,SBI,@okaxis,DUPLICATE_TRANSACTION
3120.2,2,3.019115265827301,0,SBI,@phonepe,TECHNICAL_DECLINE
59646.16,12,53.27962270959401,0,SBI,@gpay,BENEFICIARY_NOT_CREDITED
1037.21,9,2.3021584891440163,0,SBI,@okaxis,TECHNICAL_DECLINE
5642.59,19,112.42491309189843,0,PNB,@gpay,TRANSACTION_TIMEOUT
4463.7,4,9.62693307726762,0,PNB,@phonepe,TECHNICAL_DECLINE
6902.32,13,17.102904893656238,1,KOTAK,@phonepe,DUPLICATE_TRANSACTION
8000.5,17,12.482704312816072,1,HDFC,@upi,DUPLICATE_TRANSACTION
64040.24,12,100.88791796506061,0,PNB,@phonepe,BENEFICIARY_NOT_CREDITED
8884.01,20,11.926936514675369,1,ICICI,@ybl,DUPLICATE_TRANSACTION
14369.12,18,117.78004218404075,0,SBI,@gpay,TRANSACTION_TIMEOUT
60795.38,13,21.779689396975837,0,AXIS,@okaxis,BENEFICIARY_NOT_CREDITED
165.01,6,171.4226600377749,0,SBI,@ybl,TRANSACTION_TIMEOUT
18701.55,17,136.7047082544569,0,SBI,@okaxis,TRANSACTION_TIMEOUT
2160.42,8,0.6119164808014901,0,AXIS,@upi,TECHNICAL_DECLINE
11945.91,15,114.4501788825279,0,SBI,@paytm,TRANSACTION_TIMEOUT
1892.94,13,18.242986107104976,1,HDFC,@paytm,DUPLICATE_TRANSACTION
13940.07,17,38.53602984045318,0,ICICI,@paytm,WRONG_DEBIT
4177.37,21,134.11823559628235,0,HDFC,@paytm,TRANSACTION_TIMEOUT
97695.21,13,48.45941310209812,0,ICICI,@gpay,BENEFICIARY_NOT_CREDITED
6221.29,17,18.041437494767145,1,KOTAK,@phonepe,DUPLICATE_TRANSACTION
1601.86,16,14.018880185494027,1,BOB,@gpay,DUPLICATE_TRANSACTION
8076.53,21,9.19852784928224,1,KOTAK,@okaxis,DUPLICATE_TRANSACTION
47728.22,2,41.1292997398439,0,KOTAK,@phonepe,WRONG_DEBIT
2578.81,7,176.49810485372794,0,ICICI,@gpay,TRANSACTION_TIMEOUT
12231.18,5,187.47908104577604,0,SBI,@paytm,TRANSACTION_TIMEOUT
12014.66,9,31.333916319414257,0,BOB,@okaxis,WRONG_DEBIT
8978.69,7,63.25572527041208,0,HDFC,@ybl,TRANSACTION_TIMEOUT
8906.3,23,182.99399854570834,0,BOB,@okaxis,TRANSACTION_TIMEOUT
558.23,8,79.17957238878725,0,PNB,@ybl,TRANSACTION_TIMEOUT
15812.8,16,100.02788770911218,0,HDFC,@ybl,TRANSACTION_TIMEOUT
3116.63,14,7.2786472325446825,0,SBI,@gpay,TECHNICAL_DECLINE
30087.58,22,49.196047985492854,0,ICICI,@ybl,WRONG_DEBIT
2257.49,13,9.722454835321026,1,ICICI,@upi,DUPLICATE_TRANSACTION
89896.03,15,101.27275121644887,0,AXIS,@paytm,BENEFICIARY_NOT_CREDITED
1295.96,22,0.776339511774105,0,PNB,@paytm,TECHNICAL_DECLINE
11475.96,11,105.90758176978756,0,AXIS,@ybl,TRANSACTION_TIMEOUT
18192.84,2,114.47907643577986,0,SBI,@gpay,TRANSACTION_TIMEOUT
36976.18,13,80.91463539304135,0,ICICI,@gpay,BENEFICIARY_NOT_CREDITED
3260.54,19,6.371238721323801,0,ICICI,@paytm,TECHNICAL_DECLINE
7354.98,7,61.67582019776023,0,ICICI,@paytm,TRANSACTION_TIMEOUT
3507.03,1,3.0046934258272073,0,KOTAK,@phonepe,TECHNICAL_DECLINE
3065.68,4,178.49203844559082,0,SBI,@gpay,TRANSACTION_TIMEOUT
4153.7,10,12.492191267033618,1,ICICI,@paytm,DUPLICATE_TRANSACTION
355.52,20,9.397208939575815,0,BOB,@upi,TECHNICAL_DECLINE
2953.61,15,22.6083865326519,1,ICICI,@gpay,DUPLICATE_TRANSACTION
40405.66,6,43.38967236356506,0,HDFC,@paytm,WRONG_DEBIT
13525.3,5,38.44463939173433,0,BOB,@ybl,WRONG_DEBIT
3828.22,23,2.1470877664731685,0,KOTAK,@gpay,TECHNICAL_DECLINE
7890.39,13,20.52977588864467,1,BOB,@phonepe,DUPLICATE_TRANSACTION
4085.2,16,6.054116954938011,0,HDFC,@ybl,TECHNICAL_DECLINE
1753.31,15,3.741825851178845,1,ICICI,@gpay,DUPLICATE_TRANSACTION
4187.97,18,9.397889460260604,0,AXIS,@gpay,TECHNICAL_DECLINE
3585.39,3,156.44131307101733,0,ICICI,@upi,TRANSACTION_TIMEOUT
3797.12,2,11.794275585778811,0,ICICI,@paytm,TECHNICAL_DECLINE
46346.88,16,114.14674416900556,0,AXIS,@okaxis,BENEFICIARY_NOT_CREDITED
3658.55,16,5.599442568013509,0,PNB,@okaxis,TECHNICAL_DECLINE
78745.28,18,120.96542788955442,0,PNB,@ybl,BENEFICIARY_NOT_CREDITED
52585.31,15,28.87155307849104,0,BOB,@ybl,BENEFICIARY_NOT_CREDITED
8067.9,11,1.7620097279187803,1,SBI,@phonepe,DUPLICATE_TRANSACTION
30259.35,13,27.545204245060557,0,SBI,@phonepe,WRONG_DEBIT
15795.8,6,54.022418984435426,0,ICICI,@ybl,WRONG_DEBIT
4554.41,17,18.972583250777042,1,PNB,@gpay,DUPLICATE_TRANSACTION
39937.9,11,3.7351334049112883,0,ICICI,@ybl,BENEFICIARY_NOT_CREDITED
48934.2,16,120.05267647422242,0,SBI,@gpay,BENEFICIARY_NOT_CREDITED
2695.24,1,85.29563301842111,0,ICICI,@upi,TRANSACTION_TIMEOUT
14841.36,1,25.23996795331268,0,AXIS,@upi,WRONG_DEBIT
1654.66,9,101.92570642237604,0,KOTAK,@okaxis,TRANSACTION_TIMEOUT
906.44,15,58.29885987622535,0,SBI,@gpay,TRANSACTION_TIMEOUT
92237.54,11,2.846382846538912,0,HDFC,@gpay,BENEFICIARY_NOT_CREDITED
1421.08,0,6.114080448629897,0,PNB,@okaxis,TECHNICAL_DECLINE
2901.91,15,56.784835452969105,0,KOTAK,@ybl,BENEFICIARY_NOT_CREDITED
62366.38,13,62.450577754549904,0,BOB,@okaxis,BENEFICIARY_NOT_CREDITED
704.16,14,9.10190977044554,0,AXIS,@okaxis,TECHNICAL_DECLINE
33349.37,17,52.463839753892174,0,KOTAK,@okaxis,WRONG_DEBIT
49932.36,4,67.17222591772179,0,AXIS,@phonepe,WRONG_DEBIT
14655.85,20,88.60008899778593,0,ICICI,@gpay,TRANSACTION_TIMEOUT
30882.03,8,28.396757243999115,0,HDFC,@paytm,WRONG_DEBIT
1705.42,11,33.48040546379067,0,KOTAK,@gpay,BENEFICIARY_NOT_CREDITED
16009.49,4,112.89054682219405,0,KOTAK,@phonepe,TRANSACTION_TIMEOUT
105.61,9,3.9213945613218506,1,HDFC,@phonepe,DUPLICATE_TRANSACTION
15761.54,7,119.18260552808918,0,ICICI,@upi,TRANSACTION_TIMEOUT
2373.32,21,117.86015471351776,0,SBI,@okaxis,TRANSACTION_TIMEOUT
85134.09,13,97.36625707358832,0,KOTAK,@upi,BENEFICIARY_NOT_CREDITED
63336.69,14,88.96042895305841,0,PNB,@upi,BENEFICIARY_NOT_CREDITED
2648.24,8,9.674267523930995,0,BOB,@gpay,TECHNICAL_DECLINE
8167.83,14,11.601503182444905,1,SBI,@okaxis,DUPLICATE_TRANSACTION
50138.0,15,9.564857251947922,0,KOTAK,@phonepe,BENEFICIARY_NOT_CREDITED
11096.43,11,93.6873518552289,0,BOB,@gpay,BENEFICIARY_NOT_CREDITED
4697.04,10,22.225239175307255,1,PNB,@okaxis,DUPLICATE_TRANSACTION
1878.67,23,4.798208482798176,0,KOTAK,@phonepe,TECHNICAL_DECLINE
8572.36,11,105.05071002510192,0,PNB,@paytm,BENEFICIARY_NOT_CREDITED
92649.39,9,73.74911202333438,0,BOB,@ybl,BENEFICIARY_NOT_CREDITED
4200.81,8,8.01086049156082,1,SBI,@paytm,DUPLICATE_TRANSACTION
23950.39,16,155.94853122556063,0,AXIS,@okaxis,BENEFICIARY_NOT_CREDITED
4112.65,21,5.642671874725982,1,ICICI,@okaxis,DUPLICATE_TRANSACTION
3427.5,17,7.851429568549281,1,AXIS,@paytm,DUPLICATE_TRANSACTION
4196.53,23,0.6112701505670666,0,KOTAK,@ybl,WRONG_DEBIT
17941.97,22,146.49140369211827,0,HDFC,@paytm,TRANSACTION_TIMEOUT
3633.7,4,92.29630057157993,0,BOB,@phonepe,TRANSACTION_TIMEOUT
66772.79,10,7.751781907618046,0,SBI,@phonepe,BENEFICIARY_NOT_CREDITED
2043.22,18,5.928896957258102,0,HDFC,@okaxis,WRONG_DEBIT
41089.35,6,56.84707322892007,0,AXIS,@ybl,WRONG_DEBIT
13439.78,9,44.31132611820986,0,KOTAK,@paytm,WRONG_DEBIT
1493.78,2,5.548038805082534,0,BOB,@phonepe,TECHNICAL_DECLINE
6470.29,19,12.357394891283544,1,AXIS,@okaxis,DUPLICATE_TRANSACTION
6921.42,8,9.441443476466494,1,SBI,@upi,DUPLICATE_TRANSACTION
6979.6,20,10.860202853456482,1,KOTAK,@phonepe,DUPLICATE_TRANSACTION
65522.2,15,70.80092285397126,0,ICICI,@phonepe,BENEFICIARY_NOT_CREDITED
21449.45,16,25.836393285097035,0,ICICI,@paytm,BENEFICIARY_NOT_CREDITED
3031.53,3,10.632957873885054,0,AXIS,@gpay,WRONG_DEBIT
7255.42,12,18.488801002394236,1,PNB,@phonepe,DUPLICATE_TRANSACTION
1272.34,15,5.224018014360716,0,HDFC,@upi,TECHNICAL_DECLINE
3673.96,9,11.24923438213266,0,ICICI,@ybl,TECHNICAL_DECLINE
18274.05,12,13.787179476366681,0,HDFC,@paytm,WRONG_DEBIT
42071.96,8,28.048252980653185,0,BOB,@ybl,WRONG_DEBIT
13200.76,12,167.1261669679697,0,BOB,@phonepe,TRANSACTION_TIMEOUT
2744.77,10,161.28275098605425,0,PNB,@ybl,TRANSACTION_TIMEOUT
95827.48,18,145.97835513111818,0,ICICI,@paytm,BENEFICIARY_NOT_CREDITED
9547.47,14,2.2371920025755507,1,SBI,@gpay,DUPLICATE_TRANSACTION
44222.53,7,36.920477595048936,0,AXIS,@phonepe,WRONG_DEBIT
7235.77,14,0.9227780289995566,1,HDFC,@upi,DUPLICATE_TRANSACTION
71280.84,18,63.294990042664324,0,HDFC,@paytm,BENEFICIARY_NOT_CREDITED
15454.2,16,78.66041070283492,0,ICICI,@phonepe,TRANSACTION_TIMEOUT
1439.89,12,10.67503644782917,0,KOTAK,@okaxis,TECHNICAL_DECLINE
1063.64,23,9.603353354879488,0,AXIS,@upi,TECHNICAL_DECLINE
2780.9,17,11.961481400350355,0,AXIS,@paytm,TECHNICAL_DECLINE
33594.24,15,99.41648375031453,0,BOB,@paytm,BENEFICIARY_NOT_CREDITED
16608.1,13,189.21535794778575,0,KOTAK,@okaxis,TRANSACTION_TIMEOUT
9238.59,21,14.181447963040984,1,AXIS,@phonepe,DUPLICATE_TRANSACTION
89205.56,9,137.39495671035334,0,PNB,@okaxis,BENEFICIARY_NOT_CREDITED
39783.85,9,89.63405066192061,0,HDFC,@gpay,BENEFICIARY_NOT_CREDITED
4855.7,0,113.36163532182641,0,HDFC,@phonepe,TRANSACTION_TIMEOUT
4090.68,17,11.279002852745805,0,HDFC,@okaxis,TECHNICAL_DECLINE
77005.64,9,83.93814534053966,0,KOTAK,@gpay,BENEFICIARY_NOT_CREDITED
3340.31,9,9.356097589362113,0,BOB,@gpay,TECHNICAL_DECLINE
11259.02,10,74.93998106457005,0,PNB,@gpay,TRANSACTION_TIMEOUT
34285.69,2,23.67178772816579,0,ICICI,@ybl,WRONG_DEBIT
5063.05,23,52.63319363139504,0,ICICI,@upi,WRONG_DEBIT
67345.18,15,28.030865678894582,0,AXIS,@gpay,BENEFICIARY_NOT_CREDITED
3678.15,20,22.361795298238725,1,SBI,@okaxis,DUPLICATE_TRANSACTION
3231.21,2,11.793763264021452,0,BOB,@paytm,TECHNICAL_DECLINE
47683.92,2,56.06387066442102,0,BOB,@phonepe,WRONG_DEBIT
1222.37,15,8.100716135759182,1,KOTAK,@okaxis,DUPLICATE_TRANSACTION
10264.51,15,149.53575346904717,0,SBI,@paytm,TRANSACTION_TIMEOUT
79005.5,14,30.45855633747631,0,BOB,@gpay,BENEFICIARY_NOT_CREDITED
4730.21,23,0.2187305609214234,0,KOTAK,@paytm,TECHNICAL_DECLINE
8198.38,10,11.544467669652715,0,BOB,@upi,WRONG_DEBIT
1051.44,20,4.2165910032203,0,SBI,@ybl,TECHNICAL_DECLINE
2161.03,16,165.93104996826523,0,AXIS,@gpay,TRANSACTION_TIMEOUT
1982.42,18,11.60215504887045,1,KOTAK,@upi,DUPLICATE_TRANSACTION
48809.25,23,16.326086372768906,0,PNB,@ybl,WRONG_DEBIT
3877.11,12,3.8665680565709506,0,SBI,@gpay,TECHNICAL_DECLINE
1915.34,6,0.26796532502493786,0,SBI,@paytm,WRONG_DEBIT
65047.32,15,126.20535621692011,0,HDFC,@phonepe,BENEFICIARY_NOT_CREDITED
1795.98,3,138.38657074509678,0,KOTAK,@paytm,TRANSACTION_TIMEOUT
765.27,15,6.643020808351249,0,KOTAK,@upi,TECHNICAL_DECLINE
12415.43,9,132.28641912700877,0,PNB,@phonepe,BENEFICIARY_NOT_CREDITED
3189.38,21,10.215374581834908,1,HDFC,@paytm,DUPLICATE_TRANSACTION
46958.53,21,69.41361611995863,0,ICICI,@upi,WRONG_DEBIT
81661.49,11,47.871569758431455,0,BOB,@ybl,BENEFICIARY_NOT_CREDITED
48758.96,11,5.408039598738154,0,SBI,@upi,WRONG_DEBIT
40983.65,9,164.8693953724274,0,SBI,@gpay,BENEFICIARY_NOT_CREDITED
43488.29,16,43.40926154827555,0,BOB,@paytm,WRONG_DEBIT
11780.73,13,129.25579622940808,0,SBI,@paytm,BENEFICIARY_NOT_CREDITED
5806.47,17,19.208918108732497,1,ICICI,@paytm,DUPLICATE_TRANSACTION
31493.11,17,127.058385434733,0,BOB,@paytm,BENEFICIARY_NOT_CREDITED
4682.53,22,6.552775498974894,0,KOTAK,@upi,TECHNICAL_DECLINE
10493.35,15,126.63442245454705,0,HDFC,@phonepe,BENEFICIARY_NOT_CREDITED
1950.05,10,88.89532483105612,0,HDFC,@gpay,TRANSACTION_TIMEOUT
4806.32,18,0.28868031272043027,0,AXIS,@paytm,WRONG_DEBIT
16209.06,12,130.378590704854,0,SBI,@gpay,TRANSACTION_TIMEOUT
4704.32,7,0.9841065407451537,0,ICICI,@gpay,TECHNICAL_DECLINE
3533.42,3,7.570066524647016,0,HDFC,@ybl,TECHNICAL_DECLINE
7314.61,10,4.0648700126162165,1,BOB,@upi,DUPLICATE_TRANSACTION
1269.07,13,0.06343788040380405,0,KOTAK,@phonepe,TECHNICAL_DECLINE
3993.84,6,5.911833692869284,0,ICICI,@paytm,TECHNICAL_DECLINE
4299.05,21,107.0430531893351,0,BOB,@okaxis,TRANSACTION_TIMEOUT
34754.65,15,163.61148944987812,0,AXIS,@okaxis,BENEFICIARY_NOT_CREDITED
27301.34,18,143.97537656544003,0,HDFC,@upi,BENEFICIARY_NOT_CREDITED
5174.49,19,123.64693999454974,0,HDFC,@ybl,TRANSACTION_TIMEOUT
1036.71,8,8.295599531667623,0,KOTAK,@gpay,TECHNICAL_DECLINE
687.89,21,2.985361587922147,0,PNB,@paytm,TECHNICAL_DECLINE
9981.64,19,1.1175410863016504,1,HDFC,@upi,DUPLICATE_TRANSACTION
2745.95,6,90.03545875719763,0,HDFC,@okaxis,TRANSACTION_TIMEOUT
32627.46,22,7.975751726015587,0,PNB,@paytm,WRONG_DEBIT
2228.38,6,115.95532457490505,0,ICICI,@upi,TRANSACTION_TIMEOUT
43453.18,10,70.36200038791546,0,AXIS,@upi,WRONG_DEBIT
3433.54,14,7.957436818022931,0,BOB,@upi,TECHNICAL_DECLINE
2147.14,13,4.5120166307600265,1,PNB,@upi,DUPLICATE_TRANSACTION
4950.14,12,10.49881965796949,1,SBI,@paytm,DUPLICATE_TRANSACTION
9325.29,1,166.77174931107743,0,BOB,@paytm,TRANSACTION_TIMEOUT
10533.21,6,110.83746064292866,0,SBI,@gpay,TRANSACTION_TIMEOUT
28293.14,15,129.43194511755698,0,AXIS,@okaxis,BENEFICIARY_NOT_CREDITED
29365.57,11,21.830089676275854,0,ICICI,@ybl,WRONG_DEBIT
6915.47,12,20.14723124685917,1,AXIS,@phonepe,DUPLICATE_TRANSACTION
4855.47,15,21.715356969860803,1,HDFC,@gpay,DUPLICATE_TRANSACTION
7753.17,17,125.47405196403749,0,ICICI,@paytm,TRANSACTION_TIMEOUT
72263.65,17,43.55346711139836,0,HDFC,@phonepe,BENEFICIARY_NOT_CREDITED
4017.36,23,4.844576867249568,0,HDFC,@okaxis,TECHNICAL_DECLINE
12137.17,9,18.15111126228519,0,ICICI,@upi,WRONG_DEBIT
4293.67,18,9.587935828366637,0,KOTAK,@gpay,TECHNICAL_DECLINE
19551.29,0,70.66263796173386,0,HDFC,@phonepe,TRANSACTION_TIMEOUT
2156.66,10,0.017526222558549964,0,ICICI,@gpay,TECHNICAL_DECLINE
36657.68,23,55.01967953584421,0,SBI,@upi,WRONG_DEBIT
58826.14,15,112.86265901922414,0,KOTAK,@okaxis,BENEFICIARY_NOT_CREDITED
1848.75,12,5.6622537038879885,0,ICICI,@gpay,TECHNICAL_DECLINE
5057.44,14,60.59906912387236,0,BOB,@gpay,BENEFICIARY_NOT_CREDITED
1733.8,7,5.169878300205033,0,KOTAK,@paytm,TECHNICAL_DECLINE
5249.3,4,16.653919142283062,0,BOB,@paytm,WRONG_DEBIT
4724.12,16,23.9029452929405,1,HDFC,@paytm,DUPLICATE_TRANSACTION
2262.28,4,2.6487858955285972,0,ICICI,@gpay,TECHNICAL_DECLINE
10137.19,13,2.9535373027620837,0,KOTAK,@ybl,BENEFICIARY_NOT_CREDITED
49566.65,20,42.38108891297662,0,AXIS,@gpay,WRONG_DEBIT
17106.63,7,44.04773056918453,0,HDFC,@phonepe,WRONG_DEBIT
2730.77,20,11.259260573468572,0,ICICI,@paytm,TECHNICAL_DECLINE
13811.03,17,73.38973501256962,0,BOB,@upi,TRANSACTION_TIMEOUT
46318.79,15,58.828710075039425,0,ICICI,@ybl,WRONG_DEBIT
10459.31,17,98.34082802607104,0,KOTAK,@phonepe,BENEFICIARY_NOT_CREDITED
21412.58,11,67.29514755082708,0,BOB,@ybl,WRONG_DEBIT
3510.1,0,8.866808393375084,0,PNB,@okaxis,TECHNICAL_DECLINE
33398.2,6,12.388912522842062,0,ICICI,@gpay,WRONG_DEBIT
36648.77,6,59.56397717485656,0,ICICI,@gpay,WRONG_DEBIT
46355.08,16,38.67940453673837,0,ICICI,@paytm,BENEFICIARY_NOT_CREDITED
36314.62,23,14.699779647575713,0,PNB,@phonepe,WRONG_DEBIT
3163.2,2,174.71018958818752,0,ICICI,@ybl,TRANSACTION_TIMEOUT
251.69,11,53.3396849708297,0,ICICI,@upi,TRANSACTION_TIMEOUT
2259.64,5,80.19134666866347,0,ICICI,@ybl,TRANSACTION_TIMEOUT
21787.46,22,58.50716748808042,0,SBI,@upi,WRONG_DEBIT
3597.24,21,6.370389635857958,0,KOTAK,@okaxis,TECHNICAL_DECLINE
88695.63,11,139.4055151755761,0,KOTAK,@okaxis,BENEFICIARY_NOT_CREDITED
1156.38,14,5.098635808122308,0,KOTAK,@ybl,TECHNICAL_DECLINE
31915.16,18,36.762566578966286,0,PNB,@paytm,BENEFICIARY_NOT_CREDITED
4117.58,14,18.541393614193392,1,AXIS,@paytm,DUPLICATE_TRANSACTION
665.2,22,1.5213473350552564,0,HDFC,@gpay,TECHNICAL_DECLINE
4752.86,3,6.720778180300147,0,AXIS,@upi,TECHNICAL_DECLINE
3591.0,4,0.6339803801138184,0,ICICI,@okaxis,TECHNICAL_DECLINE
8009.53,11,21.792030224339634,1,KOTAK,@okaxis,DUPLICATE_TRANSACTION
4433.66,7,6.468034614826199,0,HDFC,@phonepe,TECHNICAL_DECLINE
2734.08,8,3.1336823104687794,0,KOTAK,@gpay,TECHNICAL_DECLINE
535.78,15,20.40588030300762,1,ICICI,@gpay,DUPLICATE_TRANSACTION
7017.88,9,12.430921580998103,1,KOTAK,@ybl,DUPLICATE_TRANSACTION
21163.91,20,39.36429212817025,0,PNB,@phonepe,WRONG_DEBIT
3376.23,8,198.89828694446632,0,SBI,@paytm,TRANSACTION_TIMEOUT
38297.42,0,55.82190638684864,0,PNB,@paytm,WRONG_DEBIT
4273.33,5,54.544213633524315,0,BOB,@upi,WRONG_DEBIT
497.21,22,2.285064203808892,0,BOB,@paytm,TECHNICAL_DECLINE
15694.63,17,146.4272530114204,0,HDFC,@upi,TRANSACTION_TIMEOUT
226.62,4,11.860834868550612,0,SBI,@ybl,TECHNICAL_DECLINE
39755.01,16,46.48370645098424,0,BOB,@phonepe,WRONG_DEBIT
16347.81,17,136.73190113683478,0,KOTAK,@upi,BENEFICIARY_NOT_CREDITED
2746.07,9,5.893670128782583,0,BOB,@paytm,TECHNICAL_DECLINE
1839.68,20,6.935452670112029,1,KOTAK,@paytm,DUPLICATE_TRANSACTION
38254.8,9,85.69299572403143,0,AXIS,@paytm,BENEFICIARY_NOT_CREDITED
30000.66,0,47.666672191117264,0,ICICI,@ybl,WRONG_DEBIT
63848.46,10,61.3649457461474,0,KOTAK,@phonepe,BENEFICIARY_NOT_CREDITED
834.8,12,6.756018083358615,0,ICICI,@ybl,TECHNICAL_DECLINE
7997.23,16,5.468274055242694,1,SBI,@phonepe,DUPLICATE_TRANSACTION
18373.91,5,56.530073356117406,0,AXIS,@upi,WRONG_DEBIT
27671.91,1,45.00121743845481,0,HDFC,@ybl,WRONG_DEBIT
2479.86,17,20.544614842094564,1,KOTAK,@ybl,DUPLICATE_TRANSACTION
1839.88,0,9.268397714888883,0,BOB,@upi,TECHNICAL_DECLINE
1005.36,2,0.7285411895344263,0,BOB,@paytm,TECHNICAL_DECLINE
43276.04,8,60.112671480010874,0,HDFC,@okaxis,WRONG_DEBIT
3718.68,8,7.506940907235592,0,SBI,@upi,TECHNICAL_DECLINE
5520.03,15,11.962733366570587,1,ICICI,@okaxis,DUPLICATE_TRANSACTION
3843.07,20,4.504416083393329,1,PNB,@paytm,DUPLICATE_TRANSACTION
5429.21,4,150.2959684279609,0,ICICI,@upi,TRANSACTION_TIMEOUT
12419.59,9,158.35042090693423,0,KOTAK,@okaxis,TRANSACTION_TIMEOUT
41060.3,11,4.458465602499297,0,AXIS,@upi,BENEFICIARY_NOT_CREDITED
3745.74,19,20.28095046192188,1,AXIS,@gpay,DUPLICATE_TRANSACTION
15548.29,8,5.916115949016064,0,BOB,@paytm,WRONG_DEBIT
5903.34,20,107.26188951592255,0,SBI,@phonepe,TRANSACTION_TIMEOUT
86694.21,9,32.16037762424068,0,BOB,@gpay,BENEFICIARY_NOT_CREDITED
34323.11,11,50.07012782252752,0,BOB,@upi,BENEFICIARY_NOT_CREDITED
33466.35,15,27.16352157411368,0,AXIS,@phonepe,WRONG_DEBIT
51541.52,17,85.37112829847509,0,HDFC,@gpay,BENEFICIARY_NOT_CREDITED
18481.75,17,50.213244170470745,0,KOTAK,@gpay,WRONG_DEBIT
33489.35,11,78.76901046101678,0,BOB,@upi,BENEFICIARY_NOT_CREDITED
33716.52,10,2.702950692609887,0,PNB,@upi,WRONG_DEBIT
49656.99,9,17.194831540689396,0,ICICI,@gpay,WRONG_DEBIT
19835.73,17,44.03875440395846,0,SBI,@upi,BENEFICIARY_NOT_CREDITED
19796.53,7,58.082759396597424,0,BOB,@paytm,WRONG_DEBIT
4819.29,19,32.741561575883786,0,AXIS,@upi,WRONG_DEBIT
27264.46,19,70.24249874279319,0,ICICI,@okaxis,WRONG_DEBIT
31580.59,6,35.46583604520799,0,ICICI,@ybl,WRONG_DEBIT
99944.64,9,148.35792357407536,0,BOB,@paytm,BENEFICIARY_NOT_CREDITED
47814.91,19,54.8174581851946,0,AXIS,@phonepe,WRONG_DEBIT
1996.63,16,178.47352562765792,0,BOB,@okaxis,TRANSACTION_TIMEOUT
4469.94,0,10.93813081248064,0,ICICI,@paytm,TECHNICAL_DECLINE
29345.91,10,56.06157718510653,0,HDFC,@okaxis,WRONG_DEBIT
8392.21,16,22.183835508785283,1,ICICI,@upi,DUPLICATE_TRANSACTION
6743.65,20,154.83146771488674,0,SBI,@upi,TRANSACTION_TIMEOUT
82392.57,18,20.990057918291907,0,PNB,@ybl,BENEFICIARY_NOT_CREDITED
44125.84,21,15.386527092805665,0,SBI,@okaxis,WRONG_DEBIT
13825.67,9,13.734074190073086,0,KOTAK,@paytm,BENEFICIARY_NOT_CREDITED
43555.0,20,55.57445378156029,0,SBI,@paytm,WRONG_DEBIT
1531.99,7,4.764025616337822,0,AXIS,@phonepe,TECHNICAL_DECLINE
29369.2,13,14.018826755011448,0,BOB,@upi,WRONG_DEBIT
9421.84,17,14.447149963233336,1,ICICI,@paytm,DUPLICATE_TRANSACTION
4567.79,13,8.104672447133478,1,HDFC,@paytm,DUPLICATE_TRANSACTION
93410.9,13,22.718759348888685,0,KOTAK,@ybl,BENEFICIARY_NOT_CREDITED
41496.2,20,1.530303120742194,0,BOB,@phonepe,WRONG_DEBIT
4974.52,14,10.288068551189525,1,BOB,@upi,DUPLICATE_TRANSACTION
26015.03,3,8.388910574739349,0,ICICI,@ybl,WRONG_DEBIT
46948.38,6,62.9876945562556,0,HDFC,@okaxis,WRONG_DEBIT
3677.09,14,21.22895043029083,1,HDFC,@paytm,DUPLICATE_TRANSACTION
3164.44,14,59.04727036280548,0,PNB,@gpay,TRANSACTION_TIMEOUT
47644.06,6,18.28993815645233,0,SBI,@phonepe,WRONG_DEBIT
40888.14,16,39.62098012272328,0,AXIS,@okaxis,WRONG_DEBIT
24320.77,15,30.5620962898414,0,KOTAK,@upi,WRONG_DEBIT
6249.67,16,19.953396903952907,1,SBI,@upi,DUPLICATE_TRANSACTION
5879.85,9,64.53795587961532,0,HDFC,@okaxis,WRONG_DEBIT
15626.84,10,93.36291906303691,0,AXIS,@upi,TRANSACTION_TIMEOUT
3709.62,16,1.63794327444946,0,HDFC,@gpay,TECHNICAL_DECLINE
6486.84,17,17.372576080108367,1,HDFC,@paytm,DUPLICATE_TRANSACTION
45427.62,9,102.14890381929946,0,HDFC,@okaxis,BENEFICIARY_NOT_CREDITED
99322.45,18,119.16038542112906,0,BOB,@phonepe,BENEFICIARY_NOT_CREDITED
57621.71,9,120.34701246191344,0,AXIS,@phonepe,BENEFICIARY_NOT_CREDITED
4055.89,12,9.074624562071296,0,PNB,@okaxis,TECHNICAL_DECLINE
4718.7,13,9.19954192261254,0,KOTAK,@ybl,TECHNICAL_DECLINE
83113.08,18,127.835605615764,0,PNB,@upi,BENEFICIARY_NOT_CREDITED
1884.13,16,92.92322246780634,0,KOTAK,@phonepe,TRANSACTION_TIMEOUT
1982.08,18,2.978409750485287,0,SBI,@okaxis,TECHNICAL_DECLINE
14790.93,16,63.888365494390705,0,KOTAK,@okaxis,WRONG_DEBIT
9537.56,22,4.56901754886297,1,ICICI,@gpay,DUPLICATE_TRANSACTION
78162.55,15,68.50343298296502,0,KOTAK,@paytm,BENEFICIARY_NOT_CREDITED
12482.14,0,198.48344258071555,0,AXIS,@gpay,TRANSACTION_TIMEOUT
12840.77,14,164.09632569172197,0,HDFC,@upi,TRANSACTION_TIMEOUT
3560.9,6,95.04426697918971,0,PNB,@gpay,TRANSACTION_TIMEOUT
3072.98,10,8.041758715737759,0,KOTAK,@phonepe,TECHNICAL_DECLINE
8995.37,16,3.3245534880028664,1,KOTAK,@paytm,DUPLICATE_TRANSACTION
82887.35,14,161.32342980092653,0,PNB,@paytm,BENEFICIARY_NOT_CREDITED
9032.26,17,14.640168327238836,1,SBI,@paytm,DUPLICATE_TRANSACTION
4042.47,4,4.874771170959961,0,BOB,@phonepe,TECHNICAL_DECLINE
3415.12,13,7.93102332347976,0,HDFC,@okaxis,TECHNICAL_DECLINE
11500.97,11,109.85259169201277,0,HDFC,@gpay,TRANSACTION_TIMEOUT
28133.52,13,7.074200037008794,0,BOB,@upi,WRONG_DEBIT
7688.26,20,12.684111234014274,1,KOTAK,@phonepe,DUPLICATE_TRANSACTION
12671.33,6,55.95974006673237,0,AXIS,@okaxis,WRONG_DEBIT
2481.95,20,18.555476423038726,1,BOB,@okaxis,DUPLICATE_TRANSACTION
62791.11,9,143.72436609058704,0,BOB,@gpay,BENEFICIARY_NOT_CREDITED
15071.42,0,48.99002651492418,0,BOB,@okaxis,TRANSACTION_TIMEOUT
12047.81,12,57.51595449271358,0,HDFC,@paytm,TRANSACTION_TIMEOUT
10127.6,2,60.344543975471595,0,ICICI,@okaxis,TRANSACTION_TIMEOUT
82444.27,9,9.001997246387347,0,HDFC,@ybl,BENEFICIARY_NOT_CREDITED
374.33,20,3.3509649109933757,0,SBI,@upi,TECHNICAL_DECLINE
458.5,23,3.856713389246779,0,AXIS,@ybl,TECHNICAL_DECLINE
8642.7,16,4.701588369341011,1,KOTAK,@ybl,DUPLICATE_TRANSACTION
12576.86,1,158.95640993111493,0,ICICI,@upi,TRANSACTION_TIMEOUT
27377.09,16,74.5884748468552,0,KOTAK,@phonepe,BENEFICIARY_NOT_CREDITED
3330.01,22,191.32550177165726,0,ICICI,@upi,TRANSACTION_TIMEOUT
15283.03,13,150.05180063668172,0,KOTAK,@gpay,TRANSACTION_TIMEOUT
2436.52,10,125.55912425144668,0,AXIS,@upi,BENEFICIARY_NOT_CREDITED
18464.3,1,197.261333290247,0,KOTAK,@upi,TRANSACTION_TIMEOUT
427.29,8,0.2728208360623321,0,KOTAK,@upi,TECHNICAL_DECLINE
1387.72,6,2.3812709929942875,0,AXIS,@gpay,TECHNICAL_DECLINE
46868.36,10,25.7672834059161,0,ICICI,@gpay,WRONG_DEBIT
91624.03,15,19.155119031825624,0,KOTAK,@paytm,BENEFICIARY_NOT_CREDITED
311.76,5,151.0609699446842,0,HDFC,@okaxis,TRANSACTION_TIMEOUT
104.6,9,5.252905681789698,1,AXIS,@gpay,DUPLICATE_TRANSACTION
4899.77,10,1.5882752955908512,0,AXIS,@okaxis,TECHNICAL_DECLINE
4884.52,12,1.4551705590236654,0,ICICI,@ybl,TECHNICAL_DECLINE
44580.89,17,21.36442743324543,0,SBI,@okaxis,WRONG_DEBIT
36326.73,5,62.24817444141261,0,SBI,@paytm,WRONG_DEBIT
8654.82,12,12.246446915209518,1,BOB,@paytm,DUPLICATE_TRANSACTION
5580.3,1,83.94914129871333,0,ICICI,@upi,TRANSACTION_TIMEOUT
83284.04,15,79.55647062665496,0,HDFC,@gpay,BENEFICIARY_NOT_CREDITED
14844.24,15,149.42600618329197,0,ICICI,@gpay,TRANSACTION_TIMEOUT
799.27,5,46.01249747457604,0,AXIS,@okaxis,WRONG_DEBIT
4153.88,3,7.539187538032418,0,SBI,@okaxis,TECHNICAL_DECLINE
3515.23,17,99.70090824105807,0,BOB,@ybl,TRANSACTION_TIMEOUT
2245.86,13,10.399002387493884,0,ICICI,@okaxis,TECHNICAL_DECLINE
8778.77,21,12.367207499244799,1,KOTAK,@upi,DUPLICATE_TRANSACTION
41138.3,14,39.22768439050789,0,BOB,@ybl,BENEFICIARY_NOT_CREDITED
24692.02,22,42.38003461965234,0,PNB,@upi,WRONG_DEBIT
8115.35,3,116.9432057790818,0,PNB,@paytm,TRANSACTION_TIMEOUT
17231.99,15,83.86438751852141,0,AXIS,@okaxis,TRANSACTION_TIMEOUT
8615.0,8,8.762071388578896,1,HDFC,@ybl,DUPLICATE_TRANSACTION
803.78,21,10.088167921090745,0,ICICI,@gpay,TECHNICAL_DECLINE
33125.11,11,15.393584442803139,0,AXIS,@upi,BENEFICIARY_NOT_CREDITED
1975.8,14,91.02544570074865,0,AXIS,@paytm,BENEFICIARY_NOT_CREDITED
40791.0,11,123.32577088600384,0,KOTAK,@upi,BENEFICIARY_NOT_CREDITED
820.26,17,3.3298581231938362,1,KOTAK,@ybl,DUPLICATE_TRANSACTION
15123.76,1,132.74401493203766,0,KOTAK,@upi,TRANSACTION_TIMEOUT
23904.31,18,102.69653139628637,0,SBI,@okaxis,BENEFICIARY_NOT_CREDITED
47659.04,4,64.23671235247099,0,HDFC,@phonepe,WRONG_DEBIT
47574.86,22,52.53384888578603,0,PNB,@okaxis,WRONG_DEBIT
19502.69,19,156.94616098026765,0,SBI,@okaxis,TRANSACTION_TIMEOUT
65012.88,13,148.3760251263887,0,SBI,@upi,BENEFICIARY_NOT_CREDITED
2609.81,20,0.7922072095218975,0,HDFC,@phonepe,TECHNICAL_DECLINE
45460.43,17,85.75832867225162,0,BOB,@paytm,BENEFICIARY_NOT_CREDITED
1924.15,5,83.76270026020556,0,KOTAK,@ybl,TRANSACTION_TIMEOUT
7870.87,6,129.96905539113513,0,PNB,@gpay,TRANSACTION_TIMEOUT
46701.83,14,19.792803193571242,0,BOB,@paytm,WRONG_DEBIT
411.06,20,7.964306381942992,0,AXIS,@ybl,TECHNICAL_DECLINE
2707.77,12,6.503721369795537,0,BOB,@okaxis,TECHNICAL_DECLINE
4585.06,16,5.96671295629797,0,BOB,@gpay,TECHNICAL_DECLINE
3269.15,17,4.707686035735694,1,PNB,@paytm,DUPLICATE_TRANSACTION
1659.44,16,0.007855510585932368,0,PNB,@gpay,TECHNICAL_DECLINE
3749.94,19,6.463853159490906,1,HDFC,@upi,DUPLICATE_TRANSACTION
75678.93,15,64.61684490385647,0,KOTAK,@phonepe,BENEFICIARY_NOT_CREDITED
11426.95,0,150.29770912955308,0,ICICI,@phonepe,TRANSACTION_TIMEOUT
961.95,23,4.111577855272435,0,SBI,@phonepe,TECHNICAL_DECLINE
18664.33,17,66.65995158206321,0,KOTAK,@ybl,BENEFICIARY_NOT_CREDITED
1489.51,21,19.565437962660923,1,SBI,@gpay,DUPLICATE_TRANSACTION
6376.1,10,16.404614126569587,1,PNB,@okaxis,DUPLICATE_TRANSACTION
79058.74,12,145.6707862919649,0,ICICI,@okaxis,BENEFICIARY_NOT_CREDITED
4679.23,10,4.858812704481619,0,SBI,@paytm,TECHNICAL_DECLINE
19066.88,14,121.64428050984927,0,AXIS,@gpay,BENEFICIARY_NOT_CREDITED
39213.11,18,29.700150507761418,0,KOTAK,@gpay,BENEFICIARY_NOT_CREDITED
3498.92,17,18.760381880957627,1,SBI,@paytm,DUPLICATE_TRANSACTION
8618.46,16,2.54905496119264,1,PNB,@ybl,DUPLICATE_TRANSACTION
36897.52,16,87.66214323711277,0,AXIS,@okaxis,BENEFICIARY_NOT_CREDITED
2055.42,14,127.2499794919589,0,BOB,@upi,BENEFICIARY_NOT_CREDITED
82573.77,12,2.2695887790966243,0,SBI,@upi,BENEFICIARY_NOT_CREDITED
687.89,21,10.726405576972084,0,BOB,@okaxis,TECHNICAL_DECLINE
46323.3,3,65.79938854759669,0,KOTAK,@ybl,WRONG_DEBIT
564.21,16,19.99258870566239,1,SBI,@okaxis,DUPLICATE_TRANSACTION
2764.42,8,2.0642441222481995,1,SBI,@gpay,DUPLICATE_TRANSACTION
6220.85,10,92.63479844450103,0,HDFC,@phonepe,TRANSACTION_TIMEOUT
20628.57,12,122.73172271978939,0,SBI,@okaxis,BENEFICIARY_NOT_CREDITED
8193.63,15,17.468200000383032,1,KOTAK,@paytm,DUPLICATE_TRANSACTION
8008.16,15,20.437423882005255,1,HDFC,@paytm,DUPLICATE_TRANSACTION
1402.2,4,8.365511017822518,0,PNB,@paytm,TECHNICAL_DECLINE
95063.49,10,6.877095719037419,0,SBI,@gpay,BENEFICIARY_NOT_CREDITED
7720.35,16,192.09222298588017,0,HDFC,@upi,TRANSACTION_TIMEOUT
2666.23,17,0.7217079345946091,0,PNB,@gpay,TECHNICAL_DECLINE
233.86,11,67.72593542725971,0,BOB,@okaxis,TRANSACTION_TIMEOUT
2833.24,11,4.826323285352245,0,ICICI,@phonepe,TECHNICAL_DECLINE
4064.58,13,4.992997264120204,0,SBI,@okaxis,TECHNICAL_DECLINE
2136.01,14,6.466978798109425,0,SBI,@phonepe,TECHNICAL_DECLINE
1468.37,19,8.109372587837282,1,SBI,@upi,DUPLICATE_TRANSACTION
54364.27,14,123.39226284064085,0,AXIS,@phonepe,BENEFICIARY_NOT_CREDITED
78866.97,18,49.10144795245261,0,KOTAK,@gpay,BENEFICIARY_NOT_CREDITED
95821.51,10,162.5949440289833,0,BOB,@upi,BENEFICIARY_NOT_CREDITED
19709.18,0,68.69104157202933,0,BOB,@paytm,TRANSACTION_TIMEOUT
2239.46,9,26.820259079485254,0,ICICI,@okaxis,WRONG_DEBIT
820.21,11,3.147069569107977,1,BOB,@paytm,DUPLICATE_TRANSACTION
86914.27,10,35.79343516327545,0,SBI,@phonepe,BENEFICIARY_NOT_CREDITED
772.41,6,144.2795131222664,0,AXIS,@okaxis,TRANSACTION_TIMEOUT
6851.75,12,7.278298309629492,1,BOB,@okaxis,DUPLICATE_TRANSACTION
3122.85,12,7.037202056046926,0,PNB,@ybl,TECHNICAL_DECLINE
5045.89,21,16.568655787193126,1,ICICI,@ybl,DUPLICATE_TRANSACTION
17987.49,14,157.34283906457975,0,SBI,@upi,TRANSACTION_TIMEOUT
3079.12,0,67.7199571704619,0,BOB,@okaxis,TRANSACTION_TIMEOUT
9200.49,12,5.019619515485133,1,HDFC,@okaxis,DUPLICATE_TRANSACTION
8073.31,10,16.98157910287941,1,BOB,@paytm,DUPLICATE_TRANSACTION
1985.19,9,3.0310900569285897,1,KOTAK,@gpay,DUPLICATE_TRANSACTION
31382.91,19,6.667494209460044,0,AXIS,@upi,WRONG_DEBIT
44285.56,16,17.621890827316754,0,SBI,@ybl,WRONG_DEBIT
2119.17,16,11.116466107071714,1,HDFC,@okaxis,DUPLICATE_TRANSACTION
7692.66,14,12.448351211458448,1,HDFC,@upi,DUPLICATE_TRANSACTION
3621.13,5,184.7774489314357,0,AXIS,@ybl,TRANSACTION_TIMEOUT
26403.9,14,94.86089747273674,0,SBI,@ybl,BENEFICIARY_NOT_CREDITED
3851.21,21,13.70925163188059,1,HDFC,@phonepe,DUPLICATE_TRANSACTION
6224.25,16,19.60003205100024,1,BOB,@upi,DUPLICATE_TRANSACTION
7710.01,21,132.17756429795563,0,PNB,@paytm,TRANSACTION_TIMEOUT
1156.62,5,157.17994137711486,0,HDFC,@upi,TRANSACTION_TIMEOUT
3593.42,14,152.49739212312113,0,ICICI,@ybl,TRANSACTION_TIMEOUT
9265.37,18,13.981306308499615,1,ICICI,@paytm,DUPLICATE_TRANSACTION
18588.03,11,97.30022786943016,0,KOTAK,@okaxis,BENEFICIARY_NOT_CREDITED
7435.85,22,4.108621887327784,1,HDFC,@upi,DUPLICATE_TRANSACTION
16008.12,21,177.78785402288187,0,HDFC,@upi,TRANSACTION_TIMEOUT
24009.07,17,25.026783604084972,0,ICICI,@phonepe,BENEFICIARY_NOT_CREDITED
70395.79,12,132.82173242017672,0,BOB,@okaxis,BENEFICIARY_NOT_CREDITED
3270.02,12,6.402678325988423,1,HDFC,@ybl,DUPLICATE_TRANSACTION
14768.59,15,81.26763529000712,0,BOB,@ybl,TRANSACTION_TIMEOUT
25089.96,9,96.36430079898415,0,SBI,@phonepe,BENEFICIARY_NOT_CREDITED
4072.74,15,7.334554080559988,0,PNB,@paytm,TECHNICAL_DECLINE
8943.39,17,19.796857031812166,1,BOB,@okaxis,DUPLICATE_TRANSACTION
153.49,18,74.49824597613168,0,HDFC,@gpay,TRANSACTION_TIMEOUT
16622.38,21,64.87722691077364,0,AXIS,@okaxis,WRONG_DEBIT
14403.42,6,122.5297796398672,0,BOB,@phonepe,TRANSACTION_TIMEOUT
5837.83,16,22.69930295616044,1,KOTAK,@gpay,DUPLICATE_TRANSACTION
1577.47,20,16.205295101299697,1,HDFC,@gpay,DUPLICATE_TRANSACTION
40014.6,9,92.51257240377036,0,ICICI,@paytm,BENEFICIARY_NOT_CREDITED
13339.05,17,35.20407089347957,0,BOB,@upi,WRONG_DEBIT
10420.62,16,179.27070127782252,0,AXIS,@phonepe,TRANSACTION_TIMEOUT
6963.86,19,16.918869473668686,1,SBI,@upi,DUPLICATE_TRANSACTION
1851.08,7,7.649125594048759,0,AXIS,@paytm,TECHNICAL_DECLINE
10179.56,8,70.41526900046657,0,ICICI,@ybl,WRONG_DEBIT
40752.17,18,23.09285783680245,0,AXIS,@paytm,WRONG_DEBIT
83600.82,11,160.33373063861268,0,BOB,@upi,BENEFICIARY_NOT_CREDITED
4502.84,2,0.27408696224792184,0,ICICI,@upi,TECHNICAL_DECLINE
920.65,23,11.301930480022387,0,PNB,@phonepe,TECHNICAL_DECLINE
4714.51,6,34.413749247470946,0,PNB,@upi,WRONG_DEBIT
1044.97,19,9.878990041881735,0,HDFC,@okaxis,TECHNICAL_DECLINE
19844.35,2,79.98339987091404,0,KOTAK,@ybl,TRANSACTION_TIMEOUT
30473.99,3,10.453251634858582,0,HDFC,@upi,WRONG_DEBIT
7344.38,9,4.973894862664558,1,HDFC,@upi,DUPLICATE_TRANSACTION
8261.22,21,69.22452747920546,0,HDFC,@okaxis,TRANSACTION_TIMEOUT
5885.1,12,28.994132872852667,0,ICICI,@gpay,WRONG_DEBIT
6135.74,23,2.2980498682510273,0,ICICI,@upi,WRONG_DEBIT
66340.91,17,127.91198226873108,0,ICICI,@gpay,BENEFICIARY_NOT_CREDITED
3759.19,6,0.4442762995015572,0,KOTAK,@gpay,TECHNICAL_DECLINE
7667.64,6,129.49456574051214,0,PNB,@gpay,TRANSACTION_TIMEOUT
13047.47,21,171.31140141057003,0,BOB,@okaxis,TRANSACTION_TIMEOUT
7566.63,9,12.681875878818513,0,HDFC,@phonepe,WRONG_DEBIT
39512.87,21,28.42442659307334,0,KOTAK,@gpay,WRONG_DEBIT
86054.46,18,112.0422218408343,0,ICICI,@gpay,BENEFICIARY_NOT_CREDITED
1504.89,4,0.20537878632468365,0,BOB,@okaxis,TECHNICAL_DECLINE
7036.19,13,23.86961012500697,1,SBI,@upi,DUPLICATE_TRANSACTION
16808.96,2,171.19062090516857,0,PNB,@upi,TRANSACTION_TIMEOUT
40287.57,6,51.528479933891,0,KOTAK,@okaxis,WRONG_DEBIT
13256.23,18,83.9251962566632,0,HDFC,@paytm,BENEFICIARY_NOT_CREDITED
9691.97,9,3.4050964013568032,1,ICICI,@ybl,DUPLICATE_TRANSACTION
55194.65,17,62.23733166374698,0,SBI,@gpay,BENEFICIARY_NOT_CREDITED
8478.79,12,22.59630383401197,1,PNB,@gpay,DUPLICATE_TRANSACTION
7128.21,15,66.973336487075,0,AXIS,@paytm,WRONG_DEBIT
61617.99,16,39.544734672510934,0,AXIS,@phonepe,BENEFICIARY_NOT_CREDITED
8400.96,19,4.429336368324225,0,PNB,@upi,WRONG_DEBIT
21617.97,18,1.61138824886502,0,ICICI,@gpay,WRONG_DEBIT
8614.11,16,15.602262487140733,1,HDFC,@phonepe,DUPLICATE_TRANSACTION
26475.65,11,139.23719578775805,0,PNB,@upi,BENEFICIARY_NOT_CREDITED
11169.66,22,62.38471106106652,0,HDFC,@gpay,WRONG_DEBIT
6322.26,19,26.149447868575127,0,AXIS,@ybl,WRONG_DEBIT
4579.61,20,5.417683425715515,0,AXIS,@phonepe,TECHNICAL_DECLINE
417.92,14,7.081474781966369,0,BOB,@phonepe,TECHNICAL_DECLINE
28861.84,11,158.94361567570485,0,SBI,@ybl,BENEFICIARY_NOT_CREDITED
6929.27,8,33.24570309565448,0,HDFC,@paytm,WRONG_DEBIT
27791.58,3,57.40265184953245,0,KOTAK,@paytm,WRONG_DEBIT
10440.25,23,57.06215433556763,0,KOTAK,@gpay,WRONG_DEBIT
22521.36,8,54.96798559957067,0,HDFC,@ybl,WRONG_DEBIT
4295.67,8,13.064943196736994,1,KOTAK,@paytm,DUPLICATE_TRANSACTION
45052.24,11,99.9888117245622,0,BOB,@upi,BENEFICIARY_NOT_CREDITED
48712.64,22,4.377775738900781,0,HDFC,@gpay,WRONG_DEBIT
308.01,14,1.2199973386379774,0,HDFC,@ybl,TECHNICAL_DECLINE
3388.18,8,19.51193169419095,1,SBI,@phonepe,DUPLICATE_TRANSACTION
4774.05,15,3.602838832094776,0,BOB,@ybl,TECHNICAL_DECLINE
1230.64,11,0.5949634940796384,1,KOTAK,@ybl,DUPLICATE_TRANSACTION
3554.44,21,12.674935819452903,1,SBI,@ybl,DUPLICATE_TRANSACTION
14097.81,19,86.57161947651556,0,HDFC,@gpay,TRANSACTION_TIMEOUT
28106.77,10,14.325465381016045,0,PNB,@gpay,WRONG_DEBIT
2072.64,14,11.063631020863752,0,BOB,@ybl,TECHNICAL_DECLINE
8792.5,4,59.997878772702265,0,KOTAK,@paytm,TRANSACTION_TIMEOUT
1278.68,4,8.393727051056887,0,AXIS,@paytm,TECHNICAL_DECLINE
2973.29,8,29.014872415854697,0,AXIS,@paytm,WRONG_DEBIT
96525.55,18,5.163874634363055,0,HDFC,@paytm,BENEFICIARY_NOT_CREDITED
22401.88,15,47.99063004292414,0,HDFC,@phonepe,WRONG_DEBIT
1080.43,20,18.91398181140908,0,ICICI,@okaxis,WRONG_DEBIT
432.93,22,6.755049415584256,0,PNB,@upi,TECHNICAL_DECLINE
57629.8,14,42.63151741405961,0,PNB,@paytm,BENEFICIARY_NOT_CREDITED
78553.54,9,43.6721221354846,0,KOTAK,@okaxis,BENEFICIARY_NOT_CREDITED
40410.81,9,46.55405250019899,0,KOTAK,@ybl,WRONG_DEBIT
15688.18,16,198.43407960913564,0,PNB,@gpay,TRANSACTION_TIMEOUT
10013.32,18,31.609248886489947,0,HDFC,@ybl,WRONG_DEBIT
12099.44,23,92.47763472432214,0,AXIS,@ybl,TRANSACTION_TIMEOUT
7507.15,15,20.63916221695645,0,HDFC,@ybl,WRONG_DEBIT
11463.26,7,83.46143000050859,0,ICICI,@phonepe,TRANSACTION_TIMEOUT
3742.01,23,152.71039589487174,0,KOTAK,@upi,TRANSACTION_TIMEOUT
3016.09,18,6.821550420996812,0,HDFC,@okaxis,TECHNICAL_DECLINE
16159.57,2,156.1460072176679,0,SBI,@gpay,TRANSACTION_TIMEOUT
16977.62,21,69.21412101386976,0,ICICI,@ybl,TRANSACTION_TIMEOUT
25827.01,17,60.78606346510372,0,HDFC,@paytm,WRONG_DEBIT
1192.96,5,148.43490473281156,0,PNB,@paytm,TRANSACTION_TIMEOUT
9960.27,17,158.60026414342965,0,BOB,@paytm,BENEFICIARY_NOT_CREDITED
3756.83,19,18.022216132022645,1,KOTAK,@okaxis,DUPLICATE_TRANSACTION
2571.84,18,5.382963171675723,0,ICICI,@paytm,TECHNICAL_DECLINE
48802.96,0,52.62888470450177,0,KOTAK,@okaxis,WRONG_DEBIT
4826.45,21,6.098609986651162,0,BOB,@paytm,TECHNICAL_DECLINE
4647.57,8,3.6493689300212813,0,ICICI,@gpay,TECHNICAL_DECLINE
22619.44,11,37.580133057731864,0,PNB,@gpay,WRONG_DEBIT
4915.99,16,4.485591391116484,0,HDFC,@okaxis,TECHNICAL_DECLINE
710.97,8,6.228016294257934,1,HDFC,@ybl,DUPLICATE_TRANSACTION
6471.94,21,62.241954609596846,0,BOB,@gpay,TRANSACTION_TIMEOUT
3864.47,9,7.18933610838897,1,AXIS,@paytm,DUPLICATE_TRANSACTION
46714.02,16,64.15127626044506,0,PNB,@okaxis,WRONG_DEBIT
79250.6,18,112.95886118501605,0,KOTAK,@okaxis,BENEFICIARY_NOT_CREDITED
4687.25,20,9.41050879572558,1,PNB,@ybl,DUPLICATE_TRANSACTION
13430.01,18,25.534169677736482,0,PNB,@paytm,WRONG_DEBIT
90519.79,10,132.94947179423855,0,AXIS,@paytm,BENEFICIARY_NOT_CREDITED
43001.39,16,151.23102685182255,0,PNB,@gpay,BENEFICIARY_NOT_CREDITED
4926.32,18,21.45030745419501,1,PNB,@okaxis,DUPLICATE_TRANSACTION
1198.24,23,4.52864209002637,0,HDFC,@ybl,TECHNICAL_DECLINE
4009.53,21,8.040341702804884,0,AXIS,@gpay,TECHNICAL_DECLINE
64179.86,18,155.6799250126826,0,PNB,@upi,BENEFICIARY_NOT_CREDITED
83591.12,15,65.08302295442924,0,ICICI,@upi,BENEFICIARY_NOT_CREDITED
93587.87,15,5.278713042755889,0,AXIS,@okaxis,BENEFICIARY_NOT_CREDITED
15593.09,16,2.93974636154267,0,KOTAK,@phonepe,BENEFICIARY_NOT_CREDITED
19358.17,5,70.64829268460025,0,SBI,@okaxis,WRONG_DEBIT
8272.65,14,6.605213560334381,1,KOTAK,@gpay,DUPLICATE_TRANSACTION
25176.39,18,69.13109410429581,0,BOB,@gpay,WRONG_DEBIT
53694.9,17,117.34686740340341,0,ICICI,@okaxis,BENEFICIARY_NOT_CREDITED
44028.68,4,70.92089541714097,0,AXIS,@ybl,WRONG_DEBIT
9906.89,20,12.65302320334452,1,KOTAK,@okaxis,DUPLICATE_TRANSACTION
21303.23,19,59.977484677475076,0,HDFC,@phonepe,WRONG_DEBIT
10801.14,3,42.22785163310394,0,BOB,@upi,WRONG_DEBIT
3641.7,20,23.691258716527827,1,PNB,@gpay,DUPLICATE_TRANSACTION
7175.87,9,5.583573677541694,1,AXIS,@upi,DUPLICATE_TRANSACTION
17899.41,10,76.36021582122086,0,ICICI,@paytm,TRANSACTION_TIMEOUT
32461.15,17,16.76405827627766,0,SBI,@upi,BENEFICIARY_NOT_CREDITED
45509.49,11,65.26289389165248,0,SBI,@phonepe,WRONG_DEBIT
2978.43,3,141.67450188695594,0,AXIS,@phonepe,TRANSACTION_TIMEOUT
43664.79,22,20.81895622386937,0,HDFC,@okaxis,WRONG_DEBIT
8101.09,2,119.44702436664726,0,PNB,@ybl,TRANSACTION_TIMEOUT
38642.75,4,50.414011676801834,0,KOTAK,@okaxis,WRONG_DEBIT
3789.74,20,0.5019708168540329,0,KOTAK,@upi,TECHNICAL_DECLINE
43328.31,14,59.999611554168254,0,ICICI,@paytm,WRONG_DEBIT
8422.14,13,70.08781221012961,0,BOB,@paytm,BENEFICIARY_NOT_CREDITED
8413.37,17,4.432991251787553,1,AXIS,@upi,DUPLICATE_TRANSACTION
18948.98,17,112.17213599162669,0,PNB,@okaxis,TRANSACTION_TIMEOUT
4043.36,7,8.386568961315376,0,KOTAK,@ybl,TECHNICAL_DECLINE
2792.81,9,11.163717494015978,0,AXIS,@okaxis,TECHNICAL_DECLINE
69024.57,10,55.66354565193946,0,KOTAK,@phonepe,BENEFICIARY_NOT_CREDITED
80456.14,9,19.477878754790925,0,KOTAK,@gpay,BENEFICIARY_NOT_CREDITED
3429.66,1,10.137821825216944,0,BOB,@ybl,TECHNICAL_DECLINE
25016.45,15,149.48868810404863,0,HDFC,@phonepe,BENEFICIARY_NOT_CREDITED
3612.14,2,30.418715545230775,0,PNB,@paytm,WRONG_DEBIT
8341.99,16,18.064951974980662,1,KOTAK,@ybl,DUPLICATE_TRANSACTION
4270.36,11,9.858950252985515,1,PNB,@upi,DUPLICATE_TRANSACTION
1090.08,17,6.237728177485557,1,SBI,@okaxis,DUPLICATE_TRANSACTION
19011.25,0,3.5389242901181435,0,KOTAK,@upi,WRONG_DEBIT
1575.55,4,3.5845605013089936,0,KOTAK,@phonepe,TECHNICAL_DECLINE
564.89,22,9.03205239748478,1,AXIS,@upi,DUPLICATE_TRANSACTION
78658.95,17,103.43620746306804,0,AXIS,@ybl,BENEFICIARY_NOT_CREDITED
1095.05,13,87.84388131348825,0,HDFC,@phonepe,TRANSACTION_TIMEOUT
42647.27,14,82.83489366841667,0,AXIS,@phonepe,BENEFICIARY_NOT_CREDITED
4473.07,18,5.407455395089103,0,SBI,@phonepe,TECHNICAL_DECLINE
2003.65,16,19.32635103618098,1,HDFC,@ybl,DUPLICATE_TRANSACTION
2500.91,20,8.8687119945446,1,BOB,@ybl,DUPLICATE_TRANSACTION
15687.25,20,76.01745442378933,0,AXIS,@phonepe,TRANSACTION_TIMEOUT
5892.14,15,106.64820971174797,0,KOTAK,@okaxis,BENEFICIARY_NOT_CREDITED
23275.76,9,2.52906839572157,0,PNB,@ybl,BENEFICIARY_NOT_CREDITED
8570.2,9,4.197789815453735,1,SBI,@gpay,DUPLICATE_TRANSACTION
8620.82,15,153.48034372784127,0,AXIS,@phonepe,TRANSACTION_TIMEOUT
2773.3,10,141.2175156640597,0,AXIS,@paytm,TRANSACTION_TIMEOUT
4045.35,8,51.05814992496045,0,HDFC,@paytm,WRONG_DEBIT
91116.53,17,137.15268033551473,0,SBI,@okaxis,BENEFICIARY_NOT_CREDITED
3233.15,1,0.07343144063588403,0,KOTAK,@paytm,TECHNICAL_DECLINE
23781.81,16,70.70245370654634,0,AXIS,@upi,WRONG_DEBIT
19833.58,4,77.77433905707343,0,HDFC,@gpay,TRANSACTION_TIMEOUT
3018.07,11,5.329060071473586,0,BOB,@paytm,TECHNICAL_DECLINE
44888.48,15,133.35222916261412,0,BOB,@gpay,BENEFICIARY_NOT_CREDITED
1615.18,23,64.85797425931175,0,ICICI,@paytm,TRANSACTION_TIMEOUT
5334.74,11,17.64997829670706,1,AXIS,@phonepe,DUPLICATE_TRANSACTION
4357.83,19,14.129812847881833,1,AXIS,@okaxis,DUPLICATE_TRANSACTION
23114.09,11,70.10660978382879,0,PNB,@gpay,WRONG_DEBIT
98348.41,17,30.196347368735157,0,ICICI,@paytm,BENEFICIARY_NOT_CREDITED
3504.11,7,6.041552274611492,0,SBI,@phonepe,TECHNICAL_DECLINE
5191.33,15,43.49560168399671,0,PNB,@phonepe,BENEFICIARY_NOT_CREDITED
65394.6,14,124.54117504747369,0,BOB,@gpay,BENEFICIARY_NOT_CREDITED
5659.04,6,11.099795723670294,0,PNB,@ybl,WRONG_DEBIT
77090.22,18,128.8134482725858,0,PNB,@ybl,BENEFICIARY_NOT_CREDITED
3693.86,2,5.409001389597805,0,BOB,@ybl,TECHNICAL_DECLINE
2504.67,12,15.48155766275805,1,PNB,@upi,DUPLICATE_TRANSACTION
4943.92,8,4.599075770546763,1,BOB,@okaxis,DUPLICATE_TRANSACTION
1959.58,5,9.835772938082453,0,AXIS,@phonepe,TECHNICAL_DECLINE
32787.23,1,57.68612060672962,0,HDFC,@okaxis,WRONG_DEBIT
19250.09,1,86.74934746325461,0,PNB,@upi,TRANSACTION_TIMEOUT
428.68,17,23.863918982653527,1,ICICI,@phonepe,DUPLICATE_TRANSACTION
2564.9,4,3.2011839709397214,0,ICICI,@phonepe,TECHNICAL_DECLINE
8822.86,8,0.8583340390631795,1,BOB,@upi,DUPLICATE_TRANSACTION
25783.64,22,62.82626119655676,0,AXIS,@ybl,WRONG_DEBIT
1504.37,2,10.110722013561546,0,SBI,@gpay,TECHNICAL_DECLINE
25783.21,14,44.69601128053087,0,AXIS,@paytm,BENEFICIARY_NOT_CREDITED
1130.3,17,10.548098209050156,0,PNB,@paytm,TECHNICAL_DECLINE
12095.07,6,116.45114102285856,0,BOB,@okaxis,TRANSACTION_TIMEOUT
876.92,21,46.865588355115996,0,BOB,@upi,WRONG_DEBIT
24471.89,18,21.59658499481494,0,KOTAK,@ybl,BENEFICIARY_NOT_CREDITED
2611.21,8,10.489601570862533,0,PNB,@ybl,TECHNICAL_DECLINE
2882.7,13,11.858063899248169,0,KOTAK,@okaxis,TECHNICAL_DECLINE
8859.51,20,16.57439796904035,1,HDFC,@phonepe,DUPLICATE_TRANSACTION
48383.47,11,140.86424353756004,0,HDFC,@phonepe,BENEFICIARY_NOT_CREDITED
13652.37,8,105.28000911584333,0,HDFC,@paytm,TRANSACTION_TIMEOUT
2748.19,12,8.525671206650129,0,ICICI,@phonepe,TECHNICAL_DECLINE
9055.13,21,13.361929473047997,1,ICICI,@okaxis,DUPLICATE_TRANSACTION
3338.41,7,84.2166091079861,0,BOB,@paytm,TRANSACTION_TIMEOUT
9760.28,18,15.82874349648457,1,AXIS,@paytm,DUPLICATE_TRANSACTION
18407.02,5,191.4426219314162,0,KOTAK,@gpay,TRANSACTION_TIMEOUT
5219.1,16,22.179690250642793,1,PNB,@okaxis,DUPLICATE_TRANSACTION
4628.2,5,1.74846814165651,0,HDFC,@paytm,TECHNICAL_DECLINE
9337.2,5,64.00538367146333,0,HDFC,@paytm,WRONG_DEBIT
1991.11,13,4.552829067225545,0,HDFC,@paytm,TECHNICAL_DECLINE
4222.25,19,8.057676392898173,0,KOTAK,@upi,TECHNICAL_DECLINE
14325.83,3,49.70302059692618,0,HDFC,@phonepe,TRANSACTION_TIMEOUT
3789.45,20,2.230571381228664,1,HDFC,@upi,DUPLICATE_TRANSACTION
8987.64,12,22.28534823405588,1,PNB,@gpay,DUPLICATE_TRANSACTION
29522.67,1,56.60415269990507,0,SBI,@ybl,WRONG_DEBIT
3243.42,6,3.778342036246957,0,AXIS,@okaxis,TECHNICAL_DECLINE
83289.72,10,6.82315789617251,0,ICICI,@upi,BENEFICIARY_NOT_CREDITED
22906.5,12,65.95194921740382,0,HDFC,@phonepe,WRONG_DEBIT
94374.11,18,64.32463065585735,0,BOB,@paytm,BENEFICIARY_NOT_CREDITED
2444.74,9,73.79724699471956,0,PNB,@ybl,BENEFICIARY_NOT_CREDITED
5446.58,2,49.98237074582306,0,PNB,@ybl,TRANSACTION_TIMEOUT
30259.54,10,119.39611426055042,0,PNB,@gpay,BENEFICIARY_NOT_CREDITED
657.77,16,91.45619197261689,0,HDFC,@ybl,BENEFICIARY_NOT_CREDITED
4107.93,18,3.2263747548245716,0,KOTAK,@ybl,TECHNICAL_DECLINE
26187.36,0,26.444466111484182,0,KOTAK,@gpay,WRONG_DEBIT
8451.84,6,92.71856644900205,0,ICICI,@ybl,TRANSACTION_TIMEOUT
3655.52,18,7.46196094798354,0,ICICI,@ybl,TECHNICAL_DECLINE
2349.66,0,6.335453799433694,0,KOTAK,@ybl,TECHNICAL_DECLINE
2821.56,20,6.789032589046354,0,AXIS,@okaxis,TECHNICAL_DECLINE
15653.63,2,103.34082320821658,0,SBI,@okaxis,TRANSACTION_TIMEOUT
3694.14,14,176.27172913987357,0,KOTAK,@ybl,TRANSACTION_TIMEOUT
565.14,19,83.98562743685125,0,HDFC,@paytm,TRANSACTION_TIMEOUT
4372.97,19,18.33601230172833,1,SBI,@ybl,DUPLICATE_TRANSACTION
2928.83,5,4.561685086610245,0,SBI,@paytm,TECHNICAL_DECLINE
4288.42,18,4.422525280820518,0,ICICI,@paytm,TECHNICAL_DECLINE
7288.02,16,95.78189667813736,0,HDFC,@ybl,TRANSACTION_TIMEOUT
9192.67,22,61.7122749536228,0,PNB,@gpay,TRANSACTION_TIMEOUT
6006.28,19,76.10148959738663,0,HDFC,@paytm,TRANSACTION_TIMEOUT
3397.57,20,6.617109788476236,0,SBI,@paytm,TECHNICAL_DECLINE
3592.57,12,11.279584598937998,0,AXIS,@phonepe,TECHNICAL_DECLINE
1710.92,17,22.63260313466691,1,SBI,@okaxis,DUPLICATE_TRANSACTION
464.8,1,9.733953121942246,0,SBI,@upi,TECHNICAL_DECLINE
27006.9,11,18.574377160462365,0,KOTAK,@phonepe,BENEFICIARY_NOT_CREDITED
37598.42,9,54.26639454561954,0,BOB,@okaxis,BENEFICIARY_NOT_CREDITED
128.57,17,3.396862529455756,1,BOB,@phonepe,DUPLICATE_TRANSACTION
16627.04,22,135.32743742127263,0,PNB,@paytm,TRANSACTION_TIMEOUT
31642.7,7,66.62453540188913,0,SBI,@ybl,WRONG_DEBIT
95088.59,16,29.67007059814365,0,BOB,@gpay,BENEFICIARY_NOT_CREDITED
84838.02,16,166.64387181895543,0,KOTAK,@gpay,BENEFICIARY_NOT_CREDITED
3094.03,23,10.625745784123014,0,SBI,@paytm,TECHNICAL_DECLINE
4539.07,16,46.94037488149874,0,BOB,@okaxis,WRONG_DEBIT
1693.09,12,17.209842226378434,1,ICICI,@paytm,DUPLICATE_TRANSACTION
9937.49,9,9.347665776299984,1,KOTAK,@phonepe,DUPLICATE_TRANSACTION
24125.37,1,56.61368520038667,0,KOTAK,@upi,WRONG_DEBIT
4664.19,18,26.769708202631534,0,HDFC,@okaxis,WRONG_DEBIT
8454.02,22,19.37429561183583,1,BOB,@upi,DUPLICATE_TRANSACTION
15817.67,13,5.822699590193252,0,HDFC,@upi,WRONG_DEBIT
23127.57,16,9.89109864142678,0,KOTAK,@gpay,BENEFICIARY_NOT_CREDITED
534.12,15,1.7011241572490903,1,AXIS,@okaxis,DUPLICATE_TRANSACTION
68208.3,9,160.81584432576426,0,SBI,@upi,BENEFICIARY_NOT_CREDITED
43875.1,18,56.53494625153096,0,KOTAK,@upi,WRONG_DEBIT
70063.12,12,136.39160394563208,0,ICICI,@okaxis,BENEFICIARY_NOT_CREDITED
2394.79,18,6.663995019175202,0,ICICI,@ybl,TECHNICAL_DECLINE
13584.75,13,47.597766516684224,0,AXIS,@paytm,BENEFICIARY_NOT_CREDITED
16743.01,2,193.81909727237814,0,BOB,@upi,TRANSACTION_TIMEOUT
4635.91,15,2.426215035150064,0,SBI,@okaxis,TECHNICAL_DECLINE
10739.55,23,55.68812231043036,0,HDFC,@phonepe,WRONG_DEBIT
5017.69,14,130.372093824798,0,PNB,@okaxis,BENEFICIARY_NOT_CREDITED
4513.4,5,58.44555234296138,0,SBI,@gpay,TRANSACTION_TIMEOUT
44066.11,17,128.57812775804544,0,BOB,@gpay,BENEFICIARY_NOT_CREDITED
87200.03,11,71.25303581729477,0,HDFC,@ybl,BENEFICIARY_NOT_CREDITED
97911.85,15,7.499271418678981,0,AXIS,@ybl,BENEFICIARY_NOT_CREDITED
5924.03,11,23.75343448837062,1,SBI,@phonepe,DUPLICATE_TRANSACTION
2566.56,17,3.6436767847245637,0,ICICI,@phonepe,TECHNICAL_DECLINE
3887.99,20,21.786090844384784,1,BOB,@phonepe,DUPLICATE_TRANSACTION
18308.59,17,55.20979203499068,0,SBI,@paytm,TRANSACTION_TIMEOUT
16344.46,8,155.11256438209404,0,AXIS,@phonepe,TRANSACTION_TIMEOUT
12435.51,11,60.169366951001834,0,AXIS,@gpay,TRANSACTION_TIMEOUT
5689.25,19,19.79164678032395,1,KOTAK,@paytm,DUPLICATE_TRANSACTION
4690.89,10,1.2856815793369853,0,AXIS,@upi,TECHNICAL_DECLINE
73196.68,18,17.98668829756749,0,ICICI,@paytm,BENEFICIARY_NOT_CREDITED
49839.39,14,56.081460986589995,0,AXIS,@paytm,WRONG_DEBIT
4932.77,0,1.7078905399323059,0,BOB,@phonepe,TECHNICAL_DECLINE
13671.35,1,152.38411780305188,0,ICICI,@gpay,TRANSACTION_TIMEOUT
20365.53,19,26.708330647611337,0,ICICI,@phonepe,WRONG_DEBIT
70013.94,10,114.99218437507838,0,HDFC,@paytm,BENEFICIARY_NOT_CREDITED
1904.18,22,7.529928228545231,1,BOB,@okaxis,DUPLICATE_TRANSACTION
87256.33,9,2.7661378336753453,0,BOB,@ybl,BENEFICIARY_NOT_CREDITED
4039.1,3,24.282763059818087,0,BOB,@upi,WRONG_DEBIT
9074.41,13,23.19869788848417,1,PNB,@upi,DUPLICATE_TRANSACTION
1372.19,20,10.68716129222231,0,SBI,@paytm,TECHNICAL_DECLINE
5722.14,15,63.18374535648312,0,AXIS,@upi,TRANSACTION_TIMEOUT
8460.8,15,14.279050925507164,1,HDFC,@phonepe,DUPLICATE_TRANSACTION
3402.95,20,0.33660399140017727,0,ICICI,@upi,TECHNICAL_DECLINE
2502.41,12,20.72488508323035,0,PNB,@okaxis,WRONG_DEBIT
9701.36,20,17.312825205124284,1,ICICI,@upi,DUPLICATE_TRANSACTION
680.74,8,4.1785176807096445,0,HDFC,@gpay,TECHNICAL_DECLINE
1007.58,19,154.20691343985646,0,BOB,@phonepe,TRANSACTION_TIMEOUT
3693.23,9,45.13399168973436,0,HDFC,@gpay,WRONG_DEBIT
88109.76,18,149.9484503947334,0,KOTAK,@phonepe,BENEFICIARY_NOT_CREDITED
76116.54,12,152.85352839845842,0,PNB,@okaxis,BENEFICIARY_NOT_CREDITED
15077.54,14,65.78303196877614,0,HDFC,@paytm,BENEFICIARY_NOT_CREDITED
19278.71,18,190.9666730150325,0,HDFC,@upi,TRANSACTION_TIMEOUT
19949.39,13,67.88913054621604,0,BOB,@okaxis,WRONG_DEBIT
3777.02,12,51.63327532727068,0,AXIS,@phonepe,WRONG_DEBIT
38936.87,7,71.72034617130981,0,KOTAK,@phonepe,WRONG_DEBIT
7194.9,11,15.893096600862517,1,KOTAK,@phonepe,DUPLICATE_TRANSACTION
58314.79,14,144.93529982551726,0,HDFC,@paytm,BENEFICIARY_NOT_CREDITED
9866.45,12,163.33194304187646,0,BOB,@gpay,TRANSACTION_TIMEOUT
33145.13,12,27.833578785445376,0,SBI,@paytm,BENEFICIARY_NOT_CREDITED
24712.19,12,22.543459433074883,0,ICICI,@ybl,WRONG_DEBIT
2930.1,15,12.893733904618827,1,ICICI,@okaxis,DUPLICATE_TRANSACTION
31424.04,21,68.18579662764904,0,PNB,@gpay,WRONG_DEBIT
7913.84,12,7.944719527246618,1,HDFC,@paytm,DUPLICATE_TRANSACTION
36887.72,1,41.13487299433376,0,PNB,@ybl,WRONG_DEBIT
17872.86,0,45.878884129449645,0,KOTAK,@okaxis,WRONG_DEBIT
10257.69,7,50.119562916628674,0,HDFC,@paytm,TRANSACTION_TIMEOUT
7912.38,7,168.7759027234042,0,KOTAK,@paytm,TRANSACTION_TIMEOUT
89690.28,14,160.93385802858415,0,AXIS,@phonepe,BENEFICIARY_NOT_CREDITED
2826.77,17,5.413771330411221,0,BOB,@okaxis,TECHNICAL_DECLINE
968.5,17,17.68671952371538,1,BOB,@ybl,DUPLICATE_TRANSACTION
17164.97,9,39.56784331942318,0,BOB,@gpay,BENEFICIARY_NOT_CREDITED
13453.63,5,169.19560498958566,0,PNB,@gpay,TRANSACTION_TIMEOUT
7463.88,16,76.35386833411549,0,SBI,@ybl,TRANSACTION_TIMEOUT
17809.57,22,138.56733580801273,0,HDFC,@ybl,TRANSACTION_TIMEOUT
4632.62,11,60.61346813791536,0,ICICI,@upi,WRONG_DEBIT
129.98,6,5.177388998903993,0,ICICI,@paytm,TECHNICAL_DECLINE
3655.23,5,0.8103019910369786,0,KOTAK,@paytm,TECHNICAL_DECLINE
2906.97,15,8.673472792292468,0,PNB,@phonepe,TECHNICAL_DECLINE
562.87,3,9.273630658870747,0,KOTAK,@ybl,TECHNICAL_DECLINE
5401.75,13,13.205713847387035,1,HDFC,@upi,DUPLICATE_TRANSACTION
4415.55,18,8.995495897270738,0,PNB,@ybl,TECHNICAL_DECLINE
7069.38,9,9.161273996117048,1,KOTAK,@paytm,DUPLICATE_TRANSACTION
37545.58,10,66.03608531516782,0,AXIS,@okaxis,WRONG_DEBIT
4304.59,2,6.56986677459682,0,AXIS,@okaxis,TECHNICAL_DECLINE
5134.35,17,11.510204833605531,1,ICICI,@okaxis,DUPLICATE_TRANSACTION
33504.03,13,145.6608511203618,0,PNB,@paytm,BENEFICIARY_NOT_CREDITED
776.7,23,9.047913057515506,0,ICICI,@paytm,TECHNICAL_DECLINE
8963.85,6,44.28301725691019,0,KOTAK,@gpay,WRONG_DEBIT
1439.18,10,1.4198300692967214,1,HDFC,@phonepe,DUPLICATE_TRANSACTION
48983.83,13,110.35722513726024,0,PNB,@gpay,BENEFICIARY_NOT_CREDITED
3764.09,2,5.057522175366111,0,SBI,@okaxis,TECHNICAL_DECLINE
3581.65,22,0.12249457893904303,0,ICICI,@upi,TECHNICAL_DECLINE
6466.28,20,14.965750504021631,0,HDFC,@phonepe,WRONG_DEBIT
2268.27,10,3.134028145719679,1,AXIS,@ybl,DUPLICATE_TRANSACTION
85123.41,11,117.14058416530756,0,HDFC,@gpay,BENEFICIARY_NOT_CREDITED
71926.31,9,151.0513616035379,0,BOB,@gpay,BENEFICIARY_NOT_CREDITED
558.33,10,10.636030558976664,0,AXIS,@phonepe,TECHNICAL_DECLINE
4021.12,21,197.62290016846003,0,HDFC,@phonepe,TRANSACTION_TIMEOUT
1230.96,14,5.483016681039231,0,SBI,@ybl,TECHNICAL_DECLINE
570.17,17,2.690939438225552,0,BOB,@paytm,TECHNICAL_DECLINE
32622.89,19,6.455436810338206,0,PNB,@upi,WRONG_DEBIT
23536.86,12,62.29361697870887,0,HDFC,@gpay,WRONG_DEBIT
3770.46,16,2.618037174880352,0,BOB,@paytm,TECHNICAL_DECLINE
25170.18,17,138.136719570132,0,HDFC,@okaxis,BENEFICIARY_NOT_CREDITED
7898.45,4,134.25834140432102,0,BOB,@gpay,TRANSACTION_TIMEOUT
21048.0,0,36.07827922719083,0,SBI,@ybl,WRONG_DEBIT
4435.51,13,10.097215262327712,0,AXIS,@ybl,TECHNICAL_DECLINE
19219.92,22,28.368088028952712,0,ICICI,@paytm,WRONG_DEBIT
2609.51,12,4.3446095611158455,0,HDFC,@phonepe,TECHNICAL_DECLINE
1506.0,8,3.606037138941325,0,HDFC,@ybl,TECHNICAL_DECLINE
7891.17,6,152.09838717086444,0,KOTAK,@gpay,TRANSACTION_TIMEOUT
5718.77,13,0.20486735742703477,1,PNB,@okaxis,DUPLICATE_TRANSACTION
3428.77,6,67.68031722805964,0,ICICI,@ybl,TRANSACTION_TIMEOUT
4395.01,21,2.8193074622976138,1,SBI,@gpay,DUPLICATE_TRANSACTION
22035.99,15,112.13258752937156,0,BOB,@upi,BENEFICIARY_NOT_CREDITED
94113.42,17,117.13619874815461,0,SBI,@upi,BENEFICIARY_NOT_CREDITED
1103.98,16,20.403608592731615,1,PNB,@paytm,DUPLICATE_TRANSACTION
3701.27,19,11.404452117137016,0,KOTAK,@paytm,TECHNICAL_DECLINE
4658.5,4,7.673640421638078,0,PNB,@phonepe,TECHNICAL_DECLINE
32934.95,18,49.15427633657433,0,SBI,@gpay,WRONG_DEBIT
5641.09,20,5.746126572017948,1,ICICI,@upi,DUPLICATE_TRANSACTION
94749.85,11,149.4568922077176,0,PNB,@paytm,BENEFICIARY_NOT_CREDITED
53397.06,12,42.00227011400402,0,ICICI,@paytm,BENEFICIARY_NOT_CREDITED
867.73,19,20.02689195260602,1,BOB,@upi,DUPLICATE_TRANSACTION
2547.59,0,4.486344603908465,0,PNB,@phonepe,TECHNICAL_DECLINE
86424.93,15,153.9949798002946,0,KOTAK,@upi,BENEFICIARY_NOT_CREDITED
50188.26,16,68.02989750355502,0,PNB,@upi,BENEFICIARY_NOT_CREDITED
72313.7,14,159.14723663251482,0,SBI,@gpay,BENEFICIARY_NOT_CREDITED
7477.3,15,198.65148718879703,0,SBI,@ybl,TRANSACTION_TIMEOUT
18630.75,19,166.09195354896815,0,AXIS,@paytm,TRANSACTION_TIMEOUT
4251.57,8,67.22392019644346,0,ICICI,@phonepe,TRANSACTION_TIMEOUT
37308.94,17,117.52280691772108,0,HDFC,@okaxis,BENEFICIARY_NOT_CREDITED
92566.66,18,154.14986024024074,0,SBI,@okaxis,BENEFICIARY_NOT_CREDITED
40756.82,5,54.750083183759955,0,KOTAK,@gpay,WRONG_DEBIT
78759.47,14,97.14466891195553,0,AXIS,@phonepe,BENEFICIARY_NOT_CREDITED
3716.3,7,50.059028363871946,0,BOB,@phonepe,TRANSACTION_TIMEOUT
2472.01,20,17.217707202762597,1,HDFC,@phonepe,DUPLICATE_TRANSACTION
3909.58,22,19.527305475339034,1,HDFC,@upi,DUPLICATE_TRANSACTION
65241.18,18,33.63402620244521,0,BOB,@gpay,BENEFICIARY_NOT_CREDITED
16349.9,9,166.0662356625773,0,SBI,@gpay,TRANSACTION_TIMEOUT
22694.98,13,15.840771670345621,0,BOB,@ybl,WRONG_DEBIT
1132.07,22,16.33607087796931,1,HDFC,@paytm,DUPLICATE_TRANSACTION
3263.52,23,1.4637830700590375,0,KOTAK,@phonepe,TECHNICAL_DECLINE
1506.68,9,1.905619806354104,1,PNB,@okaxis,DUPLICATE_TRANSACTION
1938.32,17,90.68940091421467,0,ICICI,@gpay,TRANSACTION_TIMEOUT
81656.73,13,124.43377133962224,0,ICICI,@ybl,BENEFICIARY_NOT_CREDITED
4007.8,8,3.204711453092831,0,PNB,@upi,TECHNICAL_DECLINE
1067.33,15,77.48732436975837,0,ICICI,@upi,TRANSACTION_TIMEOUT
34605.9,13,57.35754973131025,0,PNB,@gpay,WRONG_DEBIT
9058.88,15,10.871192359696067,1,KOTAK,@ybl,DUPLICATE_TRANSACTION
13671.17,13,76.62164191631106,0,AXIS,@paytm,TRANSACTION_TIMEOUT
14005.0,1,46.490795817776586,0,HDFC,@upi,WRONG_DEBIT
81621.46,16,156.71564752370605,0,HDFC,@paytm,BENEFICIARY_NOT_CREDITED
32885.62,17,110.93364465491435,0,HDFC,@paytm,BENEFICIARY_NOT_CREDITED
46046.67,15,61.65611011634862,0,ICICI,@upi,WRONG_DEBIT
750.55,10,7.674926602205281,1,PNB,@gpay,DUPLICATE_TRANSACTION
21328.59,19,21.680922153018855,0,KOTAK,@upi,WRONG_DEBIT
38485.05,6,54.94059566151881,0,KOTAK,@upi,WRONG_DEBIT
24769.42,5,65.40718444083576,0,ICICI,@paytm,WRONG_DEBIT
3843.03,13,8.425546236488932,1,ICICI,@okaxis,DUPLICATE_TRANSACTION
3602.6,23,52.071925605400075,0,PNB,@gpay,TRANSACTION_TIMEOUT
3658.65,15,9.409116379570774,0,SBI,@gpay,TECHNICAL_DECLINE
96652.84,14,139.15024782846098,0,BOB,@upi,BENEFICIARY_NOT_CREDITED
9104.49,10,4.055422988672784,1,PNB,@upi,DUPLICATE_TRANSACTION
4614.1,19,76.89582490794704,0,KOTAK,@okaxis,TRANSACTION_TIMEOUT
954.1,9,4.363086895900734,0,AXIS,@upi,TECHNICAL_DECLINE
7840.4,11,3.100863795275182,1,AXIS,@ybl,DUPLICATE_TRANSACTION
25413.07,1,33.80705509030009,0,HDFC,@paytm,WRONG_DEBIT
4883.0,1,6.137407796451827,0,AXIS,@okaxis,TECHNICAL_DECLINE
15779.45,3,164.20266870305903,0,BOB,@gpay,TRANSACTION_TIMEOUT
3873.22,9,0.3398272081718794,1,HDFC,@gpay,DUPLICATE_TRANSACTION
2085.56,20,176.48890966718517,0,BOB,@okaxis,TRANSACTION_TIMEOUT
8940.19,16,16.26650182489526,1,PNB,@gpay,DUPLICATE_TRANSACTION
48186.51,15,47.967886158454554,0,BOB,@upi,WRONG_DEBIT
18468.55,8,129.18811990803817,0,SBI,@ybl,TRANSACTION_TIMEOUT
4086.05,14,162.5702511662517,0,ICICI,@gpay,TRANSACTION_TIMEOUT
9798.81,11,23.571655098948177,1,ICICI,@gpay,DUPLICATE_TRANSACTION
9204.46,16,0.40529584313757905,1,HDFC,@okaxis,DUPLICATE_TRANSACTION
25748.75,11,58.799721401598944,0,PNB,@upi,BENEFICIARY_NOT_CREDITED
855.99,21,11.88974893259955,0,PNB,@gpay,TECHNICAL_DECLINE
7369.1,13,9.72065700122593,1,AXIS,@gpay,DUPLICATE_TRANSACTION
4965.22,10,2.5327624414793206,0,PNB,@paytm,TECHNICAL_DECLINE
4920.64,20,168.13408039326288,0,AXIS,@gpay,TRANSACTION_TIMEOUT
42768.67,3,38.27323010556678,0,SBI,@ybl,WRONG_DEBIT
5588.02,7,48.959562374697306,0,PNB,@phonepe,TRANSACTION_TIMEOUT
8582.04,12,18.532085023288367,1,PNB,@okaxis,DUPLICATE_TRANSACTION
15275.47,10,37.69850761731203,0,AXIS,@gpay,BENEFICIARY_NOT_CREDITED
13255.86,16,167.25085231361697,0,PNB,@ybl,TRANSACTION_TIMEOUT
5752.01,19,11.364638088378483,1,SBI,@ybl,DUPLICATE_TRANSACTION
15760.17,8,56.93429936678976,0,HDFC,@phonepe,WRONG_DEBIT
25516.99,10,134.4801215015705,0,PNB,@upi,BENEFICIARY_NOT_CREDITED
18477.54,13,70.36948659917229,0,SBI,@paytm,WRONG_DEBIT
28354.7,21,24.63990568933098,0,AXIS,@phonepe,WRONG_DEBIT
28521.81,21,6.575326811438068,0,PNB,@ybl,WRONG_DEBIT
4925.35,18,3.852486620920236,0,KOTAK,@ybl,TECHNICAL_DECLINE
80582.93,9,80.68578309694301,0,HDFC,@gpay,BENEFICIARY_NOT_CREDITED
12755.68,13,70.30039688495764,0,PNB,@paytm,WRONG_DEBIT
31175.19,20,35.721389345219485,0,ICICI,@upi,WRONG_DEBIT
7568.59,2,67.73765509224344,0,KOTAK,@gpay,WRONG_DEBIT
18128.15,19,109.3371179576153,0,KOTAK,@okaxis,TRANSACTION_TIMEOUT
8179.07,18,193.14344221002918,0,AXIS,@gpay,TRANSACTION_TIMEOUT
8332.19,15,64.31013812749711,0,ICICI,@paytm,WRONG_DEBIT
4926.94,5,1.5822193119987045,0,PNB,@ybl,TECHNICAL_DECLINE
23073.07,10,50.07260687297466,0,KOTAK,@okaxis,WRONG_DEBIT
2428.26,17,5.044279159821588,0,ICICI,@upi,TECHNICAL_DECLINE
9412.98,18,13.719979566355207,1,PNB,@upi,DUPLICATE_TRANSACTION
20700.02,18,16.31315092894583,0,BOB,@ybl,BENEFICIARY_NOT_CREDITED
31222.29,9,160.28675820370412,0,PNB,@upi,BENEFICIARY_NOT_CREDITED
3220.98,5,2.798098336877454,0,ICICI,@paytm,TECHNICAL_DECLINE
1298.41,9,8.447348328023834,1,HDFC,@phonepe,DUPLICATE_TRANSACTION
16170.33,8,198.96447231608494,0,KOTAK,@upi,TRANSACTION_TIMEOUT
16010.86,9,120.95056701486502,0,PNB,@paytm,TRANSACTION_TIMEOUT
7099.99,17,33.42723927264148,0,SBI,@phonepe,WRONG_DEBIT
3360.37,13,5.9569416404587345,0,SBI,@okaxis,TECHNICAL_DECLINE
11902.41,9,182.49165456765485,0,HDFC,@ybl,TRANSACTION_TIMEOUT
3918.0,13,10.239129905216611,1,HDFC,@phonepe,DUPLICATE_TRANSACTION
3786.11,15,41.7920746129122,0,SBI,@upi,BENEFICIARY_NOT_CREDITED
4755.57,8,14.132719470104238,1,AXIS,@phonepe,DUPLICATE_TRANSACTION
2190.46,5,11.554632645643032,0,AXIS,@paytm,TECHNICAL_DECLINE
44148.32,18,46.80531783240083,0,ICICI,@okaxis,WRONG_DEBIT
4532.53,6,55.530895900708934,0,SBI,@okaxis,TRANSACTION_TIMEOUT
14408.42,5,103.93704012903731,0,HDFC,@gpay,TRANSACTION_TIMEOUT
889.4,13,8.0930537765953,0,AXIS,@phonepe,TECHNICAL_DECLINE
9875.74,21,7.536325624122891,1,SBI,@okaxis,DUPLICATE_TRANSACTION
4264.7,18,9.161408037131952,0,KOTAK,@ybl,TECHNICAL_DECLINE
92299.02,15,110.795670670139,0,ICICI,@phonepe,BENEFICIARY_NOT_CREDITED
75495.07,13,125.46994950603626,0,SBI,@upi,BENEFICIARY_NOT_CREDITED
78663.68,13,103.20178099169692,0,AXIS,@okaxis,BENEFICIARY_NOT_CREDITED
2986.53,19,2.909496709744637,0,PNB,@phonepe,TECHNICAL_DECLINE
58042.77,13,38.811297148552725,0,SBI,@ybl,BENEFICIARY_NOT_CREDITED
2209.03,17,29.613337832684753,0,ICICI,@paytm,BENEFICIARY_NOT_CREDITED
1708.12,13,1.5396444444750612,0,PNB,@ybl,TECHNICAL_DECLINE
9884.44,18,19.621738052340497,1,PNB,@okaxis,DUPLICATE_TRANSACTION
4304.85,8,1.1971075459579126,0,ICICI,@paytm,TECHNICAL_DECLINE
49885.55,18,32.07910026084178,0,HDFC,@upi,WRONG_DEBIT
1239.92,15,18.28040922463269,1,AXIS,@phonepe,DUPLICATE_TRANSACTION
89974.16,17,59.07385841148821,0,SBI,@upi,BENEFICIARY_NOT_CREDITED
7473.83,15,169.65364278116806,0,ICICI,@gpay,TRANSACTION_TIMEOUT
12297.25,1,21.727529317333634,0,KOTAK,@ybl,WRONG_DEBIT
38459.39,10,25.779743990527546,0,KOTAK,@gpay,BENEFICIARY_NOT_CREDITED
367.58,0,1.6972217467938826,0,PNB,@phonepe,TECHNICAL_DECLINE
6904.38,3,14.69089154032169,0,BOB,@ybl,WRONG_DEBIT
85917.93,14,89.30375719119203,0,KOTAK,@ybl,BENEFICIARY_NOT_CREDITED
3374.6,13,15.072106661356832,1,BOB,@ybl,DUPLICATE_TRANSACTION
27813.32,13,69.90136928889035,0,HDFC,@okaxis,WRONG_DEBIT
1170.16,2,3.133097532911563,0,SBI,@okaxis,TECHNICAL_DECLINE
19320.68,14,67.2236451340989,0,ICICI,@paytm,BENEFICIARY_NOT_CREDITED
11218.83,17,39.65256484382626,0,HDFC,@gpay,WRONG_DEBIT
89079.76,12,139.4118663224211,0,ICICI,@upi,BENEFICIARY_NOT_CREDITED
431.51,11,4.67766725600255,1,AXIS,@phonepe,DUPLICATE_TRANSACTION
2724.72,11,15.744558711251276,1,HDFC,@phonepe,DUPLICATE_TRANSACTION
6666.53,19,13.906693592492081,1,KOTAK,@upi,DUPLICATE_TRANSACTION
15650.48,17,174.34165653779434,0,HDFC,@okaxis,TRANSACTION_TIMEOUT
71220.18,11,96.03650459408281,0,SBI,@ybl,BENEFICIARY_NOT_CREDITED
4800.39,4,10.63345168275097,0,PNB,@paytm,TECHNICAL_DECLINE
8819.27,9,57.79051660600351,0,SBI,@gpay,TRANSACTION_TIMEOUT
15174.69,10,4.208065235405667,0,ICICI,@okaxis,WRONG_DEBIT
94751.29,11,28.051834859819287,0,KOTAK,@okaxis,BENEFICIARY_NOT_CREDITED
42501.37,14,31.2560627228923,0,BOB,@phonepe,BENEFICIARY_NOT_CREDITED
2069.81,10,12.487535117986727,1,ICICI,@okaxis,DUPLICATE_TRANSACTION
192.26,8,3.2266091698746173,1,AXIS,@okaxis,DUPLICATE_TRANSACTION
10854.76,0,16.539971184593384,0,ICICI,@gpay,WRONG_DEBIT
41125.0,16,12.309375864182101,0,PNB,@paytm,BENEFICIARY_NOT_CREDITED
15687.93,11,189.78783115744093,0,HDFC,@ybl,TRANSACTION_TIMEOUT
2925.69,15,140.67022207911384,0,SBI,@phonepe,TRANSACTION_TIMEOUT
8996.59,8,4.165458669303776,1,PNB,@phonepe,DUPLICATE_TRANSACTION
654.9,22,4.152997418088051,1,ICICI,@upi,DUPLICATE_TRANSACTION
2825.03,8,9.792776807037257,0,ICICI,@gpay,TECHNICAL_DECLINE
10917.56,22,66.08878574114156,0,BOB,@gpay,WRONG_DEBIT
6440.08,9,33.00859186726286,0,BOB,@okaxis,WRONG_DEBIT
4634.26,22,11.739187158257154,0,ICICI,@upi,WRONG_DEBIT
2997.47,22,8.959197174040618,1,AXIS,@upi,DUPLICATE_TRANSACTION
18334.21,8,148.40418510310997,0,KOTAK,@ybl,TRANSACTION_TIMEOUT
41601.68,15,46.237904174599684,0,PNB,@ybl,WRONG_DEBIT
82571.61,15,18.68043154421347,0,BOB,@okaxis,BENEFICIARY_NOT_CREDITED
9264.03,8,9.271616284804477,1,PNB,@okaxis,DUPLICATE_TRANSACTION
5414.55,22,10.576949921981004,1,BOB,@upi,DUPLICATE_TRANSACTION
12615.55,10,124.87996587586325,0,HDFC,@gpay,TRANSACTION_TIMEOUT
3234.91,8,19.263946823320165,1,KOTAK,@upi,DUPLICATE_TRANSACTION
38835.1,17,48.05181930218732,0,SBI,@okaxis,BENEFICIARY_NOT_CREDITED
9476.83,15,5.978490583992192,1,ICICI,@ybl,DUPLICATE_TRANSACTION
3870.16,2,9.53314994451167,0,HDFC,@gpay,TECHNICAL_DECLINE
4389.04,1,8.584258423938905,0,AXIS,@okaxis,WRONG_DEBIT
11861.74,11,70.7414553281808,0,KOTAK,@ybl,WRONG_DEBIT
344.98,2,5.452975260173477,0,HDFC,@ybl,TECHNICAL_DECLINE
69511.8,12,100.91012697834854,0,SBI,@paytm,BENEFICIARY_NOT_CREDITED
4860.96,19,3.021829846004688,0,SBI,@gpay,TECHNICAL_DECLINE
1659.86,3,5.927900979103773,0,ICICI,@gpay,TECHNICAL_DECLINE
9062.63,14,17.962519035552827,1,ICICI,@gpay,DUPLICATE_TRANSACTION
2326.58,5,0.25756818300931617,0,BOB,@phonepe,TECHNICAL_DECLINE
1528.99,14,4.22754163328722,1,PNB,@phonepe,DUPLICATE_TRANSACTION
59314.71,15,142.94956222180306,0,ICICI,@gpay,BENEFICIARY_NOT_CREDITED
34648.57,6,14.56968049916373,0,SBI,@phonepe,WRONG_DEBIT
44560.45,9,51.89045404544442,0,BOB,@okaxis,BENEFICIARY_NOT_CREDITED
10220.63,18,188.21219177730552,0,HDFC,@phonepe,TRANSACTION_TIMEOUT
514.11,5,49.56930806299725,0,SBI,@okaxis,TRANSACTION_TIMEOUT
15342.51,21,101.10285206771238,0,KOTAK,@phonepe,TRANSACTION_TIMEOUT
7901.43,15,11.92404471469736,1,KOTAK,@upi,DUPLICATE_TRANSACTION
4032.88,18,15.790383018708777,1,ICICI,@okaxis,DUPLICATE_TRANSACTION
41704.43,13,31.892750118244724,0,AXIS,@ybl,BENEFICIARY_NOT_CREDITED
79581.65,11,153.31210430638257,0,KOTAK,@gpay,BENEFICIARY_NOT_CREDITED
20976.21,12,25.14885710982278,0,HDFC,@gpay,WRONG_DEBIT
755.72,20,4.42662527317148,0,PNB,@gpay,TECHNICAL_DECLINE
5966.04,9,1.712060866817291,1,BOB,@ybl,DUPLICATE_TRANSACTION
516.21,17,7.625906702721947,1,BOB,@upi,DUPLICATE_TRANSACTION
2070.89,13,2.9323650118654085,0,PNB,@upi,TECHNICAL_DECLINE
6492.95,10,19.840035371021564,1,PNB,@phonepe,DUPLICATE_TRANSACTION
523.18,14,1.8239468935533454,1,PNB,@phonepe,DUPLICATE_TRANSACTION
2620.42,20,8.025878240277603,0,SBI,@paytm,TECHNICAL_DECLINE
2127.15,9,5.352847097164621,1,KOTAK,@paytm,DUPLICATE_TRANSACTION
13703.31,17,61.32007125967282,0,ICICI,@upi,WRONG_DEBIT
735.9,18,2.0089910346472637,1,BOB,@gpay,DUPLICATE_TRANSACTION
47492.87,5,56.3119896463409,0,SBI,@upi,WRONG_DEBIT
51380.5,10,119.77520928685175,0,KOTAK,@gpay,BENEFICIARY_NOT_CREDITED
10914.45,17,123.92453776819973,0,AXIS,@phonepe,TRANSACTION_TIMEOUT
5288.66,18,7.900939928146879,0,SBI,@phonepe,WRONG_DEBIT
2732.45,12,3.7116466452618067,0,SBI,@gpay,TECHNICAL_DECLINE
2224.75,12,12.791618176111891,0,KOTAK,@ybl,WRONG_DEBIT
12801.79,15,85.17189722098456,0,SBI,@okaxis,TRANSACTION_TIMEOUT
77705.87,15,107.51358231222885,0,SBI,@ybl,BENEFICIARY_NOT_CREDITED
77619.54,10,100.49748775886383,0,PNB,@gpay,BENEFICIARY_NOT_CREDITED
3032.32,10,2.6830334562984106,1,ICICI,@upi,DUPLICATE_TRANSACTION
16192.4,5,59.415764908364466,0,ICICI,@paytm,TRANSACTION_TIMEOUT
69172.61,9,48.481791796065046,0,KOTAK,@phonepe,BENEFICIARY_NOT_CREDITED
1163.1,3,3.3768540977900248,0,AXIS,@okaxis,TECHNICAL_DECLINE
3885.18,22,10.390093187563119,0,HDFC,@ybl,TECHNICAL_DECLINE
2287.92,13,7.057530159599516,0,KOTAK,@okaxis,TECHNICAL_DECLINE
57749.05,17,17.121357789872906,0,ICICI,@okaxis,BENEFICIARY_NOT_CREDITED
1197.85,16,0.47765744751925165,1,ICICI,@ybl,DUPLICATE_TRANSACTION
8255.44,23,152.60471183999744,0,ICICI,@upi,TRANSACTION_TIMEOUT
3213.16,11,67.40972606959201,0,PNB,@gpay,WRONG_DEBIT
1749.64,17,4.752356009651904,0,BOB,@paytm,TECHNICAL_DECLINE
16156.1,1,23.51789714613664,0,ICICI,@phonepe,WRONG_DEBIT
8874.33,22,5.638639488786453,1,PNB,@paytm,DUPLICATE_TRANSACTION
55538.5,11,155.4591072558931,0,BOB,@okaxis,BENEFICIARY_NOT_CREDITED
6633.85,17,18.41535287108386,1,HDFC,@paytm,DUPLICATE_TRANSACTION
8022.34,22,113.69372291065858,0,BOB,@ybl,TRANSACTION_TIMEOUT
18677.89,7,74.95118171172692,0,KOTAK,@gpay,TRANSACTION_TIMEOUT
3086.13,12,8.078099351191858,0,ICICI,@gpay,TECHNICAL_DECLINE
8209.43,23,60.66187152907285,0,SBI,@upi,TRANSACTION_TIMEOUT
44175.31,17,65.739668804522,0,BOB,@ybl,WRONG_DEBIT
4036.73,9,5.947971838841457,1,KOTAK,@phonepe,DUPLICATE_TRANSACTION
140.94,2,13.670777940480278,0,PNB,@okaxis,WRONG_DEBIT
2091.14,11,17.20551012911328,1,ICICI,@paytm,DUPLICATE_TRANSACTION
4260.83,23,11.64979748938731,0,SBI,@gpay,TECHNICAL_DECLINE
14769.75,23,178.13302565829235,0,KOTAK,@ybl,TRANSACTION_TIMEOUT
70970.58,9,68.81212367188547,0,AXIS,@ybl,BENEFICIARY_NOT_CREDITED
1989.94,1,112.21877428024025,0,PNB,@upi,TRANSACTION_TIMEOUT
82639.42,11,2.0477488041838794,0,KOTAK,@okaxis,BENEFICIARY_NOT_CREDITED
42829.4,8,17.810084458167598,0,HDFC,@okaxis,WRONG_DEBIT
4724.18,15,22.956539763763825,1,HDFC,@ybl,DUPLICATE_TRANSACTION
3504.49,11,11.639243834622576,0,AXIS,@okaxis,TECHNICAL_DECLINE
3251.93,17,8.313349243900946,0,SBI,@upi,TECHNICAL_DECLINE
3646.08,21,50.52871828215356,0,PNB,@upi,TRANSACTION_TIMEOUT
7044.8,14,8.84734684752187,1,BOB,@ybl,DUPLICATE_TRANSACTION
1983.91,5,7.339626688052202,0,SBI,@okaxis,TECHNICAL_DECLINE
7004.45,14,14.698081241394938,0,KOTAK,@okaxis,WRONG_DEBIT
2870.97,5,4.121143102003659,0,ICICI,@okaxis,TECHNICAL_DECLINE
67280.67,9,128.58737819049048,0,PNB,@phonepe,BENEFICIARY_NOT_CREDITED
5835.38,17,0.5393955311271794,1,SBI,@upi,DUPLICATE_TRANSACTION
2940.12,19,110.62487143504475,0,KOTAK,@phonepe,TRANSACTION_TIMEOUT
38247.05,18,44.54898408455941,0,AXIS,@paytm,WRONG_DEBIT
118.85,19,5.487411913900988,0,PNB,@upi,TECHNICAL_DECLINE
5172.71,11,152.20875756373,0,BOB,@okaxis,TRANSACTION_TIMEOUT
40860.0,10,160.2525899336699,0,ICICI,@okaxis,BENEFICIARY_NOT_CREDITED
4250.2,3,4.931441855017244,0,ICICI,@phonepe,TECHNICAL_DECLINE
10427.85,20,100.1911278318703,0,AXIS,@upi,TRANSACTION_TIMEOUT
2728.53,17,1.281814098111525,0,AXIS,@phonepe,TECHNICAL_DECLINE
2715.15,8,3.4801891132626315,0,HDFC,@okaxis,TECHNICAL_DECLINE
6662.53,16,19.348884951084578,1,HDFC,@phonepe,DUPLICATE_TRANSACTION
1270.85,22,23.678044086348837,1,ICICI,@ybl,DUPLICATE_TRANSACTION
9615.68,8,9.520982873478191,1,SBI,@okaxis,DUPLICATE_TRANSACTION
4518.49,0,10.078407395872253,0,ICICI,@phonepe,TECHNICAL_DECLINE
4184.46,11,6.24100149611008,0,BOB,@gpay,TECHNICAL_DECLINE
27858.47,17,41.2656765580118,0,ICICI,@upi,WRONG_DEBIT
16561.01,9,48.006524999930356,0,KOTAK,@okaxis,WRONG_DEBIT
6226.66,19,11.369443642242816,1,BOB,@upi,DUPLICATE_TRANSACTION
27711.28,13,70.86585574087162,0,ICICI,@paytm,WRONG_DEBIT
9262.0,15,18.919266945819494,1,HDFC,@paytm,DUPLICATE_TRANSACTION
10721.42,21,24.83376631032435,0,AXIS,@upi,WRONG_DEBIT
2126.27,19,102.09542657470325,0,ICICI,@paytm,TRANSACTION_TIMEOUT
39046.56,10,94.17901111093828,0,BOB,@okaxis,BENEFICIARY_NOT_CREDITED
8272.13,16,15.95919475162102,1,SBI,@ybl,DUPLICATE_TRANSACTION
11432.7,16,163.69784278376073,0,PNB,@paytm,TRANSACTION_TIMEOUT
26587.89,5,29.840068215351213,0,PNB,@paytm,WRONG_DEBIT
5738.63,6,30.796329101994697,0,PNB,@paytm,WRONG_DEBIT
11623.22,9,21.81715891046794,0,SBI,@gpay,WRONG_DEBIT
3017.0,1,4.720735921020624,0,SBI,@upi,TECHNICAL_DECLINE
95491.87,17,151.6986115959583,0,AXIS,@phonepe,BENEFICIARY_NOT_CREDITED
3078.75,8,9.06791534574569,1,BOB,@gpay,DUPLICATE_TRANSACTION
16248.0,11,44.0122918710833,0,AXIS,@ybl,WRONG_DEBIT
3222.72,14,18.43484172432311,1,ICICI,@gpay,DUPLICATE_TRANSACTION
30488.52,10,16.985652502721166,0,PNB,@upi,WRONG_DEBIT
44237.89,9,44.18950601158259,0,SBI,@ybl,BENEFICIARY_NOT_CREDITED
6141.12,9,152.0796133234429,0,SBI,@phonepe,TRANSACTION_TIMEOUT
1191.9,13,3.915091053014021,0,HDFC,@gpay,TECHNICAL_DECLINE
1203.6,0,5.869186952451171,0,HDFC,@gpay,TECHNICAL_DECLINE
33635.19,14,37.43294715115258,0,ICICI,@upi,BENEFICIARY_NOT_CREDITED
376.15,23,2.989642238115052,0,ICICI,@upi,TECHNICAL_DECLINE
9470.4,22,20.85411734604647,1,PNB,@ybl,DUPLICATE_TRANSACTION
9239.04,18,3.4364733040286284,1,AXIS,@ybl,DUPLICATE_TRANSACTION
4313.43,12,12.865720983005412,1,KOTAK,@upi,DUPLICATE_TRANSACTION
6213.11,16,7.70364040953496,1,PNB,@phonepe,DUPLICATE_TRANSACTION
1691.15,5,7.013471216135625,0,SBI,@gpay,TECHNICAL_DECLINE
14424.34,14,17.934326051290306,0,HDFC,@okaxis,BENEFICIARY_NOT_CREDITED
49180.73,18,15.033577083950142,0,HDFC,@paytm,BENEFICIARY_NOT_CREDITED
91665.58,17,143.230472969519,0,HDFC,@phonepe,BENEFICIARY_NOT_CREDITED
60128.99,13,75.85555499669938,0,SBI,@phonepe,BENEFICIARY_NOT_CREDITED
4683.39,11,145.0715432215723,0,SBI,@gpay,TRANSACTION_TIMEOUT
44116.86,17,123.21062288537199,0,BOB,@upi,BENEFICIARY_NOT_CREDITED
11657.43,16,20.886775959432025,0,KOTAK,@phonepe,BENEFICIARY_NOT_CREDITED
2351.37,8,3.4726195198957956,0,KOTAK,@gpay,TECHNICAL_DECLINE
16735.16,15,36.75924782805683,0,HDFC,@gpay,WRONG_DEBIT
1335.64,11,10.110846891965725,1,BOB,@paytm,DUPLICATE_TRANSACTION
2472.49,18,12.507975325306205,1,KOTAK,@gpay,DUPLICATE_TRANSACTION
18733.15,16,120.11400870171335,0,KOTAK,@gpay,TRANSACTION_TIMEOUT
434.76,5,5.7590282449100965,0,AXIS,@gpay,TECHNICAL_DECLINE
14333.53,17,31.305235246157068,0,SBI,@upi,WRONG_DEBIT
15741.7,3,32.05226452491197,0,SBI,@ybl,WRONG_DEBIT
83257.36,12,155.7392232170856,0,PNB,@gpay,BENEFICIARY_NOT_CREDITED
16262.14,16,55.600385840476505,0,KOTAK,@okaxis,TRANSACTION_TIMEOUT
17876.4,21,34.44236461472056,0,SBI,@phonepe,WRONG_DEBIT
9981.62,23,120.83700385160257,0,PNB,@ybl,TRANSACTION_TIMEOUT
5965.65,14,14.132408010746676,1,HDFC,@phonepe,DUPLICATE_TRANSACTION
2178.01,14,3.277241275488274,1,KOTAK,@okaxis,DUPLICATE_TRANSACTION
88921.55,15,44.75285185328637,0,SBI,@paytm,BENEFICIARY_NOT_CREDITED
2978.96,18,9.483559372633081,0,PNB,@paytm,TECHNICAL_DECLINE
2506.39,19,39.8954581655597,0,AXIS,@gpay,WRONG_DEBIT
183.11,7,9.991923802893492,0,PNB,@upi,TECHNICAL_DECLINE
16790.72,10,91.230530703614,0,AXIS,@upi,BENEFICIARY_NOT_CREDITED
1523.5,9,2.04241424654881,0,SBI,@ybl,TECHNICAL_DECLINE
73744.2,17,130.67199088103598,0,SBI,@okaxis,BENEFICIARY_NOT_CREDITED
3648.57,18,4.448545882526673,0,ICICI,@okaxis,TECHNICAL_DECLINE
82476.58,16,55.875100352341505,0,PNB,@okaxis,BENEFICIARY_NOT_CREDITED
75546.26,11,158.88979237942564,0,PNB,@paytm,BENEFICIARY_NOT_CREDITED
351.58,4,0.857485274175469,0,PNB,@okaxis,TECHNICAL_DECLINE
14649.45,19,148.37064081708706,0,PNB,@upi,TRANSACTION_TIMEOUT
41018.08,9,38.07477211141772,0,ICICI,@upi,WRONG_DEBIT
4545.79,14,10.784564234192604,0,AXIS,@paytm,TECHNICAL_DECLINE
75185.97,17,50.97453326699123,0,SBI,@phonepe,BENEFICIARY_NOT_CREDITED
39516.39,6,30.63269188803778,0,BOB,@gpay,WRONG_DEBIT
4975.08,16,1.2577338590920122,0,ICICI,@upi,TECHNICAL_DECLINE
6418.13,11,12.675914794703273,1,SBI,@ybl,DUPLICATE_TRANSACTION
658.98,2,6.937467030801923,0,KOTAK,@ybl,TECHNICAL_DECLINE
490.95,10,6.917252899231598,0,BOB,@paytm,TECHNICAL_DECLINE
3317.79,23,6.8743038144953585,0,BOB,@gpay,TECHNICAL_DECLINE
22320.22,18,3.383573611596746,0,SBI,@gpay,WRONG_DEBIT
4321.07,13,7.022413391565607,0,ICICI,@phonepe,TECHNICAL_DECLINE
31437.41,21,22.541829985417223,0,KOTAK,@okaxis,WRONG_DEBIT
37751.75,14,69.20530597812058,0,HDFC,@upi,WRONG_DEBIT
19918.31,15,4.335856889214435,0,PNB,@paytm,BENEFICIARY_NOT_CREDITED
28826.1,18,5.747056072587789,0,ICICI,@okaxis,WRONG_DEBIT
8543.03,15,7.376970493984419,1,PNB,@phonepe,DUPLICATE_TRANSACTION
12565.63,15,8.057843527589869,0,HDFC,@upi,BENEFICIARY_NOT_CREDITED
1707.64,17,9.571213165020733,0,BOB,@okaxis,TECHNICAL_DECLINE
2231.55,10,4.391750807397155,0,ICICI,@phonepe,WRONG_DEBIT
7174.87,11,9.611062121929905,1,SBI,@upi,DUPLICATE_TRANSACTION
2531.33,12,9.090311980431405,0,ICICI,@ybl,TECHNICAL_DECLINE
10929.94,11,36.695304065085665,0,KOTAK,@ybl,WRONG_DEBIT
1302.2,11,2.9039338944982713,0,KOTAK,@paytm,TECHNICAL_DECLINE
31368.9,17,23.166512833765125,0,BOB,@ybl,WRONG_DEBIT
18399.23,9,32.426118850167526,0,ICICI,@paytm,WRONG_DEBIT
86147.03,15,40.9812675912588,0,AXIS,@okaxis,BENEFICIARY_NOT_CREDITED
3634.98,20,21.053297838394073,1,HDFC,@ybl,DUPLICATE_TRANSACTION
24986.88,18,8.112085336626418,0,ICICI,@okaxis,BENEFICIARY_NOT_CREDITED
4768.21,10,10.966457610399669,1,BOB,@gpay,DUPLICATE_TRANSACTION
3013.06,20,4.5385238000624675,0,HDFC,@phonepe,TECHNICAL_DECLINE
3020.35,16,1.9729632814605802,1,BOB,@phonepe,DUPLICATE_TRANSACTION
7334.46,15,13.782747543146005,0,HDFC,@okaxis,BENEFICIARY_NOT_CREDITED
19182.1,10,144.4601113165158,0,ICICI,@phonepe,TRANSACTION_TIMEOUT
4373.74,20,11.028553363646246,0,AXIS,@phonepe,TECHNICAL_DECLINE
48768.11,3,2.6980856478324116,0,PNB,@okaxis,WRONG_DEBIT
105.99,15,11.761550564824928,0,HDFC,@phonepe,TECHNICAL_DECLINE
4917.4,11,10.133296275315445,1,BOB,@okaxis,DUPLICATE_TRANSACTION
13238.53,8,48.70311906548105,0,AXIS,@paytm,WRONG_DEBIT
3799.39,7,7.103732077806161,0,BOB,@gpay,TECHNICAL_DECLINE
28809.69,18,57.40471997285678,0,AXIS,@ybl,WRONG_DEBIT
5276.54,21,178.76059350546785,0,PNB,@upi,TRANSACTION_TIMEOUT
28526.42,5,36.40725456650432,0,BOB,@phonepe,WRONG_DEBIT
2594.82,8,10.45402517794678,0,BOB,@phonepe,TECHNICAL_DECLINE
42798.36,7,59.84338697689138,0,BOB,@phonepe,WRONG_DEBIT
3768.22,14,1.6294173758499286,0,AXIS,@paytm,TECHNICAL_DECLINE
5391.05,6,51.23349363769688,0,AXIS,@okaxis,TRANSACTION_TIMEOUT
4927.08,3,9.090707515217135,0,BOB,@phonepe,TECHNICAL_DECLINE
10234.44,6,42.526628585749336,0,BOB,@okaxis,WRONG_DEBIT
25412.13,6,39.48312331611153,0,AXIS,@upi,WRONG_DEBIT
96199.16,12,123.29378149721087,0,ICICI,@ybl,BENEFICIARY_NOT_CREDITED
76217.6,16,3.325401548369344,0,SBI,@paytm,BENEFICIARY_NOT_CREDITED
7202.86,17,0.29895304847156723,1,HDFC,@phonepe,DUPLICATE_TRANSACTION
5175.25,18,20.960343793475232,1,HDFC,@gpay,DUPLICATE_TRANSACTION
725.81,4,4.184169822738234,0,BOB,@gpay,TECHNICAL_DECLINE
46199.1,2,47.17503217616329,0,ICICI,@gpay,WRONG_DEBIT
30599.53,23,46.97084606915088,0,AXIS,@ybl,WRONG_DEBIT
172.5,20,6.707963359287634,1,HDFC,@paytm,DUPLICATE_TRANSACTION
13820.39,22,89.36093192663137,0,KOTAK,@gpay,TRANSACTION_TIMEOUT
2780.15,20,5.764752538237932,1,KOTAK,@upi,DUPLICATE_TRANSACTION
3068.91,15,51.450263473101295,0,SBI,@paytm,WRONG_DEBIT
1527.56,12,13.05566739179814,1,AXIS,@paytm,DUPLICATE_TRANSACTION
3677.93,17,5.696033312471808,0,PNB,@ybl,TECHNICAL_DECLINE
86622.24,18,68.94793105261458,0,ICICI,@gpay,BENEFICIARY_NOT_CREDITED
8273.8,16,141.61097812546342,0,BOB,@gpay,BENEFICIARY_NOT_CREDITED
2967.16,12,19.977161566628318,1,PNB,@upi,DUPLICATE_TRANSACTION
1806.67,9,2.589175081295263,1,BOB,@okaxis,DUPLICATE_TRANSACTION
1868.76,9,27.545177503381023,0,AXIS,@paytm,WRONG_DEBIT
4380.73,15,49.82387929182507,0,KOTAK,@ybl,TRANSACTION_TIMEOUT
13919.73,5,56.52576331798744,0,ICICI,@paytm,TRANSACTION_TIMEOUT
29768.39,7,28.14650857683197,0,BOB,@ybl,WRONG_DEBIT
793.78,13,4.718253030050424,1,KOTAK,@okaxis,DUPLICATE_TRANSACTION
597.82,14,34.257317629113,0,SBI,@paytm,WRONG_DEBIT
4879.41,7,9.832427501788441,0,BOB,@okaxis,WRONG_DEBIT
1397.24,14,15.565527650000057,0,AXIS,@paytm,WRONG_DEBIT
7551.09,8,15.704363903666318,1,ICICI,@gpay,DUPLICATE_TRANSACTION
5546.94,17,58.535778726701295,0,KOTAK,@paytm,WRONG_DEBIT
2415.81,2,7.861031716154296,0,AXIS,@gpay,TECHNICAL_DECLINE
1287.51,20,19.767058119872658,1,SBI,@upi,DUPLICATE_TRANSACTION
74476.41,10,167.79853339365363,0,HDFC,@okaxis,BENEFICIARY_NOT_CREDITED
5516.86,9,11.375063866538031,1,HDFC,@ybl,DUPLICATE_TRANSACTION
30986.13,15,9.983527728936176,0,ICICI,@gpay,BENEFICIARY_NOT_CREDITED
29667.01,11,31.672410042667135,0,ICICI,@paytm,BENEFICIARY_NOT_CREDITED
406.4,10,75.52472514383808,0,KOTAK,@phonepe,TRANSACTION_TIMEOUT
7181.61,23,65.79809221200185,0,PNB,@upi,WRONG_DEBIT
29208.72,9,53.417362952806684,0,AXIS,@ybl,WRONG_DEBIT
3820.69,8,4.997859062147666,1,ICICI,@ybl,DUPLICATE_TRANSACTION
31922.72,12,155.1325256660718,0,AXIS,@ybl,BENEFICIARY_NOT_CREDITED
32612.13,19,58.92056517010757,0,PNB,@okaxis,WRONG_DEBIT
48528.52,21,9.643429901190725,0,SBI,@upi,WRONG_DEBIT
58642.44,14,19.695108419941686,0,HDFC,@gpay,BENEFICIARY_NOT_CREDITED
5404.4,21,7.95168774587048,0,KOTAK,@okaxis,WRONG_DEBIT
8619.4,13,38.91546725795149,0,AXIS,@upi,WRONG_DEBIT
73384.43,17,148.77765660789004,0,SBI,@ybl,BENEFICIARY_NOT_CREDITED
2197.0,16,8.093574144360513,0,ICICI,@gpay,TECHNICAL_DECLINE
7649.45,1,185.99389947556023,0,KOTAK,@okaxis,TRANSACTION_TIMEOUT
31540.17,13,4.947146418435097,0,PNB,@gpay,BENEFICIARY_NOT_CREDITED
16435.2,17,196.41608701246048,0,KOTAK,@paytm,TRANSACTION_TIMEOUT
259.39,9,7.436534718844662,0,KOTAK,@gpay,TECHNICAL_DECLINE
21915.44,1,3.6253372212037602,0,KOTAK,@upi,WRONG_DEBIT
4673.12,6,4.716457451098809,0,PNB,@upi,TECHNICAL_DECLINE
8352.7,20,7.824848588642015,1,ICICI,@phonepe,DUPLICATE_TRANSACTION
1418.18,13,3.2450282379133126,0,HDFC,@okaxis,TECHNICAL_DECLINE
1260.96,17,23.171140824756158,1,AXIS,@phonepe,DUPLICATE_TRANSACTION
43453.5,11,120.30745518877397,0,HDFC,@gpay,BENEFICIARY_NOT_CREDITED
49893.77,6,53.53058269868345,0,AXIS,@upi,WRONG_DEBIT
8675.58,13,21.66389703670504,1,HDFC,@gpay,DUPLICATE_TRANSACTION
119.59,8,0.43616894755549485,1,KOTAK,@ybl,DUPLICATE_TRANSACTION
7953.47,19,17.143614291083324,1,AXIS,@ybl,DUPLICATE_TRANSACTION
5978.06,17,0.1159020072267074,1,KOTAK,@okaxis,DUPLICATE_TRANSACTION
3863.78,18,11.991267897783036,0,HDFC,@phonepe,TECHNICAL_DECLINE
20369.07,0,1.6662711630347653,0,BOB,@paytm,WRONG_DEBIT
11397.58,23,143.4218905504402,0,BOB,@gpay,TRANSACTION_TIMEOUT
6886.56,11,22.411651335372863,1,PNB,@okaxis,DUPLICATE_TRANSACTION
4730.85,18,8.721068274363677,0,PNB,@upi,TECHNICAL_DECLINE
319.17,0,6.501324247880879,0,PNB,@phonepe,TECHNICAL_DECLINE
54561.0,10,158.44805899793775,0,BOB,@okaxis,BENEFICIARY_NOT_CREDITED
9652.58,8,107.0531969460209,0,HDFC,@paytm,TRANSACTION_TIMEOUT
46075.83,18,37.08359917974294,0,PNB,@gpay,WRONG_DEBIT
4402.16,22,2.322745750489087,1,BOB,@gpay,DUPLICATE_TRANSACTION
1741.39,3,127.55548863203698,0,HDFC,@phonepe,TRANSACTION_TIMEOUT
33141.42,17,46.494847853447204,0,PNB,@phonepe,WRONG_DEBIT
50374.23,18,161.7964096248964,0,SBI,@gpay,BENEFICIARY_NOT_CREDITED
9536.72,8,57.954229928897604,0,PNB,@paytm,WRONG_DEBIT
18214.64,10,54.91001785710821,0,SBI,@ybl,WRONG_DEBIT
696.43,10,105.00939619097369,0,KOTAK,@okaxis,TRANSACTION_TIMEOUT
1326.88,18,10.686849269633319,0,SBI,@ybl,TECHNICAL_DECLINE
8888.17,22,56.157614220042234,0,HDFC,@okaxis,TRANSACTION_TIMEOUT
2743.27,18,17.304425600057595,1,BOB,@gpay,DUPLICATE_TRANSACTION
4560.22,22,6.08394752313562,0,ICICI,@upi,TECHNICAL_DECLINE
5182.06,17,22.138619858096465,1,SBI,@paytm,DUPLICATE_TRANSACTION
9613.63,14,3.37772191173089,1,KOTAK,@phonepe,DUPLICATE_TRANSACTION
4447.49,15,3.1449594219470476,0,SBI,@gpay,TECHNICAL_DECLINE
4625.29,11,144.85036912249572,0,ICICI,@ybl,TRANSACTION_TIMEOUT
16397.06,12,58.52161532856183,0,AXIS,@paytm,BENEFICIARY_NOT_CREDITED
14803.5,5,44.62235575034089,0,BOB,@okaxis,WRONG_DEBIT
5561.44,13,2.5723889259610253,1,HDFC,@upi,DUPLICATE_TRANSACTION
18771.54,20,74.8567876183828,0,PNB,@phonepe,TRANSACTION_TIMEOUT
56663.85,13,112.14829083284998,0,AXIS,@paytm,BENEFICIARY_NOT_CREDITED
3135.53,19,12.448298989031876,0,HDFC,@phonepe,WRONG_DEBIT
8227.13,1,60.95846297907528,0,KOTAK,@gpay,TRANSACTION_TIMEOUT
802.29,2,0.3554965933916927,0,PNB,@upi,TECHNICAL_DECLINE
2084.99,22,3.051654440366918,1,PNB,@upi,DUPLICATE_TRANSACTION
1466.01,2,67.01420370089627,0,PNB,@phonepe,TRANSACTION_TIMEOUT
3605.12,0,5.973101890274453,0,AXIS,@ybl,TECHNICAL_DECLINE
22826.64,13,53.11344538455124,0,PNB,@paytm,BENEFICIARY_NOT_CREDITED
65681.61,11,164.40439061408938,0,AXIS,@gpay,BENEFICIARY_NOT_CREDITED
38590.53,9,18.880844890181358,0,HDFC,@phonepe,BENEFICIARY_NOT_CREDITED
167.75,15,17.260283901129068,1,BOB,@upi,DUPLICATE_TRANSACTION
9643.98,12,11.803634198667577,1,ICICI,@phonepe,DUPLICATE_TRANSACTION
3562.25,14,1.9937797470991052,1,AXIS,@okaxis,DUPLICATE_TRANSACTION
1715.5,13,18.164695161859413,1,PNB,@upi,DUPLICATE_TRANSACTION
8277.9,18,22.86513737141005,1,AXIS,@ybl,DUPLICATE_TRANSACTION
25518.46,13,50.65865089196911,0,AXIS,@phonepe,WRONG_DEBIT
19058.8,4,89.96141557024339,0,HDFC,@okaxis,TRANSACTION_TIMEOUT
17689.1,13,177.5497879606351,0,AXIS,@okaxis,TRANSACTION_TIMEOUT
79115.64,13,80.0419321581916,0,BOB,@paytm,BENEFICIARY_NOT_CREDITED
5823.99,18,4.98464376239877,1,HDFC,@paytm,DUPLICATE_TRANSACTION
19501.85,3,170.5540104922615,0,SBI,@okaxis,TRANSACTION_TIMEOUT
2468.53,9,11.682651771209336,0,ICICI,@gpay,TECHNICAL_DECLINE
86477.39,12,52.36912151395636,0,SBI,@upi,BENEFICIARY_NOT_CREDITED
17586.23,12,131.24793063967508,0,HDFC,@gpay,TRANSACTION_TIMEOUT
16880.29,20,31.16330168195305,0,SBI,@okaxis,WRONG_DEBIT
16780.88,13,96.99695241603506,0,ICICI,@paytm,BENEFICIARY_NOT_CREDITED
13232.5,8,169.7565369235303,0,PNB,@paytm,TRANSACTION_TIMEOUT
5143.66,22,44.097056057305245,0,BOB,@gpay,WRONG_DEBIT
2797.11,16,1.761020642244754,0,ICICI,@paytm,TECHNICAL_DECLINE
4746.68,7,99.27920239366269,0,KOTAK,@phonepe,TRANSACTION_TIMEOUT
4384.71,16,9.675498620757768,0,PNB,@paytm,TECHNICAL_DECLINE
2632.4,18,9.61644900617976,0,KOTAK,@paytm,TECHNICAL_DECLINE
8162.52,0,100.79213780689851,0,HDFC,@paytm,TRANSACTION_TIMEOUT
9169.07,5,58.69278263470315,0,SBI,@phonepe,WRONG_DEBIT
6599.46,12,1.974281573679547,1,PNB,@gpay,DUPLICATE_TRANSACTION
8645.58,9,16.99759365346108,1,HDFC,@phonepe,DUPLICATE_TRANSACTION
3745.47,16,5.086607337372715,0,BOB,@gpay,TECHNICAL_DECLINE
2931.32,22,158.95707954140545,0,BOB,@okaxis,TRANSACTION_TIMEOUT
1152.14,1,78.80063534378752,0,HDFC,@upi,TRANSACTION_TIMEOUT
1139.84,15,13.218210845244876,1,KOTAK,@okaxis,DUPLICATE_TRANSACTION
4570.85,1,0.9621828576444482,0,BOB,@phonepe,TECHNICAL_DECLINE
46924.08,6,21.442609862736,0,AXIS,@paytm,WRONG_DEBIT
1158.68,19,11.913167729533649,1,HDFC,@okaxis,DUPLICATE_TRANSACTION
15262.36,17,111.07101362145877,0,BOB,@upi,TRANSACTION_TIMEOUT
44242.84,12,63.65563859616611,0,ICICI,@phonepe,WRONG_DEBIT
4891.07,1,8.661102489292032,0,SBI,@paytm,TECHNICAL_DECLINE
3275.27,20,5.599911942017877,0,KOTAK,@phonepe,TECHNICAL_DECLINE
92165.82,10,13.865899536069591,0,AXIS,@phonepe,BENEFICIARY_NOT_CREDITED
3443.2,10,16.948051235564918,1,HDFC,@ybl,DUPLICATE_TRANSACTION
5625.31,18,20.813480228862936,1,AXIS,@okaxis,DUPLICATE_TRANSACTION
23636.53,14,43.10958968663663,0,HDFC,@upi,WRONG_DEBIT
4732.69,14,2.5388069319877573,1,HDFC,@okaxis,DUPLICATE_TRANSACTION
644.23,19,5.639779863591309,0,BOB,@gpay,TECHNICAL_DECLINE
8948.2,18,14.29732541068469,1,BOB,@okaxis,DUPLICATE_TRANSACTION
5101.15,15,165.78387780735937,0,KOTAK,@gpay,TRANSACTION_TIMEOUT
6843.08,7,54.12839385871679,0,AXIS,@okaxis,TRANSACTION_TIMEOUT
44993.55,0,13.108404885793922,0,SBI,@okaxis,WRONG_DEBIT
33719.45,22,39.53095026594564,0,BOB,@phonepe,WRONG_DEBIT
17355.92,16,52.784629242412976,0,ICICI,@upi,TRANSACTION_TIMEOUT
67078.4,13,33.423827538886854,0,BOB,@gpay,BENEFICIARY_NOT_CREDITED
8775.76,10,3.894462341715907,1,BOB,@paytm,DUPLICATE_TRANSACTION
11743.1,12,139.57465301209112,0,BOB,@ybl,TRANSACTION_TIMEOUT
1826.82,14,3.1149791835317715,0,PNB,@ybl,TECHNICAL_DECLINE
19507.78,14,49.121298738941654,0,SBI,@paytm,WRONG_DEBIT
12432.9,3,85.3779882778656,0,BOB,@phonepe,TRANSACTION_TIMEOUT
985.48,8,17.659197112698568,1,BOB,@ybl,DUPLICATE_TRANSACTION
82433.42,15,13.140838010138076,0,AXIS,@paytm,BENEFICIARY_NOT_CREDITED
2056.49,8,23.501403082791022,1,BOB,@upi,DUPLICATE_TRANSACTION
3857.53,5,3.384831623602028,0,ICICI,@upi,TECHNICAL_DECLINE
31038.14,7,41.60788597062719,0,SBI,@okaxis,WRONG_DEBIT
50587.23,12,4.938709800739247,0,SBI,@paytm,BENEFICIARY_NOT_CREDITED
12053.67,2,171.735208767291,0,SBI,@gpay,TRANSACTION_TIMEOUT
7453.27,11,65.63462130078162,0,AXIS,@ybl,WRONG_DEBIT
76483.24,17,166.19001309438426,0,PNB,@phonepe,BENEFICIARY_NOT_CREDITED
14287.01,7,83.12543640656384,0,BOB,@okaxis,TRANSACTION_TIMEOUT
23650.92,17,16.14944220043636,0,HDFC,@phonepe,BENEFICIARY_NOT_CREDITED
41027.25,8,65.67004600095869,0,AXIS,@phonepe,WRONG_DEBIT
4956.78,21,19.401235446669062,1,BOB,@ybl,DUPLICATE_TRANSACTION
16070.86,7,39.730286123313924,0,SBI,@upi,WRONG_DEBIT
6927.11,2,65.21996432789331,0,AXIS,@phonepe,WRONG_DEBIT
6785.92,18,26.79235290799687,0,KOTAK,@ybl,WRONG_DEBIT
582.47,11,3.1151679892627424,0,AXIS,@upi,TECHNICAL_DECLINE
38145.12,19,33.25390407127055,0,ICICI,@upi,WRONG_DEBIT
475.33,9,167.5887188650165,0,AXIS,@upi,TRANSACTION_TIMEOUT
77284.34,15,130.11840667762002,0,AXIS,@gpay,BENEFICIARY_NOT_CREDITED
17969.34,14,7.3256846812873,0,AXIS,@gpay,WRONG_DEBIT
41362.81,14,8.820219233923204,0,AXIS,@phonepe,WRONG_DEBIT
10678.02,20,162.40104945705667,0,AXIS,@upi,TRANSACTION_TIMEOUT
10904.0,15,22.899612293366225,0,ICICI,@okaxis,WRONG_DEBIT
38838.2,14,21.348493241789427,0,HDFC,@phonepe,WRONG_DEBIT
4248.71,22,5.508224994395876,0,ICICI,@ybl,TECHNICAL_DECLINE
8183.68,5,23.927816709044063,0,BOB,@ybl,WRONG_DEBIT
2073.85,4,10.722035358923815,0,ICICI,@okaxis,TECHNICAL_DECLINE
4186.14,1,5.384338565166543,0,AXIS,@phonepe,TECHNICAL_DECLINE
201.83,18,21.416831799253274,1,PNB,@gpay,DUPLICATE_TRANSACTION
4834.52,9,20.632003039390117,1,PNB,@gpay,DUPLICATE_TRANSACTION
21220.46,17,162.4714871554183,0,AXIS,@ybl,BENEFICIARY_NOT_CREDITED
13863.41,11,139.76879259241977,0,ICICI,@okaxis,TRANSACTION_TIMEOUT
14468.51,15,140.32198244275128,0,AXIS,@upi,TRANSACTION_TIMEOUT
39886.82,16,66.13362314850919,0,KOTAK,@ybl,WRONG_DEBIT
3429.17,5,0.690412553601417,0,SBI,@phonepe,TECHNICAL_DECLINE
2671.11,13,18.91696250892866,1,PNB,@okaxis,DUPLICATE_TRANSACTION
3882.81,15,2.400177560243949,0,AXIS,@upi,TECHNICAL_DECLINE
47853.96,10,42.92504570983587,0,AXIS,@ybl,WRONG_DEBIT
77762.91,14,33.039292870927696,0,PNB,@upi,BENEFICIARY_NOT_CREDITED
41443.64,9,124.03647902687062,0,KOTAK,@okaxis,BENEFICIARY_NOT_CREDITED
10046.25,10,100.32781015867769,0,ICICI,@ybl,TRANSACTION_TIMEOUT
29376.16,0,17.36928436044228,0,BOB,@okaxis,WRONG_DEBIT
15142.68,11,80.63509795874108,0,BOB,@ybl,BENEFICIARY_NOT_CREDITED
4608.87,11,4.326297115022474,1,PNB,@gpay,DUPLICATE_TRANSACTION
9442.56,10,11.571487981668849,1,HDFC,@paytm,DUPLICATE_TRANSACTION
16619.63,20,182.82509823511953,0,AXIS,@okaxis,TRANSACTION_TIMEOUT
48438.73,3,30.45127567526311,0,HDFC,@phonepe,WRONG_DEBIT
6206.2,16,8.92677392614246,1,SBI,@phonepe,DUPLICATE_TRANSACTION
2080.33,17,2.792267474447066,0,SBI,@gpay,TECHNICAL_DECLINE
41793.73,18,0.5661811748726953,0,KOTAK,@gpay,WRONG_DEBIT
392.92,10,17.925056650616288,1,KOTAK,@okaxis,DUPLICATE_TRANSACTION
4873.2,8,13.27570009872164,0,AXIS,@phonepe,WRONG_DEBIT
16593.62,1,112.19003828650573,0,HDFC,@paytm,TRANSACTION_TIMEOUT
9344.61,0,188.08185470728367,0,BOB,@paytm,TRANSACTION_TIMEOUT
18484.63,14,182.83828072500916,0,HDFC,@phonepe,TRANSACTION_TIMEOUT
47073.98,9,41.99778156188491,0,ICICI,@gpay,WRONG_DEBIT
16719.1,5,86.57838770267881,0,SBI,@ybl,TRANSACTION_TIMEOUT
1197.0,3,10.356305999309413,0,AXIS,@gpay,TECHNICAL_DECLINE
1465.32,14,5.198774902125113,0,ICICI,@okaxis,TECHNICAL_DECLINE
27042.57,18,2.3408146305618533,0,AXIS,@phonepe,WRONG_DEBIT
6556.12,14,103.83563225466091,0,KOTAK,@okaxis,BENEFICIARY_NOT_CREDITED
11318.21,18,37.57029912078928,0,KOTAK,@gpay,BENEFICIARY_NOT_CREDITED
4673.97,10,23.791355566640608,1,AXIS,@gpay,DUPLICATE_TRANSACTION
4319.78,5,10.737692139082425,0,HDFC,@ybl,TECHNICAL_DECLINE
3545.81,8,7.163163359452521,1,BOB,@okaxis,DUPLICATE_TRANSACTION
1284.04,13,157.21599751566913,0,AXIS,@ybl,TRANSACTION_TIMEOUT
82494.25,16,145.1231101211618,0,KOTAK,@upi,BENEFICIARY_NOT_CREDITED
35911.82,12,99.21472146887392,0,SBI,@okaxis,BENEFICIARY_NOT_CREDITED
1930.81,14,8.673431485942352,0,KOTAK,@okaxis,TECHNICAL_DECLINE
6096.92,0,111.64176924320995,0,AXIS,@phonepe,TRANSACTION_TIMEOUT
16945.1,0,73.78621619029653,0,KOTAK,@paytm,TRANSACTION_TIMEOUT
28295.73,5,42.84157385934097,0,ICICI,@gpay,WRONG_DEBIT
45215.51,9,63.51240320948556,0,ICICI,@okaxis,WRONG_DEBIT
14046.69,17,41.21440686135457,0,HDFC,@okaxis,WRONG_DEBIT
1816.19,10,8.363901786288931,1,ICICI,@gpay,DUPLICATE_TRANSACTION
1815.8,10,5.8722843571044585,1,HDFC,@paytm,DUPLICATE_TRANSACTION
8114.92,22,15.647424603467103,1,SBI,@phonepe,DUPLICATE_TRANSACTION
5764.75,23,16.289430314528655,0,SBI,@phonepe,WRONG_DEBIT
79723.36,9,38.748066111190646,0,AXIS,@okaxis,BENEFICIARY_NOT_CREDITED
4084.48,17,3.4180445994564232,0,BOB,@gpay,TECHNICAL_DECLINE
1048.84,7,2.3129772730303135,0,ICICI,@phonepe,TECHNICAL_DECLINE
4001.73,10,14.210291938797486,1,ICICI,@paytm,DUPLICATE_TRANSACTION
230.6,18,8.959452844299577,0,KOTAK,@upi,TECHNICAL_DECLINE
1312.24,21,23.182033858655714,1,SBI,@phonepe,DUPLICATE_TRANSACTION
8168.45,18,4.142319083152953,0,BOB,@phonepe,WRONG_DEBIT
2024.83,19,7.213721807133085,0,ICICI,@paytm,TECHNICAL_DECLINE
7217.88,15,28.907171951698736,0,HDFC,@ybl,WRONG_DEBIT
6248.9,11,90.23398870474153,0,HDFC,@paytm,TRANSACTION_TIMEOUT
3726.82,8,145.41941969187428,0,KOTAK,@gpay,TRANSACTION_TIMEOUT
6903.77,3,137.06544235446108,0,ICICI,@ybl,TRANSACTION_TIMEOUT
1612.67,7,63.18093306724631,0,SBI,@gpay,TRANSACTION_TIMEOUT
2649.37,13,177.95557707935706,0,SBI,@ybl,TRANSACTION_TIMEOUT
15538.9,17,106.13573746587478,0,AXIS,@phonepe,BENEFICIARY_NOT_CREDITED
2147.42,4,154.5853672911341,0,KOTAK,@ybl,TRANSACTION_TIMEOUT
22483.59,7,1.904378595387052,0,KOTAK,@okaxis,WRONG_DEBIT
6632.46,22,12.793106478879288,1,SBI,@phonepe,DUPLICATE_TRANSACTION
2777.77,11,3.9891682336003536,1,HDFC,@paytm,DUPLICATE_TRANSACTION
69262.78,14,60.222497207364626,0,SBI,@paytm,BENEFICIARY_NOT_CREDITED
21383.43,11,17.76137469839361,0,PNB,@paytm,BENEFICIARY_NOT_CREDITED
24157.4,9,87.40992888939269,0,AXIS,@ybl,BENEFICIARY_NOT_CREDITED
2358.88,4,3.131139945936598,0,KOTAK,@gpay,TECHNICAL_DECLINE
69396.2,13,144.61491358224907,0,ICICI,@paytm,BENEFICIARY_NOT_CREDITED
2771.76,22,9.823662154767423,0,PNB,@upi,TECHNICAL_DECLINE
70190.99,17,133.13322657555372,0,KOTAK,@gpay,BENEFICIARY_NOT_CREDITED
15195.3,17,34.783381368741004,0,HDFC,@ybl,WRONG_DEBIT
12717.54,18,78.13768895096814,0,ICICI,@gpay,TRANSACTION_TIMEOUT
5930.23,16,10.319961074761775,1,HDFC,@phonepe,DUPLICATE_TRANSACTION
4719.5,5,4.083519679361874,0,PNB,@okaxis,TECHNICAL_DECLINE
96023.48,13,10.574119378113807,0,KOTAK,@phonepe,BENEFICIARY_NOT_CREDITED
3949.49,11,8.822890656646344,0,KOTAK,@gpay,TECHNICAL_DECLINE
941.8,10,8.393648872129003,0,PNB,@ybl,TECHNICAL_DECLINE
4104.85,10,0.4317470919470896,1,KOTAK,@phonepe,DUPLICATE_TRANSACTION
9696.87,21,136.844161677328,0,ICICI,@phonepe,TRANSACTION_TIMEOUT
92435.79,14,124.09800815827973,0,HDFC,@okaxis,BENEFICIARY_NOT_CREDITED
3458.58,5,74.2372535757882,0,BOB,@phonepe,TRANSACTION_TIMEOUT
37773.6,17,13.201274524570628,0,PNB,@upi,WRONG_DEBIT
3443.25,9,115.97776372849722,0,KOTAK,@ybl,TRANSACTION_TIMEOUT
5930.93,12,21.139485272219197,1,PNB,@paytm,DUPLICATE_TRANSACTION
42568.97,5,57.09016236440701,0,ICICI,@phonepe,WRONG_DEBIT
14444.93,18,12.600223800313165,0,HDFC,@paytm,WRONG_DEBIT
3540.61,13,4.733027920446478,0,BOB,@upi,TECHNICAL_DECLINE
891.17,13,108.57229149369525,0,SBI,@phonepe,TRANSACTION_TIMEOUT
48147.37,11,30.982217356434326,0,ICICI,@paytm,WRONG_DEBIT
16735.48,20,53.97939415910828,0,PNB,@gpay,TRANSACTION_TIMEOUT
466.87,23,9.123098470366196,0,KOTAK,@gpay,TECHNICAL_DECLINE
3770.28,11,12.929839542958788,1,ICICI,@gpay,DUPLICATE_TRANSACTION
3049.0,15,2.2475075280982537,1,KOTAK,@gpay,DUPLICATE_TRANSACTION
17058.34,22,55.11009013519098,0,HDFC,@okaxis,TRANSACTION_TIMEOUT
4667.9,18,0.8945248103804815,1,AXIS,@phonepe,DUPLICATE_TRANSACTION
2306.86,21,161.7510693634582,0,BOB,@paytm,TRANSACTION_TIMEOUT
19514.77,4,107.42019226230524,0,ICICI,@upi,TRANSACTION_TIMEOUT
3594.82,11,0.12388041747141099,0,KOTAK,@phonepe,TECHNICAL_DECLINE
4683.99,11,6.513045684753522,1,HDFC,@ybl,DUPLICATE_TRANSACTION
13214.79,7,150.34109473914856,0,ICICI,@gpay,TRANSACTION_TIMEOUT
2381.86,20,190.40220260970113,0,KOTAK,@phonepe,TRANSACTION_TIMEOUT
71398.85,15,51.04493676807895,0,ICICI,@upi,BENEFICIARY_NOT_CREDITED
19515.56,8,64.79482956851399,0,SBI,@paytm,WRONG_DEBIT
4651.69,15,11.276840625731769,1,AXIS,@okaxis,DUPLICATE_TRANSACTION
47922.57,15,150.34736560586043,0,BOB,@paytm,BENEFICIARY_NOT_CREDITED
17187.2,6,168.08594457919295,0,KOTAK,@phonepe,TRANSACTION_TIMEOUT
6274.39,8,19.650946905155756,1,AXIS,@paytm,DUPLICATE_TRANSACTION
6623.1,10,63.213189764043335,0,KOTAK,@ybl,TRANSACTION_TIMEOUT
49900.47,15,44.6200241171993,0,KOTAK,@gpay,WRONG_DEBIT
3067.82,10,0.9882328895696642,1,ICICI,@phonepe,DUPLICATE_TRANSACTION
1174.04,9,3.1993044708516263,0,SBI,@paytm,TECHNICAL_DECLINE
3447.54,8,100.49326915381027,0,BOB,@phonepe,TRANSACTION_TIMEOUT
5059.73,14,13.742387876903132,1,AXIS,@okaxis,DUPLICATE_TRANSACTION
8358.84,9,55.635182727849234,0,SBI,@upi,WRONG_DEBIT
3847.15,20,3.28357143724351,1,KOTAK,@okaxis,DUPLICATE_TRANSACTION
14115.61,14,12.45287536267876,0,KOTAK,@ybl,WRONG_DEBIT
6790.32,9,164.53522631425773,0,HDFC,@okaxis,BENEFICIARY_NOT_CREDITED
23100.08,14,105.51218181774969,0,SBI,@ybl,BENEFICIARY_NOT_CREDITED
17850.92,15,122.2608711832317,0,ICICI,@phonepe,BENEFICIARY_NOT_CREDITED
3056.69,1,6.978612611980365,0,ICICI,@ybl,TECHNICAL_DECLINE
480.5,21,5.1280926212588795,0,SBI,@ybl,TECHNICAL_DECLINE
14767.08,9,81.76360545495767,0,KOTAK,@okaxis,TRANSACTION_TIMEOUT
27942.83,16,9.555299499347369,0,PNB,@ybl,BENEFICIARY_NOT_CREDITED
27157.39,14,60.713376931335134,0,BOB,@phonepe,WRONG_DEBIT
5202.5,13,177.0601090121104,0,ICICI,@upi,TRANSACTION_TIMEOUT
15124.87,12,132.1248092393702,0,BOB,@paytm,TRANSACTION_TIMEOUT
66082.6,10,87.7510249111957,0,BOB,@okaxis,BENEFICIARY_NOT_CREDITED
2899.14,1,1.789832572890353,0,AXIS,@upi,TECHNICAL_DECLINE
5810.96,9,0.2662313777931251,1,KOTAK,@phonepe,DUPLICATE_TRANSACTION
4580.47,16,109.51861715681869,0,BOB,@okaxis,BENEFICIARY_NOT_CREDITED
506.63,7,103.22782056486912,0,BOB,@ybl,TRANSACTION_TIMEOUT
16939.3,1,16.40834053474611,0,ICICI,@ybl,WRONG_DEBIT
91527.26,18,86.03574073331855,0,ICICI,@paytm,BENEFICIARY_NOT_CREDITED
9712.63,14,149.21252954058747,0,HDFC,@ybl,TRANSACTION_TIMEOUT
14046.78,3,131.29503397508284,0,ICICI,@gpay,TRANSACTION_TIMEOUT
4264.23,22,20.582920338280477,1,KOTAK,@upi,DUPLICATE_TRANSACTION
77722.1,18,3.6961634291206074,0,KOTAK,@ybl,BENEFICIARY_NOT_CREDITED
3270.51,13,3.949161906662283,0,KOTAK,@phonepe,TECHNICAL_DECLINE
4060.86,1,4.646529925232666,0,BOB,@gpay,TECHNICAL_DECLINE
2132.08,9,8.15684775828181,0,ICICI,@upi,TECHNICAL_DECLINE
3498.64,16,9.07126669420998,0,AXIS,@paytm,TECHNICAL_DECLINE
79982.59,14,142.64280814423051,0,BOB,@upi,BENEFICIARY_NOT_CREDITED
57314.67,11,139.3487826414209,0,PNB,@ybl,BENEFICIARY_NOT_CREDITED
13191.85,17,30.4262960484593,0,PNB,@paytm,WRONG_DEBIT
4335.16,21,8.679461936007312,0,HDFC,@ybl,TECHNICAL_DECLINE
4198.06,1,163.9055633142492,0,AXIS,@gpay,TRANSACTION_TIMEOUT
4661.57,21,10.75576247689067,0,HDFC,@ybl,TECHNICAL_DECLINE
9440.7,17,13.9525037128886,1,BOB,@okaxis,DUPLICATE_TRANSACTION
492.45,18,9.796813088939288,0,ICICI,@ybl,TECHNICAL_DECLINE
28136.43,13,50.57481067810794,0,BOB,@gpay,WRONG_DEBIT
4690.14,15,17.70090560574891,1,HDFC,@okaxis,DUPLICATE_TRANSACTION
16464.93,9,140.8333860627339,0,ICICI,@ybl,TRANSACTION_TIMEOUT
1530.49,0,2.4749620304670894,0,PNB,@okaxis,TECHNICAL_DECLINE
3466.12,21,2.8130100642868405,0,HDFC,@upi,TECHNICAL_DECLINE
9580.65,12,16.49010908417113,1,PNB,@okaxis,DUPLICATE_TRANSACTION
5736.44,11,55.806294267787166,0,KOTAK,@ybl,WRONG_DEBIT
633.0,12,139.01978870707822,0,HDFC,@okaxis,TRANSACTION_TIMEOUT
82042.84,16,32.70510346690284,0,SBI,@phonepe,BENEFICIARY_NOT_CREDITED
2699.46,8,2.7840030993292784,0,KOTAK,@upi,TECHNICAL_DECLINE
66039.55,12,136.5577512388578,0,PNB,@gpay,BENEFICIARY_NOT_CREDITED
23348.83,17,8.038515193973032,0,AXIS,@okaxis,WRONG_DEBIT
19379.59,12,68.67706738519894,0,SBI,@upi,WRONG_DEBIT
6810.23,13,21.19267659995553,1,KOTAK,@okaxis,DUPLICATE_TRANSACTION
5237.51,20,61.26581360539076,0,BOB,@okaxis,WRONG_DEBIT
9022.4,18,12.264053122965148,1,SBI,@paytm,DUPLICATE_TRANSACTION
9400.88,20,1.1131523456163954,1,AXIS,@paytm,DUPLICATE_TRANSACTION
4888.9,13,7.569729146213276,0,HDFC,@ybl,TECHNICAL_DECLINE
10259.0,16,45.2954788717503,0,HDFC,@okaxis,WRONG_DEBIT
22767.65,12,10.8160301302808,0,ICICI,@okaxis,WRONG_DEBIT
11050.33,20,180.25805459245979,0,SBI,@phonepe,TRANSACTION_TIMEOUT
1698.62,0,7.926160441397933,0,HDFC,@ybl,TECHNICAL_DECLINE
5211.77,18,13.906886988748457,1,SBI,@okaxis,DUPLICATE_TRANSACTION
6451.7,15,15.152301062752617,1,HDFC,@paytm,DUPLICATE_TRANSACTION
10842.75,13,190.43300153341232,0,PNB,@paytm,TRANSACTION_TIMEOUT
4434.34,12,10.302954743222475,0,ICICI,@ybl,TECHNICAL_DECLINE
7899.07,0,132.73533491067758,0,KOTAK,@gpay,TRANSACTION_TIMEOUT
12081.38,3,32.85284242101712,0,PNB,@gpay,WRONG_DEBIT
3972.9,8,90.65287698013464,0,ICICI,@phonepe,TRANSACTION_TIMEOUT
1969.28,20,2.2065650798611363,0,SBI,@phonepe,TECHNICAL_DECLINE
3434.29,15,10.799883127737314,0,HDFC,@gpay,TECHNICAL_DECLINE
36815.66,9,58.3564646218607,0,PNB,@gpay,WRONG_DEBIT
16649.48,14,36.89658750672824,0,KOTAK,@paytm,BENEFICIARY_NOT_CREDITED
541.12,4,11.481892993107042,0,AXIS,@phonepe,TECHNICAL_DECLINE
188.65,16,21.827344405578394,1,KOTAK,@ybl,DUPLICATE_TRANSACTION
16476.07,22,56.93741296223319,0,KOTAK,@ybl,TRANSACTION_TIMEOUT
115.31,9,84.82702345450042,0,SBI,@gpay,TRANSACTION_TIMEOUT
4681.85,14,38.12508390570432,0,BOB,@ybl,BENEFICIARY_NOT_CREDITED
50372.6,10,117.88535761815065,0,BOB,@ybl,BENEFICIARY_NOT_CREDITED
77999.0,13,114.50483503726728,0,ICICI,@ybl,BENEFICIARY_NOT_CREDITED
84119.82,17,92.31298642998429,0,HDFC,@phonepe,BENEFICIARY_NOT_CREDITED
2313.67,15,2.985236184397705,0,SBI,@phonepe,TECHNICAL_DECLINE
8281.17,6,194.0309920559102,0,ICICI,@ybl,TRANSACTION_TIMEOUT
19119.86,14,43.510968862722244,0,KOTAK,@okaxis,WRONG_DEBIT
5745.71,2,67.66086054347937,0,KOTAK,@phonepe,TRANSACTION_TIMEOUT
4101.32,21,10.860953555182778,0,ICICI,@upi,TECHNICAL_DECLINE
47570.66,5,43.5479183030077,0,AXIS,@gpay,WRONG_DEBIT
9616.34,17,14.877182387496983,1,HDFC,@ybl,DUPLICATE_TRANSACTION
8023.29,14,192.19141415935206,0,KOTAK,@okaxis,TRANSACTION_TIMEOUT
3620.72,11,105.29721204013725,0,KOTAK,@okaxis,TRANSACTION_TIMEOUT
5921.08,19,14.476859412990603,1,PNB,@okaxis,DUPLICATE_TRANSACTION
2231.83,20,13.268304658199042,1,AXIS,@ybl,DUPLICATE_TRANSACTION
2622.36,22,5.94518659570275,0,KOTAK,@gpay,TECHNICAL_DECLINE
91678.27,15,3.0636698103324624,0,HDFC,@gpay,BENEFICIARY_NOT_CREDITED
52756.59,9,88.38397156623772,0,BOB,@phonepe,BENEFICIARY_NOT_CREDITED
4084.18,3,3.9284474730618646,0,KOTAK,@okaxis,TECHNICAL_DECLINE
9762.88,17,2.031307009713272,1,ICICI,@ybl,DUPLICATE_TRANSACTION
1563.61,2,20.850686232889743,0,HDFC,@upi,WRONG_DEBIT
18605.93,4,175.69151751529301,0,PNB,@upi,TRANSACTION_TIMEOUT
47833.54,9,53.36576896122511,0,PNB,@gpay,WRONG_DEBIT
43548.69,23,67.37642181373876,0,HDFC,@gpay,WRONG_DEBIT
12261.77,12,87.26989506576265,0,KOTAK,@ybl,BENEFICIARY_NOT_CREDITED
15654.42,17,79.50291151635354,0,HDFC,@okaxis,BENEFICIARY_NOT_CREDITED
2746.72,20,3.926699891640834,0,PNB,@ybl,TECHNICAL_DECLINE
16397.01,11,50.57419555436557,0,HDFC,@phonepe,BENEFICIARY_NOT_CREDITED
4851.14,20,1.8159799625525945,0,KOTAK,@gpay,TECHNICAL_DECLINE
3434.65,11,0.7435257858445103,1,AXIS,@ybl,DUPLICATE_TRANSACTION
12211.76,3,142.60255884660882,0,SBI,@okaxis,TRANSACTION_TIMEOUT
2063.33,18,11.281980870076865,0,BOB,@okaxis,TECHNICAL_DECLINE
32486.85,11,28.96547316345769,0,ICICI,@paytm,WRONG_DEBIT
23745.52,11,17.71235273191499,0,HDFC,@ybl,WRONG_DEBIT
2101.61,3,11.237367557840848,0,AXIS,@okaxis,TECHNICAL_DECLINE
97827.99,11,127.5351761703817,0,PNB,@upi,BENEFICIARY_NOT_CREDITED
85032.62,9,52.70655530989744,0,BOB,@phonepe,BENEFICIARY_NOT_CREDITED
5226.79,22,72.83175313721691,0,ICICI,@paytm,TRANSACTION_TIMEOUT
4873.4,17,7.577964994386474,1,AXIS,@paytm,DUPLICATE_TRANSACTION
2686.31,15,35.70250181961319,0,PNB,@gpay,WRONG_DEBIT
24866.82,11,4.471910955417253,0,AXIS,@paytm,WRONG_DEBIT
3832.8,5,11.591978166549369,0,ICICI,@upi,TECHNICAL_DECLINE
83415.94,18,100.80257871458674,0,HDFC,@okaxis,BENEFICIARY_NOT_CREDITED
5204.8,11,5.039212785891625,1,HDFC,@gpay,DUPLICATE_TRANSACTION
73310.36,13,143.24794886546718,0,SBI,@phonepe,BENEFICIARY_NOT_CREDITED
5803.56,19,48.01298486083053,0,SBI,@ybl,TRANSACTION_TIMEOUT
610.89,23,193.73288763501387,0,AXIS,@gpay,TRANSACTION_TIMEOUT
3220.61,9,22.152119630935303,1,HDFC,@upi,DUPLICATE_TRANSACTION
8329.42,2,166.16360863352156,0,KOTAK,@paytm,TRANSACTION_TIMEOUT
12634.51,22,132.71919561703862,0,BOB,@phonepe,TRANSACTION_TIMEOUT
24217.73,7,69.1929801056796,0,ICICI,@okaxis,WRONG_DEBIT
1800.86,8,4.220103029924034,0,ICICI,@phonepe,TECHNICAL_DECLINE
30290.43,2,40.20079625565247,0,SBI,@okaxis,WRONG_DEBIT
17281.23,17,53.42310838171741,0,PNB,@upi,WRONG_DEBIT
16115.95,14,18.761186387612614,0,PNB,@okaxis,WRONG_DEBIT
13414.63,7,139.54615620742462,0,HDFC,@ybl,TRANSACTION_TIMEOUT
32365.96,15,0.1938845786574923,0,SBI,@paytm,WRONG_DEBIT
1304.57,0,8.601893870069,0,SBI,@phonepe,TECHNICAL_DECLINE
27024.85,0,71.60119401516053,0,ICICI,@okaxis,WRONG_DEBIT
833.1,2,9.651262838211146,0,HDFC,@upi,TECHNICAL_DECLINE
5926.81,14,18.454690604266876,1,BOB,@upi,DUPLICATE_TRANSACTION
12003.52,11,65.90437575500664,0,KOTAK,@okaxis,WRONG_DEBIT
13721.4,8,143.50798889815422,0,PNB,@upi,TRANSACTION_TIMEOUT
33037.57,17,38.91491264772583,0,ICICI,@ybl,WRONG_DEBIT
16166.06,14,16.120685012101863,0,AXIS,@phonepe,BENEFICIARY_NOT_CREDITED
14214.95,6,179.7766490501612,0,PNB,@gpay,TRANSACTION_TIMEOUT
72222.88,11,34.41461922427607,0,ICICI,@okaxis,BENEFICIARY_NOT_CREDITED
6069.62,0,124.47690768538581,0,KOTAK,@paytm,TRANSACTION_TIMEOUT
9798.9,16,157.4148064454875,0,KOTAK,@okaxis,TRANSACTION_TIMEOUT
19848.76,1,138.68029136631276,0,HDFC,@upi,TRANSACTION_TIMEOUT
30014.31,19,6.671262435177711,0,BOB,@upi,WRONG_DEBIT
86632.45,10,16.34321015587887,0,PNB,@gpay,BENEFICIARY_NOT_CREDITED
7633.59,3,98.96343619854233,0,SBI,@okaxis,TRANSACTION_TIMEOUT
56307.28,14,28.22256543231901,0,AXIS,@gpay,BENEFICIARY_NOT_CREDITED
6615.58,9,14.255990384137231,1,AXIS,@paytm,DUPLICATE_TRANSACTION
99422.4,11,25.505589470423306,0,SBI,@gpay,BENEFICIARY_NOT_CREDITED
4534.42,21,0.08412511432607017,0,AXIS,@phonepe,TECHNICAL_DECLINE
71261.23,13,81.2013653465389,0,PNB,@paytm,BENEFICIARY_NOT_CREDITED
3426.59,21,9.270906967304942,0,PNB,@gpay,TECHNICAL_DECLINE
22245.27,2,20.827832789040414,0,PNB,@paytm,WRONG_DEBIT
2904.25,23,2.926570377640046,0,SBI,@ybl,TECHNICAL_DECLINE
16097.74,13,68.10511926310137,0,AXIS,@gpay,TRANSACTION_TIMEOUT
3334.5,20,13.829232461916252,1,HDFC,@phonepe,DUPLICATE_TRANSACTION
9764.61,10,17.97696722466361,1,HDFC,@upi,DUPLICATE_TRANSACTION
1575.91,4,4.487643553569478,0,BOB,@okaxis,TECHNICAL_DECLINE
218.16,12,126.57436255362097,0,HDFC,@phonepe,TRANSACTION_TIMEOUT
19729.2,1,28.52831700815485,0,ICICI,@ybl,WRONG_DEBIT
18611.13,4,52.62725053895213,0,PNB,@paytm,WRONG_DEBIT
5393.04,0,142.82433470221486,0,KOTAK,@paytm,TRANSACTION_TIMEOUT
42993.1,18,3.153725047784252,0,HDFC,@gpay,WRONG_DEBIT
40294.16,7,46.01480682249739,0,ICICI,@phonepe,WRONG_DEBIT
330.72,12,8.135193972244188,1,PNB,@gpay,DUPLICATE_TRANSACTION
15163.82,18,119.05861706889642,0,KOTAK,@phonepe,TRANSACTION_TIMEOUT
8588.93,17,15.582414297648636,1,ICICI,@ybl,DUPLICATE_TRANSACTION
2572.0,22,38.408123426046785,0,HDFC,@gpay,WRONG_DEBIT
7041.46,15,190.03560314239496,0,PNB,@phonepe,TRANSACTION_TIMEOUT
81226.37,18,159.95381964660723,0,HDFC,@phonepe,BENEFICIARY_NOT_CREDITED
74843.08,18,48.01315305987094,0,SBI,@phonepe,BENEFICIARY_NOT_CREDITED
5186.57,9,13.378510597280856,1,PNB,@okaxis,DUPLICATE_TRANSACTION
35946.48,19,28.028854795142824,0,PNB,@phonepe,WRONG_DEBIT
1135.67,9,9.145068734601555,0,AXIS,@ybl,TECHNICAL_DECLINE
8682.86,17,19.06084722623147,1,SBI,@gpay,DUPLICATE_TRANSACTION
24716.84,15,3.7679706116959943,0,PNB,@ybl,WRONG_DEBIT
340.23,13,63.58743670024522,0,AXIS,@gpay,TRANSACTION_TIMEOUT
54405.2,9,75.75670648925747,0,SBI,@ybl,BENEFICIARY_NOT_CREDITED
7601.92,22,22.116133762497608,1,HDFC,@gpay,DUPLICATE_TRANSACTION
3597.86,9,8.783339471334433,1,SBI,@paytm,DUPLICATE_TRANSACTION
18785.5,6,49.024458291489616,0,HDFC,@ybl,WRONG_DEBIT
6825.97,18,22.827064649492407,1,AXIS,@ybl,DUPLICATE_TRANSACTION
15870.07,1,24.9739920937439,0,AXIS,@okaxis,WRONG_DEBIT
18733.64,5,18.407524271011297,0,HDFC,@gpay,WRONG_DEBIT
5948.23,12,10.61610327371972,1,SBI,@paytm,DUPLICATE_TRANSACTION
19375.72,23,161.29130059134783,0,ICICI,@paytm,TRANSACTION_TIMEOUT
69592.46,16,98.44861443405729,0,SBI,@upi,BENEFICIARY_NOT_CREDITED
2549.85,23,60.15269150799239,0,PNB,@okaxis,TRANSACTION_TIMEOUT
2704.43,13,11.573085910999268,0,SBI,@upi,TECHNICAL_DECLINE
11656.66,13,98.17485388389359,0,HDFC,@okaxis,TRANSACTION_TIMEOUT
2028.6,13,17.12359367739079,1,AXIS,@phonepe,DUPLICATE_TRANSACTION
2354.03,17,11.458146930359206,0,SBI,@upi,TECHNICAL_DECLINE
1078.6,5,195.52651313631893,0,PNB,@upi,TRANSACTION_TIMEOUT
16966.54,23,61.48273189658861,0,SBI,@gpay,TRANSACTION_TIMEOUT
40304.96,3,40.583660344509916,0,ICICI,@paytm,WRONG_DEBIT
1863.42,15,2.902746070952463,0,ICICI,@gpay,TECHNICAL_DECLINE
3523.15,6,9.433607758517176,0,ICICI,@gpay,TECHNICAL_DECLINE
4991.63,12,3.4691498511203767,0,HDFC,@gpay,TECHNICAL_DECLINE
4615.64,10,2.880876817979207,0,ICICI,@ybl,TECHNICAL_DECLINE
7583.64,18,147.21660277544268,0,SBI,@gpay,TRANSACTION_TIMEOUT
9520.62,7,142.53631846475534,0,PNB,@gpay,TRANSACTION_TIMEOUT
7237.21,21,8.115545985407632,1,ICICI,@paytm,DUPLICATE_TRANSACTION
2459.15,10,0.5205861166533783,1,HDFC,@phonepe,DUPLICATE_TRANSACTION
3356.41,19,13.600718680118241,0,BOB,@gpay,WRONG_DEBIT
1466.61,4,2.5490138198310746,0,SBI,@ybl,TECHNICAL_DECLINE
30272.03,16,10.753257513351553,0,KOTAK,@paytm,WRONG_DEBIT
6694.85,10,179.02668914782825,0,SBI,@phonepe,TRANSACTION_TIMEOUT
13120.35,15,10.61568473114124,0,AXIS,@phonepe,BENEFICIARY_NOT_CREDITED
11411.04,19,142.59503134008412,0,ICICI,@okaxis,TRANSACTION_TIMEOUT
1330.74,8,17.198904067099978,1,AXIS,@phonepe,DUPLICATE_TRANSACTION
2213.1,10,4.423321325801041,1,BOB,@ybl,DUPLICATE_TRANSACTION
9144.75,15,10.785607600350275,1,AXIS,@gpay,DUPLICATE_TRANSACTION
9398.41,14,21.28086728918133,1,KOTAK,@upi,DUPLICATE_TRANSACTION
47751.59,12,66.85774467519758,0,PNB,@ybl,WRONG_DEBIT
46283.1,14,0.24832867777456702,0,KOTAK,@phonepe,WRONG_DEBIT
11978.21,1,24.124181957797052,0,SBI,@gpay,WRONG_DEBIT
2566.77,9,1.6232645479000647,0,SBI,@paytm,TECHNICAL_DECLINE
32051.63,22,21.42080447383649,0,HDFC,@gpay,WRONG_DEBIT
5477.95,21,146.49657204760913,0,AXIS,@ybl,TRANSACTION_TIMEOUT
50880.79,15,76.72499864683608,0,ICICI,@phonepe,BENEFICIARY_NOT_CREDITED
4637.42,13,9.964877500525208,0,HDFC,@paytm,TECHNICAL_DECLINE
7095.23,11,19.316406102482674,1,PNB,@phonepe,DUPLICATE_TRANSACTION
17672.46,8,191.77136801605448,0,PNB,@paytm,TRANSACTION_TIMEOUT
57580.82,13,53.61523427342702,0,AXIS,@upi,BENEFICIARY_NOT_CREDITED
1123.44,16,11.103737999581337,0,KOTAK,@upi,TECHNICAL_DECLINE
3429.02,23,6.891784951565521,0,KOTAK,@upi,TECHNICAL_DECLINE
84290.3,18,132.86210885587033,0,SBI,@okaxis,BENEFICIARY_NOT_CREDITED
2193.52,18,8.881113912482933,0,SBI,@phonepe,TECHNICAL_DECLINE
43352.09,19,50.55841834568508,0,PNB,@gpay,WRONG_DEBIT
8253.11,20,20.937439162108646,1,SBI,@gpay,DUPLICATE_TRANSACTION
1404.7,11,23.408632026400138,1,SBI,@ybl,DUPLICATE_TRANSACTION
6625.04,5,51.739274676589595,0,KOTAK,@upi,WRONG_DEBIT
4047.35,2,7.926394689115041,0,HDFC,@phonepe,TECHNICAL_DECLINE
1512.75,10,2.7357411907444438,0,HDFC,@paytm,TECHNICAL_DECLINE
9204.38,14,31.459491531360896,0,PNB,@gpay,WRONG_DEBIT
9105.23,21,14.197881097585391,1,KOTAK,@upi,DUPLICATE_TRANSACTION
93935.16,13,29.82837441608844,0,PNB,@gpay,BENEFICIARY_NOT_CREDITED
40070.32,16,125.66938149311113,0,PNB,@ybl,BENEFICIARY_NOT_CREDITED
42377.51,16,37.89759589863385,0,ICICI,@gpay,WRONG_DEBIT
10564.61,17,146.63759471049895,0,HDFC,@phonepe,TRANSACTION_TIMEOUT
4865.4,9,0.8087104607760462,0,KOTAK,@paytm,TECHNICAL_DECLINE
13980.82,23,78.38913388611373,0,PNB,@phonepe,TRANSACTION_TIMEOUT
3247.93,12,3.671368134099718,0,PNB,@okaxis,TECHNICAL_DECLINE
2728.75,8,4.696980001732833,0,BOB,@upi,TECHNICAL_DECLINE
51773.73,16,105.12986750885621,0,KOTAK,@ybl,BENEFICIARY_NOT_CREDITED
8847.58,16,5.79460501153443,1,HDFC,@okaxis,DUPLICATE_TRANSACTION
3167.89,12,170.2057132880255,0,HDFC,@okaxis,TRANSACTION_TIMEOUT
28739.11,4,30.037020251337655,0,AXIS,@ybl,WRONG_DEBIT
173.35,14,7.7436365526310125,1,SBI,@upi,DUPLICATE_TRANSACTION
13719.24,13,192.56465323435532,0,SBI,@ybl,TRANSACTION_TIMEOUT
4740.41,10,3.933339245761144,0,BOB,@phonepe,TECHNICAL_DECLINE
7106.09,5,86.72438644975097,0,AXIS,@phonepe,TRANSACTION_TIMEOUT
441.74,12,37.7117924700795,0,SBI,@okaxis,WRONG_DEBIT
16186.3,4,92.25786131516537,0,HDFC,@phonepe,TRANSACTION_TIMEOUT
20794.69,11,18.385487790457304,0,HDFC,@gpay,WRONG_DEBIT
8928.56,21,7.260878072979231,1,HDFC,@okaxis,DUPLICATE_TRANSACTION
3096.95,9,0.05925930831315673,0,BOB,@gpay,TECHNICAL_DECLINE
5339.91,22,12.82585537399856,1,AXIS,@paytm,DUPLICATE_TRANSACTION
3900.1,10,9.846986842449185,0,BOB,@paytm,TECHNICAL_DECLINE
22686.5,7,29.39106659566598,0,HDFC,@okaxis,WRONG_DEBIT
81084.09,13,26.698446415538058,0,ICICI,@okaxis,BENEFICIARY_NOT_CREDITED
1309.19,1,169.19166923642416,0,SBI,@upi,TRANSACTION_TIMEOUT
27073.81,23,38.49653589785394,0,HDFC,@okaxis,WRONG_DEBIT
74797.4,12,45.942174885806146,0,KOTAK,@paytm,BENEFICIARY_NOT_CREDITED
3873.77,20,0.7945625624363859,0,KOTAK,@ybl,TECHNICAL_DECLINE
2475.48,18,10.531678451923609,0,ICICI,@phonepe,TECHNICAL_DECLINE
99008.25,17,45.877269292541975,0,ICICI,@phonepe,BENEFICIARY_NOT_CREDITED
12226.92,16,50.00374237761843,0,SBI,@paytm,TRANSACTION_TIMEOUT
4172.41,12,162.27239478437485,0,AXIS,@phonepe,TRANSACTION_TIMEOUT
4871.05,0,6.876442848611003,0,AXIS,@upi,TECHNICAL_DECLINE
5773.07,18,0.45212457566341246,1,SBI,@okaxis,DUPLICATE_TRANSACTION
321.27,21,11.79109243442384,0,HDFC,@gpay,TECHNICAL_DECLINE
1329.78,4,7.808083343974912,0,BOB,@paytm,TECHNICAL_DECLINE
9697.52,13,21.872341727694184,1,KOTAK,@gpay,DUPLICATE_TRANSACTION
52298.16,18,141.53579148246146,0,HDFC,@ybl,BENEFICIARY_NOT_CREDITED
8459.4,10,0.9808565188689835,1,HDFC,@okaxis,DUPLICATE_TRANSACTION
13333.26,15,91.42681861634358,0,AXIS,@ybl,TRANSACTION_TIMEOUT
61161.42,10,110.60310587706677,0,HDFC,@okaxis,BENEFICIARY_NOT_CREDITED
14782.5,21,127.44748644298649,0,ICICI,@gpay,TRANSACTION_TIMEOUT
25092.93,23,9.297823819630828,0,KOTAK,@phonepe,WRONG_DEBIT
4381.58,22,6.171635431585988,0,SBI,@paytm,TECHNICAL_DECLINE
2159.39,7,7.760434070210433,0,ICICI,@gpay,TECHNICAL_DECLINE
719.45,20,102.81036536269545,0,KOTAK,@ybl,TRANSACTION_TIMEOUT
3808.05,5,5.51095939457327,0,BOB,@ybl,TECHNICAL_DECLINE
92845.13,12,17.475715837137322,0,AXIS,@gpay,BENEFICIARY_NOT_CREDITED
19259.06,5,60.72655566413399,0,ICICI,@upi,WRONG_DEBIT
18639.37,16,66.47925150643007,0,BOB,@paytm,WRONG_DEBIT
10863.56,4,92.82495944499067,0,ICICI,@ybl,TRANSACTION_TIMEOUT
82259.38,18,53.17234807604066,0,KOTAK,@okaxis,BENEFICIARY_NOT_CREDITED
4196.28,13,11.13421262676381,0,ICICI,@gpay,TECHNICAL_DECLINE
14526.16,7,147.37203371533076,0,HDFC,@ybl,TRANSACTION_TIMEOUT
2562.68,18,0.32369845932984553,0,ICICI,@gpay,TECHNICAL_DECLINE
4768.11,21,13.757012675395133,1,HDFC,@upi,DUPLICATE_TRANSACTION
6395.53,8,180.6840072387225,0,PNB,@okaxis,TRANSACTION_TIMEOUT
1207.01,17,90.64633181026437,0,AXIS,@ybl,TRANSACTION_TIMEOUT
1682.51,8,0.8472158277439981,0,BOB,@ybl,TECHNICAL_DECLINE
9978.35,10,78.78380705556988,0,KOTAK,@paytm,TRANSACTION_TIMEOUT
2749.86,21,0.477498547106348,0,AXIS,@upi,TECHNICAL_DECLINE
4681.41,9,8.465816721293722,1,HDFC,@phonepe,DUPLICATE_TRANSACTION
12090.31,17,136.31669454261652,0,SBI,@okaxis,TRANSACTION_TIMEOUT
3834.32,20,4.6872787327451935,0,AXIS,@okaxis,TECHNICAL_DECLINE
5104.73,16,12.281434436433411,1,AXIS,@gpay,DUPLICATE_TRANSACTION
211.99,4,11.513817878087835,0,PNB,@ybl,TECHNICAL_DECLINE
1677.54,7,138.23902890585745,0,PNB,@paytm,TRANSACTION_TIMEOUT
1233.71,18,18.872430443984285,1,KOTAK,@paytm,DUPLICATE_TRANSACTION
73953.66,17,147.7084943489416,0,KOTAK,@paytm,BENEFICIARY_NOT_CREDITED
9291.14,18,18.938679016832182,1,KOTAK,@upi,DUPLICATE_TRANSACTION
16961.96,3,125.63302061398659,0,ICICI,@paytm,TRANSACTION_TIMEOUT
240.15,12,106.97964349926136,0,BOB,@okaxis,TRANSACTION_TIMEOUT
43666.51,1,32.737074808789934,0,ICICI,@gpay,WRONG_DEBIT
15608.78,18,132.33521561238717,0,AXIS,@okaxis,TRANSACTION_TIMEOUT
4477.98,7,3.2988114868362906,0,PNB,@okaxis,TECHNICAL_DECLINE
13260.92,19,185.12226227690618,0,HDFC,@gpay,TRANSACTION_TIMEOUT
4901.75,16,55.75990650698809,0,KOTAK,@okaxis,BENEFICIARY_NOT_CREDITED
17258.82,23,179.48475022795452,0,ICICI,@phonepe,TRANSACTION_TIMEOUT
69206.44,9,134.66112249569602,0,AXIS,@gpay,BENEFICIARY_NOT_CREDITED
38320.51,21,64.71345138065053,0,ICICI,@paytm,WRONG_DEBIT
33262.32,9,114.78470826874921,0,BOB,@phonepe,BENEFICIARY_NOT_CREDITED
13554.77,1,102.33641269282037,0,PNB,@paytm,TRANSACTION_TIMEOUT
2444.36,19,8.10602231715686,0,PNB,@gpay,TECHNICAL_DECLINE
1441.86,8,3.160890255395693,0,SBI,@phonepe,TECHNICAL_DECLINE
2733.24,3,11.662303007514765,0,SBI,@paytm,TECHNICAL_DECLINE
88832.51,9,109.7839180797161,0,PNB,@paytm,BENEFICIARY_NOT_CREDITED
9368.47,18,19.038691220767035,1,BOB,@paytm,DUPLICATE_TRANSACTION
4065.9,15,2.731940089040876,1,PNB,@ybl,DUPLICATE_TRANSACTION
3048.53,23,0.4496938511233912,0,PNB,@ybl,TECHNICAL_DECLINE
12396.41,17,56.12239584925749,0,ICICI,@gpay,TRANSACTION_TIMEOUT
80527.51,13,60.645802983647066,0,KOTAK,@phonepe,BENEFICIARY_NOT_CREDITED
41495.36,16,96.94233124929873,0,SBI,@paytm,BENEFICIARY_NOT_CREDITED
8212.09,14,17.415101562063356,1,AXIS,@phonepe,DUPLICATE_TRANSACTION
3413.04,6,67.5094843633421,0,KOTAK,@phonepe,WRONG_DEBIT
4450.73,15,124.91685191251028,0,ICICI,@paytm,TRANSACTION_TIMEOUT
58438.07,16,62.13059775272015,0,PNB,@gpay,BENEFICIARY_NOT_CREDITED
4559.06,21,1.7676256891381485,0,AXIS,@gpay,TECHNICAL_DECLINE
25501.29,17,55.729670088729414,0,ICICI,@upi,WRONG_DEBIT
6921.59,2,23.862724484973864,0,SBI,@upi,WRONG_DEBIT
64432.03,12,38.84873728628014,0,SBI,@paytm,BENEFICIARY_NOT_CREDITED
17105.28,23,104.6729397362756,0,KOTAK,@phonepe,TRANSACTION_TIMEOUT
53985.64,18,73.28769347902532,0,AXIS,@paytm,BENEFICIARY_NOT_CREDITED
18216.6,9,92.3288174926921,0,AXIS,@ybl,TRANSACTION_TIMEOUT
39183.23,10,58.67794469060561,0,PNB,@okaxis,BENEFICIARY_NOT_CREDITED
54704.55,10,154.90354502743207,0,AXIS,@phonepe,BENEFICIARY_NOT_CREDITED
663.03,2,5.303441405558948,0,SBI,@paytm,TECHNICAL_DECLINE
8985.84,9,12.32688683230955,1,HDFC,@ybl,DUPLICATE_TRANSACTION
2803.88,20,10.00955020869898,0,SBI,@paytm,TECHNICAL_DECLINE
7898.58,12,20.106651176236404,1,PNB,@ybl,DUPLICATE_TRANSACTION
14011.1,1,155.19547672421785,0,SBI,@okaxis,TRANSACTION_TIMEOUT
6970.55,20,10.793963722193515,1,HDFC,@upi,DUPLICATE_TRANSACTION
5955.76,19,20.626285873420525,1,KOTAK,@ybl,DUPLICATE_TRANSACTION
66611.57,12,163.17260324667512,0,BOB,@paytm,BENEFICIARY_NOT_CREDITED
4305.05,21,15.225957575061477,1,PNB,@paytm,DUPLICATE_TRANSACTION
3657.44,18,4.613649908341184,0,BOB,@gpay,TECHNICAL_DECLINE
27935.73,6,29.924360656380898,0,AXIS,@ybl,WRONG_DEBIT
30029.18,12,71.27623294230645,0,AXIS,@ybl,WRONG_DEBIT
174.63,10,53.7555951802377,0,ICICI,@phonepe,WRONG_DEBIT
8131.95,22,0.769718909459221,1,BOB,@gpay,DUPLICATE_TRANSACTION
6832.49,11,6.447956910202245,1,KOTAK,@okaxis,DUPLICATE_TRANSACTION
3711.29,6,52.21425789233822,0,AXIS,@okaxis,WRONG_DEBIT
8921.92,15,8.594002178406171,1,PNB,@paytm,DUPLICATE_TRANSACTION
23770.21,14,44.22730926570304,0,SBI,@gpay,WRONG_DEBIT
27969.78,15,21.08970382672611,0,SBI,@paytm,BENEFICIARY_NOT_CREDITED
904.6,7,9.322368787975325,0,SBI,@paytm,TECHNICAL_DECLINE
6150.5,12,186.01077961024245,0,AXIS,@phonepe,TRANSACTION_TIMEOUT
8698.68,14,19.525346884586785,1,HDFC,@okaxis,DUPLICATE_TRANSACTION
5002.02,4,105.70072735223295,0,HDFC,@okaxis,TRANSACTION_TIMEOUT
3933.24,11,8.820769241863122,0,PNB,@ybl,TECHNICAL_DECLINE
3205.16,11,6.9917740307390925,0,ICICI,@upi,TECHNICAL_DECLINE
4911.08,15,9.015098306681129,1,SBI,@paytm,DUPLICATE_TRANSACTION
60981.67,9,37.127425826028755,0,BOB,@okaxis,BENEFICIARY_NOT_CREDITED
746.77,11,125.0728338797698,0,SBI,@phonepe,BENEFICIARY_NOT_CREDITED
36457.51,6,59.88553097433569,0,BOB,@phonepe,WRONG_DEBIT
92573.28,13,147.1258069555277,0,AXIS,@ybl,BENEFICIARY_NOT_CREDITED
1887.62,22,12.862648170356836,1,KOTAK,@paytm,DUPLICATE_TRANSACTION
47147.79,12,160.76924572126566,0,HDFC,@phonepe,BENEFICIARY_NOT_CREDITED
27961.34,10,63.42315786829964,0,AXIS,@phonepe,BENEFICIARY_NOT_CREDITED
4164.35,4,4.291177340697794,0,HDFC,@phonepe,TECHNICAL_DECLINE
2344.14,16,5.598680608538873,0,BOB,@phonepe,TECHNICAL_DECLINE
728.92,21,16.516888083471756,1,SBI,@paytm,DUPLICATE_TRANSACTION
1678.93,7,5.289747073848286,0,PNB,@ybl,TECHNICAL_DECLINE
1985.7,6,55.86866392308093,0,KOTAK,@phonepe,TRANSACTION_TIMEOUT
352.83,3,8.677039923969827,0,KOTAK,@ybl,TECHNICAL_DECLINE
949.16,11,13.975130453880023,1,SBI,@paytm,DUPLICATE_TRANSACTION
12583.51,13,34.65943812213814,0,AXIS,@gpay,WRONG_DEBIT
47269.9,0,34.983737181775936,0,KOTAK,@paytm,WRONG_DEBIT
2334.93,1,7.381673515265106,0,AXIS,@upi,TECHNICAL_DECLINE
1668.41,9,1.546487003326578,0,BOB,@ybl,TECHNICAL_DECLINE
20386.65,17,46.92224309090812,0,HDFC,@gpay,WRONG_DEBIT
16457.17,21,78.0842346932549,0,BOB,@upi,TRANSACTION_TIMEOUT
18677.16,8,12.902821562323492,0,PNB,@gpay,WRONG_DEBIT
20271.79,1,13.297405347653568,0,HDFC,@gpay,WRONG_DEBIT
2215.51,10,11.721681622895472,0,PNB,@phonepe,TECHNICAL_DECLINE
33796.48,4,12.110376631901241,0,PNB,@paytm,WRONG_DEBIT
14534.88,4,1.9662117739583476,0,AXIS,@ybl,WRONG_DEBIT
5244.53,2,18.438807957042837,0,PNB,@okaxis,WRONG_DEBIT
794.17,3,11.797247158877516,0,AXIS,@ybl,TECHNICAL_DECLINE
2137.49,19,12.463362897750649,1,ICICI,@gpay,DUPLICATE_TRANSACTION
2850.97,8,23.789131221684713,1,ICICI,@okaxis,DUPLICATE_TRANSACTION
1923.47,10,1.1325969765969939,1,AXIS,@gpay,DUPLICATE_TRANSACTION
4870.73,21,53.219534368845395,0,BOB,@paytm,WRONG_DEBIT
5782.2,6,18.43387066171561,0,SBI,@gpay,WRONG_DEBIT
5801.17,11,5.467798168970766,1,ICICI,@phonepe,DUPLICATE_TRANSACTION
5218.53,9,19.11856971049498,1,ICICI,@gpay,DUPLICATE_TRANSACTION
1345.4,13,8.15129893570914,0,SBI,@gpay,TECHNICAL_DECLINE
3112.36,16,9.593467408132737,1,BOB,@phonepe,DUPLICATE_TRANSACTION
2269.32,0,2.079151713583667,0,KOTAK,@okaxis,TECHNICAL_DECLINE
8645.04,8,74.42788142937655,0,HDFC,@upi,TRANSACTION_TIMEOUT
4758.7,7,5.247184909911828,0,AXIS,@upi,TECHNICAL_DECLINE
12539.54,7,90.06264266822035,0,KOTAK,@okaxis,TRANSACTION_TIMEOUT
18146.02,16,139.67304100657185,0,SBI,@ybl,BENEFICIARY_NOT_CREDITED
16796.96,5,71.80407449321955,0,AXIS,@phonepe,WRONG_DEBIT
56490.69,10,45.67434925946237,0,BOB,@ybl,BENEFICIARY_NOT_CREDITED
3760.35,11,20.936098630353374,1,KOTAK,@paytm,DUPLICATE_TRANSACTION
4589.0,13,3.6017556582593664,0,SBI,@ybl,TECHNICAL_DECLINE
22307.96,15,142.7823349619509,0,PNB,@phonepe,BENEFICIARY_NOT_CREDITED
2956.58,15,18.658912716942314,1,SBI,@ybl,DUPLICATE_TRANSACTION
14421.62,21,83.46543618578991,0,ICICI,@okaxis,TRANSACTION_TIMEOUT
3523.84,22,11.111200190280867,0,ICICI,@upi,TECHNICAL_DECLINE
2802.08,10,8.975251995012908,0,ICICI,@phonepe,TECHNICAL_DECLINE
8786.55,19,18.11947721062056,1,AXIS,@ybl,DUPLICATE_TRANSACTION
838.6,3,4.06505714131782,0,HDFC,@gpay,TECHNICAL_DECLINE
17281.88,22,189.96978532961646,0,ICICI,@upi,TRANSACTION_TIMEOUT
4662.98,10,3.2574413906785082,0,PNB,@phonepe,TECHNICAL_DECLINE
11015.72,16,161.86060137475442,0,ICICI,@upi,TRANSACTION_TIMEOUT
228.06,3,4.719556575780725,0,KOTAK,@gpay,TECHNICAL_DECLINE
56767.92,18,107.69888531768936,0,KOTAK,@okaxis,BENEFICIARY_NOT_CREDITED
3957.91,2,4.983366706625953,0,SBI,@gpay,TECHNICAL_DECLINE
508.18,12,10.763246546531754,0,KOTAK,@upi,TECHNICAL_DECLINE
6976.92,9,0.7014463385659084,1,HDFC,@ybl,DUPLICATE_TRANSACTION
4792.44,14,1.4143374809379008,1,PNB,@gpay,DUPLICATE_TRANSACTION
47154.94,8,38.613993795031384,0,AXIS,@ybl,WRONG_DEBIT
4528.8,0,6.671183368227252,0,ICICI,@ybl,TECHNICAL_DECLINE
57597.16,10,23.013090271714564,0,HDFC,@phonepe,BENEFICIARY_NOT_CREDITED
15696.71,18,164.76848790998184,0,BOB,@ybl,TRANSACTION_TIMEOUT
3760.48,20,90.25161552001498,0,ICICI,@upi,TRANSACTION_TIMEOUT
4958.33,20,1.9733733584225543,0,BOB,@upi,TECHNICAL_DECLINE
34775.03,15,35.25417468820438,0,BOB,@gpay,BENEFICIARY_NOT_CREDITED
633.54,4,8.976614528663251,0,KOTAK,@okaxis,TECHNICAL_DECLINE
1629.14,15,138.05012159521723,0,SBI,@okaxis,BENEFICIARY_NOT_CREDITED
49674.45,3,13.069588946001534,0,AXIS,@upi,WRONG_DEBIT
14400.25,18,117.94501690150454,0,KOTAK,@ybl,TRANSACTION_TIMEOUT
19792.53,0,110.57747482994989,0,KOTAK,@gpay,TRANSACTION_TIMEOUT
3353.5,17,2.6625012218108424,1,HDFC,@ybl,DUPLICATE_TRANSACTION
8573.43,18,1.9828724278388705,0,AXIS,@upi,WRONG_DEBIT
5720.1,12,17.55315856667182,1,HDFC,@paytm,DUPLICATE_TRANSACTION
2341.57,12,23.329507518749864,1,ICICI,@ybl,DUPLICATE_TRANSACTION
16681.29,21,169.61635743959255,0,PNB,@phonepe,TRANSACTION_TIMEOUT
3993.37,9,0.5470856868199632,0,KOTAK,@okaxis,TECHNICAL_DECLINE
9316.79,9,160.48723943444725,0,BOB,@ybl,BENEFICIARY_NOT_CREDITED
12049.86,1,59.23484175715056,0,SBI,@okaxis,TRANSACTION_TIMEOUT
5276.1,0,70.22300985731673,0,KOTAK,@upi,WRONG_DEBIT
3348.29,2,9.259908737979705,0,HDFC,@phonepe,TECHNICAL_DECLINE
8946.96,8,3.6125311606473023,1,KOTAK,@ybl,DUPLICATE_TRANSACTION
18524.01,12,187.22875167975027,0,HDFC,@upi,TRANSACTION_TIMEOUT
43820.93,19,2.8479959498661884,0,SBI,@gpay,WRONG_DEBIT
47743.18,6,18.562821061461992,0,PNB,@phonepe,WRONG_DEBIT
55574.96,11,167.40099594746223,0,ICICI,@phonepe,BENEFICIARY_NOT_CREDITED
839.4,8,16.688614632735614,1,KOTAK,@upi,DUPLICATE_TRANSACTION
24334.61,18,7.177632203619479,0,KOTAK,@ybl,WRONG_DEBIT
4083.89,15,7.119506937081468,0,PNB,@paytm,WRONG_DEBIT
2408.52,4,166.96901496667152,0,HDFC,@okaxis,TRANSACTION_TIMEOUT
92659.17,9,167.39191552702272,0,SBI,@ybl,BENEFICIARY_NOT_CREDITED
8162.44,16,40.00646914404859,0,PNB,@paytm,WRONG_DEBIT
9655.56,11,141.34391822750982,0,AXIS,@upi,BENEFICIARY_NOT_CREDITED
32052.82,16,156.95906597698078,0,HDFC,@okaxis,BENEFICIARY_NOT_CREDITED
9700.55,15,20.379195840968443,1,SBI,@ybl,DUPLICATE_TRANSACTION
5961.82,13,76.50338909022389,0,HDFC,@gpay,TRANSACTION_TIMEOUT
3964.23,2,0.4501106963727479,0,PNB,@ybl,TECHNICAL_DECLINE
61659.29,10,110.82275985658809,0,AXIS,@paytm,BENEFICIARY_NOT_CREDITED
4993.9,5,2.994043139345839,0,ICICI,@paytm,TECHNICAL_DECLINE
28753.91,9,13.714571115134241,0,ICICI,@paytm,BENEFICIARY_NOT_CREDITED
22170.6,9,69.63109528770744,0,PNB,@ybl,BENEFICIARY_NOT_CREDITED
3946.51,14,13.148820207107823,1,BOB,@phonepe,DUPLICATE_TRANSACTION
17138.46,14,30.30856033808891,0,PNB,@ybl,BENEFICIARY_NOT_CREDITED
89395.41,9,24.201424074995725,0,SBI,@phonepe,BENEFICIARY_NOT_CREDITED
14441.21,2,190.0040592815964,0,AXIS,@okaxis,TRANSACTION_TIMEOUT
3026.33,19,3.311006830984032,0,KOTAK,@phonepe,TECHNICAL_DECLINE
7869.49,9,125.01590262854388,0,KOTAK,@gpay,TRANSACTION_TIMEOUT
1628.21,3,42.54098939381121,0,PNB,@upi,WRONG_DEBIT
43552.25,14,157.82637574366584,0,AXIS,@gpay,BENEFICIARY_NOT_CREDITED
36724.14,17,50.47269732540563,0,ICICI,@gpay,BENEFICIARY_NOT_CREDITED
12799.22,2,117.26408010513686,0,AXIS,@ybl,TRANSACTION_TIMEOUT
7628.17,13,9.722246712498364,1,HDFC,@phonepe,DUPLICATE_TRANSACTION
17491.9,15,51.428413009846196,0,HDFC,@paytm,TRANSACTION_TIMEOUT
85972.63,13,19.57567745510474,0,ICICI,@paytm,BENEFICIARY_NOT_CREDITED
10233.96,13,178.8941768062484,0,SBI,@paytm,TRANSACTION_TIMEOUT
2280.89,3,10.523385465605386,0,HDFC,@upi,TECHNICAL_DECLINE
8242.64,19,56.96716164195539,0,SBI,@paytm,TRANSACTION_TIMEOUT
2797.95,4,49.171566424520925,0,AXIS,@gpay,TRANSACTION_TIMEOUT
5064.87,9,2.921150985570134,1,BOB,@upi,DUPLICATE_TRANSACTION
1486.07,10,13.253140595212557,1,ICICI,@gpay,DUPLICATE_TRANSACTION
859.61,0,6.432600463424741,0,AXIS,@phonepe,TECHNICAL_DECLINE
5307.49,13,23.998169411300843,1,KOTAK,@okaxis,DUPLICATE_TRANSACTION
3679.0,13,16.408995781207757,0,PNB,@okaxis,BENEFICIARY_NOT_CREDITED
45510.93,10,39.10489563118884,0,BOB,@paytm,BENEFICIARY_NOT_CREDITED
46807.02,11,48.024996415812446,0,BOB,@phonepe,WRONG_DEBIT
3254.98,20,22.64829798513584,1,ICICI,@gpay,DUPLICATE_TRANSACTION
3001.04,0,9.498547994746051,0,AXIS,@phonepe,TECHNICAL_DECLINE
32013.87,21,25.87566301873461,0,AXIS,@okaxis,WRONG_DEBIT
29979.87,14,37.741741368912265,0,HDFC,@gpay,WRONG_DEBIT
184.25,2,0.28475563779070523,0,SBI,@paytm,TECHNICAL_DECLINE
1509.72,22,11.318666994222554,0,ICICI,@phonepe,TECHNICAL_DECLINE
30701.9,4,56.63831990116907,0,KOTAK,@paytm,WRONG_DEBIT
29147.17,17,69.46839780791001,0,AXIS,@phonepe,BENEFICIARY_NOT_CREDITED
5550.97,10,2.040058787147893,1,KOTAK,@upi,DUPLICATE_TRANSACTION
4639.06,7,0.2708738194876208,0,ICICI,@phonepe,TECHNICAL_DECLINE
19628.64,17,145.6562621889711,0,HDFC,@upi,TRANSACTION_TIMEOUT
4700.13,17,18.554613789691096,1,PNB,@gpay,DUPLICATE_TRANSACTION
11173.74,21,44.68068662455487,0,PNB,@ybl,WRONG_DEBIT
93150.73,12,138.2772242227415,0,AXIS,@okaxis,BENEFICIARY_NOT_CREDITED
167.33,10,6.630595146700402,0,SBI,@ybl,TECHNICAL_DECLINE
59439.47,13,117.54474779428561,0,HDFC,@okaxis,BENEFICIARY_NOT_CREDITED
19063.96,9,140.29730109117932,0,KOTAK,@ybl,BENEFICIARY_NOT_CREDITED
3224.4,22,3.5764477872210234,0,ICICI,@okaxis,TECHNICAL_DECLINE
4024.91,13,0.17727214490731136,0,HDFC,@upi,TECHNICAL_DECLINE
19486.51,13,33.09823782237378,0,ICICI,@ybl,WRONG_DEBIT
37439.84,9,14.860056829789443,0,SBI,@gpay,BENEFICIARY_NOT_CREDITED
8346.05,7,111.57471451841357,0,KOTAK,@paytm,TRANSACTION_TIMEOUT
58980.72,17,10.78389724628806,0,SBI,@gpay,BENEFICIARY_NOT_CREDITED
25650.21,6,34.48156538641295,0,AXIS,@okaxis,WRONG_DEBIT
887.57,19,10.186554229060082,0,SBI,@phonepe,TECHNICAL_DECLINE
46253.28,16,144.5667721470405,0,ICICI,@phonepe,BENEFICIARY_NOT_CREDITED
26622.04,21,13.261370430200962,0,PNB,@gpay,WRONG_DEBIT
17823.84,13,86.5513899683666,0,BOB,@paytm,BENEFICIARY_NOT_CREDITED
8461.64,11,52.40497331672926,0,PNB,@phonepe,BENEFICIARY_NOT_CREDITED
25036.75,15,101.25888188211668,0,SBI,@okaxis,BENEFICIARY_NOT_CREDITED
31874.87,13,142.256037628404,0,KOTAK,@paytm,BENEFICIARY_NOT_CREDITED
3564.93,15,133.59113790815246,0,AXIS,@paytm,TRANSACTION_TIMEOUT
2847.75,13,10.8522815218152,1,ICICI,@gpay,DUPLICATE_TRANSACTION
6605.87,17,19.075877190459448,1,PNB,@okaxis,DUPLICATE_TRANSACTION
36204.22,12,142.67001990071438,0,SBI,@upi,BENEFICIARY_NOT_CREDITED
4615.95,4,6.304328833837051,0,ICICI,@paytm,TECHNICAL_DECLINE
2515.45,11,102.0518446092227,0,AXIS,@gpay,BENEFICIARY_NOT_CREDITED
3040.46,14,1.8951796083934984,0,AXIS,@phonepe,TECHNICAL_DECLINE
6042.36,21,3.144527082403206,1,SBI,@paytm,DUPLICATE_TRANSACTION
9333.81,5,185.5862253466395,0,SBI,@upi,TRANSACTION_TIMEOUT
5944.37,22,9.746884950837444,1,KOTAK,@gpay,DUPLICATE_TRANSACTION
17182.91,0,108.22469259527475,0,ICICI,@phonepe,TRANSACTION_TIMEOUT
48561.71,3,60.40810966942627,0,KOTAK,@gpay,WRONG_DEBIT
321.27,17,9.362820262100193,0,BOB,@phonepe,TECHNICAL_DECLINE
9328.83,1,30.09505306821924,0,PNB,@okaxis,WRONG_DEBIT
5401.52,7,46.29506076524661,0,ICICI,@phonepe,WRONG_DEBIT
1205.9,19,5.84656281036907,0,KOTAK,@paytm,TECHNICAL_DECLINE
3000.93,0,13.234113000547799,0,KOTAK,@upi,WRONG_DEBIT
43313.55,15,25.419557465332588,0,BOB,@phonepe,BENEFICIARY_NOT_CREDITED
14339.29,21,90.67749096752783,0,AXIS,@paytm,TRANSACTION_TIMEOUT
3725.81,11,11.637929463359901,0,SBI,@paytm,TECHNICAL_DECLINE
11629.41,19,171.40811092089683,0,ICICI,@gpay,TRANSACTION_TIMEOUT
14354.17,11,52.340854599130914,0,ICICI,@gpay,WRONG_DEBIT
920.15,14,15.621349566136232,1,AXIS,@ybl,DUPLICATE_TRANSACTION
3865.06,9,3.977971885518235,0,SBI,@ybl,TECHNICAL_DECLINE
83867.75,16,3.1457060996890935,0,PNB,@paytm,BENEFICIARY_NOT_CREDITED
1548.97,11,2.3497405062030987,0,KOTAK,@upi,TECHNICAL_DECLINE
46007.84,21,32.49790243901696,0,AXIS,@ybl,WRONG_DEBIT
14258.82,10,56.878823789800165,0,ICICI,@upi,TRANSACTION_TIMEOUT
12997.24,13,58.16826333853069,0,HDFC,@okaxis,TRANSACTION_TIMEOUT
5582.37,21,16.80703687334114,1,SBI,@ybl,DUPLICATE_TRANSACTION
369.23,21,0.8901492473918404,0,PNB,@okaxis,TECHNICAL_DECLINE
7878.4,7,4.9858181522221505,0,HDFC,@ybl,WRONG_DEBIT
12558.67,21,188.958858394276,0,HDFC,@ybl,TRANSACTION_TIMEOUT
12688.96,6,98.96554456206646,0,ICICI,@gpay,TRANSACTION_TIMEOUT
6871.16,9,12.939625803661773,1,KOTAK,@gpay,DUPLICATE_TRANSACTION
43463.33,12,58.94895224105299,0,KOTAK,@upi,WRONG_DEBIT
64888.59,14,70.15220659860914,0,AXIS,@paytm,BENEFICIARY_NOT_CREDITED
14374.74,4,43.651729870088175,0,ICICI,@paytm,WRONG_DEBIT
1543.01,23,17.6285674024822,0,BOB,@phonepe,WRONG_DEBIT
5741.0,16,13.550383670544122,1,PNB,@gpay,DUPLICATE_TRANSACTION
7060.09,9,4.972297872877339,1,SBI,@ybl,DUPLICATE_TRANSACTION
60144.1,17,143.19326966610925,0,AXIS,@okaxis,BENEFICIARY_NOT_CREDITED
1355.42,15,18.119177692730737,1,KOTAK,@upi,DUPLICATE_TRANSACTION
10776.51,17,34.684808379722455,0,PNB,@ybl,BENEFICIARY_NOT_CREDITED
6915.72,2,182.12246684570323,0,SBI,@gpay,TRANSACTION_TIMEOUT
783.36,3,1.18034208824723,0,SBI,@upi,TECHNICAL_DECLINE
40744.8,11,11.784057694850206,0,AXIS,@ybl,WRONG_DEBIT
18806.92,16,145.58837341095284,0,ICICI,@phonepe,BENEFICIARY_NOT_CREDITED
40293.56,15,13.181666311073824,0,SBI,@phonepe,WRONG_DEBIT
22450.43,12,82.66449428856697,0,BOB,@phonepe,BENEFICIARY_NOT_CREDITED
6348.91,12,141.26644867157768,0,AXIS,@phonepe,TRANSACTION_TIMEOUT
2262.31,9,7.0641669117683605,0,ICICI,@gpay,TECHNICAL_DECLINE
81507.52,18,49.09250496523344,0,SBI,@paytm,BENEFICIARY_NOT_CREDITED
15410.67,20,9.942465116626781,0,HDFC,@ybl,WRONG_DEBIT
735.11,18,5.025679736762438,0,AXIS,@okaxis,TECHNICAL_DECLINE
85945.45,11,137.6767132524552,0,HDFC,@ybl,BENEFICIARY_NOT_CREDITED
7531.87,22,10.02937490540062,1,AXIS,@gpay,DUPLICATE_TRANSACTION
4728.82,23,3.8349202307003756,0,HDFC,@okaxis,TECHNICAL_DECLINE
11727.71,6,87.12489569255598,0,SBI,@gpay,TRANSACTION_TIMEOUT
6636.42,3,21.683647926674844,0,BOB,@upi,WRONG_DEBIT
90152.92,11,25.606492634858856,0,ICICI,@phonepe,BENEFICIARY_NOT_CREDITED
9283.23,22,190.10755754932336,0,PNB,@upi,TRANSACTION_TIMEOUT
14415.04,11,70.01753344742772,0,PNB,@okaxis,WRONG_DEBIT
17173.59,4,104.78420676041426,0,BOB,@okaxis,TRANSACTION_TIMEOUT
69962.39,9,77.64556297694122,0,ICICI,@gpay,BENEFICIARY_NOT_CREDITED
2695.53,2,3.5112592982754296,0,KOTAK,@upi,TECHNICAL_DECLINE
7764.3,11,10.672977026422203,1,PNB,@gpay,DUPLICATE_TRANSACTION
46330.59,22,50.62753429576967,0,SBI,@paytm,WRONG_DEBIT
9815.93,23,115.68058843751332,0,AXIS,@gpay,TRANSACTION_TIMEOUT
12639.79,21,69.37496472152142,0,BOB,@okaxis,TRANSACTION_TIMEOUT
4089.18,3,58.23926906468575,0,ICICI,@gpay,TRANSACTION_TIMEOUT
41103.13,1,64.17657452780234,0,PNB,@upi,WRONG_DEBIT
1531.67,8,1.518002216908179,0,BOB,@phonepe,TECHNICAL_DECLINE
1097.35,6,5.074315296034391,0,AXIS,@upi,TECHNICAL_DECLINE
1967.03,16,1.9966273550842497,0,PNB,@okaxis,TECHNICAL_DECLINE
2086.81,23,8.880793926549325,0,HDFC,@upi,TECHNICAL_DECLINE
3873.79,21,8.053636128922996,1,PNB,@phonepe,DUPLICATE_TRANSACTION
4595.04,13,10.520496986745108,0,KOTAK,@gpay,TECHNICAL_DECLINE
28158.33,11,66.04033564172735,0,SBI,@okaxis,WRONG_DEBIT
5774.86,6,10.481136343119065,0,KOTAK,@phonepe,WRONG_DEBIT
45414.03,6,26.942430165366314,0,BOB,@upi,WRONG_DEBIT
3964.52,10,21.007693143101925,0,HDFC,@ybl,WRONG_DEBIT
78814.77,17,120.4709988041532,0,PNB,@upi,BENEFICIARY_NOT_CREDITED
27090.58,1,15.605073783691381,0,KOTAK,@upi,WRONG_DEBIT
2927.68,23,8.823574575995414,0,SBI,@phonepe,TECHNICAL_DECLINE
3156.43,1,19.57962651121095,0,HDFC,@phonepe,WRONG_DEBIT
7760.75,16,99.66942998415875,0,PNB,@gpay,TRANSACTION_TIMEOUT
19497.75,10,46.831557445329544,0,PNB,@gpay,BENEFICIARY_NOT_CREDITED
6274.86,10,101.54406884956543,0,HDFC,@gpay,TRANSACTION_TIMEOUT
31260.82,0,7.423869568083855,0,AXIS,@okaxis,WRONG_DEBIT
38452.6,16,19.3683058421219,0,BOB,@ybl,BENEFICIARY_NOT_CREDITED
1385.09,2,11.544799172324662,0,KOTAK,@paytm,TECHNICAL_DECLINE
8896.91,20,21.88553249664151,1,HDFC,@ybl,DUPLICATE_TRANSACTION
2682.86,17,7.750056508477112,0,ICICI,@ybl,TECHNICAL_DECLINE
21852.98,3,26.33858201763701,0,AXIS,@ybl,WRONG_DEBIT
4891.05,3,1.0222494514659242,0,KOTAK,@ybl,TECHNICAL_DECLINE
8826.96,18,159.84815988202863,0,KOTAK,@gpay,TRANSACTION_TIMEOUT
1682.33,9,11.435769594273292,1,HDFC,@upi,DUPLICATE_TRANSACTION
86551.33,14,162.93097767606235,0,KOTAK,@gpay,BENEFICIARY_NOT_CREDITED
19364.34,14,108.48517760658854,0,HDFC,@okaxis,BENEFICIARY_NOT_CREDITED
42487.21,16,118.83340613575163,0,KOTAK,@phonepe,BENEFICIARY_NOT_CREDITED
3710.99,11,23.697333320522027,1,KOTAK,@upi,DUPLICATE_TRANSACTION
3875.27,16,1.9571336462159743,0,ICICI,@ybl,TECHNICAL_DECLINE
13223.22,3,119.15493543165975,0,BOB,@upi,TRANSACTION_TIMEOUT
6769.51,1,58.113447007243,0,SBI,@okaxis,TRANSACTION_TIMEOUT
92938.54,15,92.52485224585627,0,KOTAK,@gpay,BENEFICIARY_NOT_CREDITED
40757.88,6,0.46512516526127623,0,BOB,@okaxis,WRONG_DEBIT
20848.6,16,30.854508183831747,0,BOB,@ybl,BENEFICIARY_NOT_CREDITED
11891.29,20,81.74074255501503,0,SBI,@paytm,TRANSACTION_TIMEOUT
81195.11,9,28.489287834086838,0,ICICI,@okaxis,BENEFICIARY_NOT_CREDITED
94367.09,15,18.784722266367783,0,ICICI,@paytm,BENEFICIARY_NOT_CREDITED
2388.87,6,11.296522639566618,0,HDFC,@okaxis,TECHNICAL_DECLINE
4626.9,4,10.632013027852203,0,BOB,@paytm,TECHNICAL_DECLINE
15333.96,7,132.44662269565788,0,PNB,@gpay,TRANSACTION_TIMEOUT
15887.83,15,117.29384276135106,0,PNB,@paytm,TRANSACTION_TIMEOUT
43953.1,16,21.0592380918191,0,SBI,@gpay,WRONG_DEBIT
13084.22,12,78.15976911907418,0,BOB,@okaxis,TRANSACTION_TIMEOUT
530.14,2,10.542733708539618,0,HDFC,@gpay,WRONG_DEBIT
14510.82,13,113.74765884484839,0,AXIS,@gpay,BENEFICIARY_NOT_CREDITED
17505.06,21,34.80684981577972,0,BOB,@upi,WRONG_DEBIT
19710.57,3,163.1234732128279,0,BOB,@upi,TRANSACTION_TIMEOUT
18700.04,21,136.10281879119395,0,PNB,@ybl,TRANSACTION_TIMEOUT
18872.29,22,43.91380053225293,0,SBI,@ybl,WRONG_DEBIT
15416.34,13,92.99133585531392,0,KOTAK,@okaxis,TRANSACTION_TIMEOUT
10527.9,7,77.60524770402128,0,BOB,@phonepe,TRANSACTION_TIMEOUT
971.52,22,26.398475549879798,0,ICICI,@phonepe,WRONG_DEBIT
9865.49,14,16.37161851751443,1,SBI,@gpay,DUPLICATE_TRANSACTION
12520.45,22,75.70944293835748,0,BOB,@paytm,TRANSACTION_TIMEOUT
472.1,8,2.9265269622869186,0,KOTAK,@upi,TECHNICAL_DECLINE
22986.87,11,49.9161202049628,0,AXIS,@upi,WRONG_DEBIT
4271.2,20,2.736423850281523,1,AXIS,@upi,DUPLICATE_TRANSACTION
660.02,10,0.4457023810048355,0,PNB,@paytm,TECHNICAL_DECLINE
3555.22,22,59.673892330275415,0,ICICI,@ybl,WRONG_DEBIT
1633.43,1,9.687622583623607,0,SBI,@okaxis,WRONG_DEBIT
3617.06,21,3.1398501853372585,0,AXIS,@phonepe,TECHNICAL_DECLINE
2333.0,17,11.022166179468396,0,ICICI,@gpay,TECHNICAL_DECLINE
29257.73,17,120.19291025081031,0,SBI,@ybl,BENEFICIARY_NOT_CREDITED
30046.14,3,20.425538547879167,0,AXIS,@ybl,WRONG_DEBIT
547.32,8,4.6128468134223795,0,PNB,@okaxis,TECHNICAL_DECLINE
19700.53,12,177.66569330626677,0,PNB,@gpay,TRANSACTION_TIMEOUT
327.16,11,2.1988618866940577,1,AXIS,@upi,DUPLICATE_TRANSACTION
8191.14,14,10.158782845413771,1,ICICI,@okaxis,DUPLICATE_TRANSACTION
3172.74,16,7.9937423343425325,1,BOB,@okaxis,DUPLICATE_TRANSACTION
9886.16,15,16.07545318517727,1,SBI,@paytm,DUPLICATE_TRANSACTION
40561.12,22,63.40174058745724,0,PNB,@upi,WRONG_DEBIT
305.83,14,15.937699744039087,1,HDFC,@phonepe,DUPLICATE_TRANSACTION
15819.22,10,61.07450277777536,0,HDFC,@okaxis,TRANSACTION_TIMEOUT
28340.43,11,83.74971395379113,0,HDFC,@ybl,BENEFICIARY_NOT_CREDITED
7323.37,22,15.479152267469285,1,PNB,@gpay,DUPLICATE_TRANSACTION
3270.66,14,20.28037792243743,1,ICICI,@ybl,DUPLICATE_TRANSACTION
3592.56,6,9.741882295566512,0,HDFC,@paytm,TECHNICAL_DECLINE
36146.86,18,3.773897870594867,0,BOB,@okaxis,WRONG_DEBIT
1250.5,17,5.3204073179699,0,HDFC,@upi,TECHNICAL_DECLINE
40496.16,9,61.45976927373094,0,KOTAK,@paytm,WRONG_DEBIT
5314.6,11,8.062135523382478,1,SBI,@paytm,DUPLICATE_TRANSACTION
54603.64,18,127.25169616946324,0,KOTAK,@upi,BENEFICIARY_NOT_CREDITED
31119.71,7,3.5545636600948445,0,SBI,@upi,WRONG_DEBIT
6370.24,14,10.192740992639145,1,ICICI,@ybl,DUPLICATE_TRANSACTION
3490.83,20,51.759346289935934,0,BOB,@paytm,TRANSACTION_TIMEOUT
9851.95,18,15.244546192125561,1,KOTAK,@paytm,DUPLICATE_TRANSACTION
85378.43,18,51.61767190864857,0,AXIS,@upi,BENEFICIARY_NOT_CREDITED
77025.8,9,146.59309481106396,0,PNB,@gpay,BENEFICIARY_NOT_CREDITED
49676.06,2,2.6161826738896066,0,SBI,@upi,WRONG_DEBIT
4739.7,21,9.357058949024843,0,ICICI,@paytm,TECHNICAL_DECLINE
2219.99,6,7.255923400628381,0,KOTAK,@okaxis,TECHNICAL_DECLINE
97883.83,10,94.13582494569147,0,HDFC,@upi,BENEFICIARY_NOT_CREDITED
14423.12,15,102.26948803569634,0,AXIS,@ybl,BENEFICIARY_NOT_CREDITED
64940.06,10,68.72451980153602,0,AXIS,@ybl,BENEFICIARY_NOT_CREDITED
13832.57,3,125.38124098834707,0,AXIS,@ybl,TRANSACTION_TIMEOUT
6616.2,16,19.451792828713167,1,ICICI,@ybl,DUPLICATE_TRANSACTION
4381.18,16,21.745249569082496,1,PNB,@phonepe,DUPLICATE_TRANSACTION
4480.3,20,28.548882836811565,0,BOB,@upi,WRONG_DEBIT
4652.91,14,4.125541554473258,1,ICICI,@gpay,DUPLICATE_TRANSACTION
8701.88,14,126.23793249042319,0,PNB,@okaxis,TRANSACTION_TIMEOUT
28536.81,22,14.01956880259015,0,PNB,@ybl,WRONG_DEBIT
47485.16,10,12.168581586203079,0,KOTAK,@upi,WRONG_DEBIT
3412.29,22,6.4533082515706965,0,KOTAK,@paytm,TECHNICAL_DECLINE
5899.54,18,84.7592988824872,0,SBI,@okaxis,TRANSACTION_TIMEOUT
620.25,10,4.09678080282988,0,AXIS,@ybl,TECHNICAL_DECLINE
3130.65,10,196.1287866510135,0,BOB,@ybl,TRANSACTION_TIMEOUT
5998.08,17,175.46790156193128,0,KOTAK,@phonepe,TRANSACTION_TIMEOUT
220.72,0,11.091332144061312,0,PNB,@phonepe,TECHNICAL_DECLINE
38683.01,3,64.21979674846058,0,BOB,@ybl,WRONG_DEBIT
48543.17,18,32.47465719630381,0,HDFC,@gpay,BENEFICIARY_NOT_CREDITED
4790.6,11,10.408830767555388,0,SBI,@paytm,TECHNICAL_DECLINE
2711.1,2,7.779445956422455,0,BOB,@phonepe,TECHNICAL_DECLINE
2199.8,1,10.476449547841097,0,SBI,@paytm,TECHNICAL_DECLINE
35948.13,5,18.856098498578504,0,KOTAK,@upi,WRONG_DEBIT
5276.24,15,13.46827533875775,1,AXIS,@phonepe,DUPLICATE_TRANSACTION
19849.12,20,83.40301151327182,0,HDFC,@gpay,TRANSACTION_TIMEOUT
1061.27,3,1.220104312695836,0,ICICI,@phonepe,TECHNICAL_DECLINE
3284.01,16,28.182601959736253,0,PNB,@paytm,WRONG_DEBIT
5577.22,18,162.64376744101907,0,HDFC,@ybl,TRANSACTION_TIMEOUT
1788.68,5,1.9446113014574582,0,BOB,@gpay,TECHNICAL_DECLINE
12134.09,3,144.36616424650407,0,HDFC,@ybl,TRANSACTION_TIMEOUT
8875.71,8,18.779016843836114,1,AXIS,@upi,DUPLICATE_TRANSACTION
296.15,10,19.497269736828663,1,BOB,@gpay,DUPLICATE_TRANSACTION
13059.04,13,69.11170923302679,0,PNB,@okaxis,TRANSACTION_TIMEOUT
7333.25,15,191.6689869796929,0,PNB,@upi,TRANSACTION_TIMEOUT
99417.16,14,83.63462982810763,0,BOB,@upi,BENEFICIARY_NOT_CREDITED
40357.3,8,21.965438098863025,0,PNB,@okaxis,WRONG_DEBIT
90178.5,16,43.70393185540921,0,PNB,@ybl,BENEFICIARY_NOT_CREDITED
4525.77,6,4.3426441531724835,0,SBI,@phonepe,TECHNICAL_DECLINE
22277.55,14,122.00045002961485,0,SBI,@ybl,BENEFICIARY_NOT_CREDITED
17936.84,17,148.72432247589254,0,AXIS,@phonepe,TRANSACTION_TIMEOUT
1073.27,23,10.470970922798035,0,KOTAK,@gpay,TECHNICAL_DECLINE
56375.65,12,111.44552655475617,0,SBI,@upi,BENEFICIARY_NOT_CREDITED
4729.03,20,1.9202535022505516,0,AXIS,@ybl,TECHNICAL_DECLINE
4398.35,14,19.916889363476074,1,KOTAK,@phonepe,DUPLICATE_TRANSACTION
1627.15,21,15.911890234602218,1,AXIS,@ybl,DUPLICATE_TRANSACTION
52690.23,9,155.36004664613347,0,KOTAK,@phonepe,BENEFICIARY_NOT_CREDITED
1674.77,22,15.61066503677008,1,BOB,@okaxis,DUPLICATE_TRANSACTION
1170.37,20,3.0218670041053923,0,ICICI,@upi,TECHNICAL_DECLINE
19936.66,22,99.25690504693335,0,KOTAK,@paytm,TRANSACTION_TIMEOUT
2866.03,13,54.294253688689665,0,HDFC,@phonepe,BENEFICIARY_NOT_CREDITED
29834.45,17,19.37807468223794,0,AXIS,@gpay,WRONG_DEBIT
2651.72,6,20.186213406916735,0,BOB,@okaxis,WRONG_DEBIT
5714.73,19,11.21857353094278,1,ICICI,@upi,DUPLICATE_TRANSACTION
18149.01,18,95.83930624265554,0,PNB,@phonepe,TRANSACTION_TIMEOUT
12160.29,0,4.567366051399175,0,ICICI,@phonepe,WRONG_DEBIT
4964.75,3,4.252168271403152,0,PNB,@gpay,TECHNICAL_DECLINE
15064.88,10,1.667493755901015,0,ICICI,@okaxis,WRONG_DEBIT
15651.43,10,16.342260656503743,0,HDFC,@gpay,WRONG_DEBIT
11972.84,21,152.37301372136932,0,PNB,@gpay,TRANSACTION_TIMEOUT
7530.91,17,20.60333988054438,1,BOB,@phonepe,DUPLICATE_TRANSACTION
878.83,19,17.397202474888736,1,HDFC,@paytm,DUPLICATE_TRANSACTION
2466.11,13,13.826506917928306,1,SBI,@gpay,DUPLICATE_TRANSACTION
7223.6,14,172.20148730395175,0,ICICI,@okaxis,TRANSACTION_TIMEOUT
16825.81,12,185.72882494213545,0,BOB,@upi,TRANSACTION_TIMEOUT
11545.45,9,88.43662114963472,0,AXIS,@gpay,BENEFICIARY_NOT_CREDITED
1042.95,22,8.122764886924386,0,SBI,@phonepe,TECHNICAL_DECLINE
95478.71,13,106.53076452279113,0,AXIS,@paytm,BENEFICIARY_NOT_CREDITED
4136.61,20,0.9698600993693156,0,ICICI,@phonepe,TECHNICAL_DECLINE
4011.78,21,64.9351504628918,0,SBI,@phonepe,WRONG_DEBIT
31610.12,12,116.00250702930363,0,PNB,@paytm,BENEFICIARY_NOT_CREDITED
2800.68,5,130.66007262818934,0,HDFC,@ybl,TRANSACTION_TIMEOUT
4075.95,14,86.02732851029357,0,HDFC,@gpay,TRANSACTION_TIMEOUT
33423.26,15,26.967729787224787,0,AXIS,@upi,WRONG_DEBIT
7634.4,12,21.191284436256346,1,ICICI,@ybl,DUPLICATE_TRANSACTION
25733.4,16,8.53403673174834,0,BOB,@upi,WRONG_DEBIT
7905.87,0,137.55162804170183,0,HDFC,@ybl,TRANSACTION_TIMEOUT
1246.8,19,9.98709694428629,0,ICICI,@paytm,TECHNICAL_DECLINE
9237.18,17,8.064651122657127,1,HDFC,@ybl,DUPLICATE_TRANSACTION
18826.4,9,99.00919947726939,0,PNB,@phonepe,TRANSACTION_TIMEOUT
4125.38,17,1.7140640542821841,0,BOB,@gpay,TECHNICAL_DECLINE
8870.19,21,170.18201028699912,0,ICICI,@gpay,TRANSACTION_TIMEOUT
78273.64,17,154.59955798730942,0,KOTAK,@paytm,BENEFICIARY_NOT_CREDITED
50457.14,10,110.81430557908593,0,PNB,@gpay,BENEFICIARY_NOT_CREDITED
7347.96,19,58.74553115252401,0,AXIS,@phonepe,WRONG_DEBIT
5096.7,11,93.34716596709643,0,BOB,@upi,BENEFICIARY_NOT_CREDITED
1159.96,12,3.180350924381134,1,SBI,@phonepe,DUPLICATE_TRANSACTION
7634.07,5,140.16953656572363,0,HDFC,@paytm,TRANSACTION_TIMEOUT
29634.06,9,125.99732117082681,0,PNB,@phonepe,BENEFICIARY_NOT_CREDITED
8963.47,16,20.420148737534515,1,ICICI,@upi,DUPLICATE_TRANSACTION
25248.79,18,63.20953004493552,0,BOB,@paytm,BENEFICIARY_NOT_CREDITED
34315.23,5,47.84201609086401,0,KOTAK,@ybl,WRONG_DEBIT
2462.18,20,64.29486531574557,0,HDFC,@ybl,TRANSACTION_TIMEOUT
6864.87,9,22.76936972257136,1,AXIS,@okaxis,DUPLICATE_TRANSACTION
3959.29,20,23.038670600604775,1,BOB,@paytm,DUPLICATE_TRANSACTION
4351.23,5,125.40351206775375,0,BOB,@ybl,TRANSACTION_TIMEOUT
6884.55,9,17.84734244112525,1,PNB,@okaxis,DUPLICATE_TRANSACTION
4648.9,19,71.65420865880769,0,HDFC,@okaxis,TRANSACTION_TIMEOUT
1306.31,18,10.798711008624673,0,BOB,@phonepe,TECHNICAL_DECLINE
4434.84,14,114.14272009028593,0,AXIS,@paytm,TRANSACTION_TIMEOUT
18013.34,18,36.99682349812994,0,AXIS,@ybl,WRONG_DEBIT
22159.34,9,24.930510977148046,0,KOTAK,@upi,WRONG_DEBIT
4218.39,2,4.477921294872947,0,ICICI,@paytm,TECHNICAL_DECLINE
27779.32,9,2.728831142785938,0,ICICI,@paytm,BENEFICIARY_NOT_CREDITED
7783.53,14,17.817630137249818,1,KOTAK,@gpay,DUPLICATE_TRANSACTION
2522.4,19,0.41058172765860146,0,ICICI,@upi,TECHNICAL_DECLINE
63976.14,9,29.406868050041577,0,SBI,@okaxis,BENEFICIARY_NOT_CREDITED
9106.52,12,55.17909583551015,0,PNB,@paytm,TRANSACTION_TIMEOUT
1346.63,12,46.61479829363912,0,PNB,@upi,BENEFICIARY_NOT_CREDITED
13620.46,9,143.06592788143996,0,KOTAK,@upi,TRANSACTION_TIMEOUT
2476.93,14,13.000884802041401,1,HDFC,@paytm,DUPLICATE_TRANSACTION
44444.42,17,47.882216584054355,0,AXIS,@gpay,WRONG_DEBIT
2518.56,10,7.209265660831886,0,ICICI,@phonepe,WRONG_DEBIT
1296.12,17,95.19666546785703,0,ICICI,@paytm,TRANSACTION_TIMEOUT
11827.57,21,39.37715336808745,0,SBI,@gpay,WRONG_DEBIT
412.11,16,17.765569602904353,1,PNB,@upi,DUPLICATE_TRANSACTION
44086.04,21,27.8449621025769,0,HDFC,@upi,WRONG_DEBIT
4523.05,0,84.10897172760662,0,KOTAK,@upi,TRANSACTION_TIMEOUT
32460.79,22,34.47965633351888,0,ICICI,@upi,WRONG_DEBIT
12044.63,14,161.86109862895808,0,KOTAK,@upi,TRANSACTION_TIMEOUT
64977.6,15,81.51783639758281,0,HDFC,@paytm,BENEFICIARY_NOT_CREDITED
17744.05,2,18.502499895617024,0,PNB,@paytm,WRONG_DEBIT
48329.53,0,32.88614475889558,0,AXIS,@gpay,WRONG_DEBIT
56282.55,9,133.6741275359183,0,PNB,@okaxis,BENEFICIARY_NOT_CREDITED
1671.14,5,2.600299041757983,0,HDFC,@okaxis,TECHNICAL_DECLINE
8552.23,10,148.3194606336987,0,KOTAK,@paytm,BENEFICIARY_NOT_CREDITED
1397.67,20,3.6471863116449486,0,SBI,@phonepe,TECHNICAL_DECLINE
12149.61,4,141.75896206576405,0,SBI,@phonepe,TRANSACTION_TIMEOUT
16471.78,19,76.28178701501315,0,AXIS,@ybl,TRANSACTION_TIMEOUT
11892.74,14,52.87403155322062,0,BOB,@paytm,WRONG_DEBIT
2552.33,4,10.157488205342625,0,ICICI,@okaxis,TECHNICAL_DECLINE
40378.8,11,124.94493226027544,0,BOB,@ybl,BENEFICIARY_NOT_CREDITED
10923.67,0,104.5828030649228,0,AXIS,@gpay,TRANSACTION_TIMEOUT
2059.07,17,176.60223652061092,0,KOTAK,@ybl,TRANSACTION_TIMEOUT
82404.85,9,28.7008352116961,0,ICICI,@gpay,BENEFICIARY_NOT_CREDITED
66888.08,10,51.421627757094306,0,BOB,@ybl,BENEFICIARY_NOT_CREDITED
3600.58,13,79.1286159052195,0,ICICI,@paytm,TRANSACTION_TIMEOUT
95167.09,10,12.960268911156895,0,AXIS,@ybl,BENEFICIARY_NOT_CREDITED
34241.47,5,45.08708149424081,0,HDFC,@phonepe,WRONG_DEBIT
3025.66,11,2.7046715499697003,1,AXIS,@okaxis,DUPLICATE_TRANSACTION
4223.46,13,87.81364536909808,0,HDFC,@phonepe,TRANSACTION_TIMEOUT
6332.56,17,196.49752251757116,0,AXIS,@okaxis,TRANSACTION_TIMEOUT
4521.73,0,2.597407344943683,0,KOTAK,@okaxis,TECHNICAL_DECLINE
129.6,12,12.990808764676329,1,AXIS,@upi,DUPLICATE_TRANSACTION
4610.62,7,4.818774705732151,0,ICICI,@upi,TECHNICAL_DECLINE
38298.84,18,70.23812995136528,0,PNB,@gpay,WRONG_DEBIT
656.71,20,2.0120059385199167,0,HDFC,@ybl,TECHNICAL_DECLINE
60031.86,13,11.757125946095037,0,SBI,@paytm,BENEFICIARY_NOT_CREDITED
14882.25,21,70.06339949376456,0,HDFC,@paytm,TRANSACTION_TIMEOUT
2313.15,4,6.162755741793948,0,SBI,@ybl,TECHNICAL_DECLINE
25977.83,0,6.300368179575325,0,HDFC,@ybl,WRONG_DEBIT
3886.12,12,7.824043487318901,0,BOB,@ybl,TECHNICAL_DECLINE
67875.95,17,103.34127054184242,0,BOB,@upi,BENEFICIARY_NOT_CREDITED
3315.23,18,5.7247717286101,0,SBI,@okaxis,TECHNICAL_DECLINE
2299.1,19,0.6825626774779399,0,ICICI,@gpay,TECHNICAL_DECLINE
24567.59,3,20.09947311380907,0,BOB,@ybl,WRONG_DEBIT
98790.55,14,87.30288244938465,0,HDFC,@okaxis,BENEFICIARY_NOT_CREDITED
2719.23,3,11.938810671015304,0,HDFC,@ybl,TECHNICAL_DECLINE
24676.55,20,57.656785199785354,0,BOB,@upi,WRONG_DEBIT
40935.04,12,16.817053980057104,0,AXIS,@gpay,BENEFICIARY_NOT_CREDITED
8491.33,14,70.6370274183605,0,SBI,@phonepe,WRONG_DEBIT
16377.72,23,179.7435742206928,0,AXIS,@paytm,TRANSACTION_TIMEOUT
11974.0,19,110.39915043952783,0,AXIS,@okaxis,TRANSACTION_TIMEOUT
448.05,18,10.070162405816045,0,ICICI,@okaxis,TECHNICAL_DECLINE
3276.52,18,0.6426236085859407,0,KOTAK,@gpay,TECHNICAL_DECLINE
5780.05,6,46.29613986073039,0,HDFC,@ybl,WRONG_DEBIT
21358.31,15,25.06024907211817,0,BOB,@upi,WRONG_DEBIT
1237.7,11,19.259417471349767,1,PNB,@gpay,DUPLICATE_TRANSACTION
18426.37,7,59.68602448308005,0,KOTAK,@okaxis,TRANSACTION_TIMEOUT
27142.21,9,126.97026700226029,0,HDFC,@phonepe,BENEFICIARY_NOT_CREDITED
4190.49,7,5.71465951256949,0,ICICI,@okaxis,TECHNICAL_DECLINE
75098.64,14,87.15338373690591,0,SBI,@okaxis,BENEFICIARY_NOT_CREDITED
3483.29,14,21.69132881778822,1,BOB,@gpay,DUPLICATE_TRANSACTION
4593.64,17,9.10205294169769,0,HDFC,@gpay,TECHNICAL_DECLINE
17027.17,23,81.10974314638233,0,PNB,@gpay,TRANSACTION_TIMEOUT
9116.68,20,23.065777997727896,1,SBI,@paytm,DUPLICATE_TRANSACTION
16193.57,2,174.71128209851855,0,PNB,@upi,TRANSACTION_TIMEOUT
3294.45,22,21.076019179839285,1,PNB,@upi,DUPLICATE_TRANSACTION
83291.11,15,150.9710596500128,0,HDFC,@upi,BENEFICIARY_NOT_CREDITED
7096.02,14,19.466354197977065,1,HDFC,@upi,DUPLICATE_TRANSACTION
2036.31,18,7.178809606533063,0,SBI,@phonepe,TECHNICAL_DECLINE
41258.25,23,55.624346613510156,0,SBI,@phonepe,WRONG_DEBIT
1028.78,14,5.22307326364175,1,HDFC,@okaxis,DUPLICATE_TRANSACTION
185.9,20,19.22351350849152,1,KOTAK,@ybl,DUPLICATE_TRANSACTION
3341.24,10,9.302040871196969,0,KOTAK,@paytm,TECHNICAL_DECLINE
2200.38,21,3.6702461566653066,0,BOB,@okaxis,TECHNICAL_DECLINE
2377.59,20,3.330781273365001,0,PNB,@paytm,TECHNICAL_DECLINE
4927.83,19,7.264220225773183,0,ICICI,@upi,TECHNICAL_DECLINE
23099.02,20,55.90078705718027,0,ICICI,@phonepe,WRONG_DEBIT
20985.0,16,4.63477782004374,0,ICICI,@gpay,WRONG_DEBIT
2405.3,13,5.433855148743049,0,AXIS,@upi,TECHNICAL_DECLINE
1298.14,18,5.432709879865484,1,SBI,@paytm,DUPLICATE_TRANSACTION
3125.74,18,4.119620498360272,1,ICICI,@upi,DUPLICATE_TRANSACTION
9858.73,18,88.71016326462001,0,BOB,@upi,BENEFICIARY_NOT_CREDITED
8126.51,8,9.88307273513842,1,ICICI,@gpay,DUPLICATE_TRANSACTION
4395.41,12,21.64289796610165,1,HDFC,@okaxis,DUPLICATE_TRANSACTION
32475.79,9,20.89362784720059,0,ICICI,@phonepe,WRONG_DEBIT
4375.81,8,1.8636161389412327,0,PNB,@paytm,TECHNICAL_DECLINE
6961.96,11,19.40423616828633,1,BOB,@phonepe,DUPLICATE_TRANSACTION
34915.56,9,31.623713892827908,0,SBI,@upi,WRONG_DEBIT
5988.97,23,37.06227677060187,0,PNB,@paytm,WRONG_DEBIT
41944.58,13,2.3467512750550648,0,BOB,@okaxis,BENEFICIARY_NOT_CREDITED
10753.49,16,59.709352568773326,0,KOTAK,@okaxis,BENEFICIARY_NOT_CREDITED
3562.74,6,5.609497193002528,0,SBI,@phonepe,TECHNICAL_DECLINE
3070.81,13,23.762838737965588,1,PNB,@upi,DUPLICATE_TRANSACTION
373.43,5,4.626522021896651,0,HDFC,@upi,TECHNICAL_DECLINE
1455.35,6,22.918035891650774,0,SBI,@okaxis,WRONG_DEBIT
18533.24,18,100.1365958626776,0,ICICI,@paytm,BENEFICIARY_NOT_CREDITED
2494.43,14,17.066999742079616,1,AXIS,@okaxis,DUPLICATE_TRANSACTION
12038.97,5,134.61680481389214,0,ICICI,@gpay,TRANSACTION_TIMEOUT
1980.24,18,3.000580080705746,0,BOB,@paytm,TECHNICAL_DECLINE
3933.93,6,7.3059575268751935,0,HDFC,@okaxis,TECHNICAL_DECLINE
7856.07,12,3.043597390730861,1,PNB,@upi,DUPLICATE_TRANSACTION
3011.16,14,10.191356540920893,1,ICICI,@okaxis,DUPLICATE_TRANSACTION
2774.57,11,4.837722087970986,1,SBI,@upi,DUPLICATE_TRANSACTION
2740.11,7,11.42726372821301,0,SBI,@gpay,TECHNICAL_DECLINE
7481.45,23,128.07514162324247,0,AXIS,@okaxis,TRANSACTION_TIMEOUT
73299.65,17,73.58784314691793,0,BOB,@phonepe,BENEFICIARY_NOT_CREDITED
17984.92,12,122.48555143071218,0,ICICI,@ybl,BENEFICIARY_NOT_CREDITED
4729.1,17,3.957233221250064,0,HDFC,@ybl,TECHNICAL_DECLINE
20818.14,9,97.46216151825183,0,SBI,@gpay,BENEFICIARY_NOT_CREDITED
3204.65,16,9.68352785302368,0,SBI,@okaxis,TECHNICAL_DECLINE
87974.23,16,141.86917595915293,0,BOB,@paytm,BENEFICIARY_NOT_CREDITED
5736.25,20,21.703371692606652,1,BOB,@ybl,DUPLICATE_TRANSACTION
33012.54,14,101.35693226049142,0,BOB,@ybl,BENEFICIARY_NOT_CREDITED
6629.93,8,117.60183676287026,0,BOB,@okaxis,TRANSACTION_TIMEOUT
1086.9,1,9.14426543640356,0,BOB,@okaxis,TECHNICAL_DECLINE
27759.89,17,85.94601025114336,0,AXIS,@gpay,BENEFICIARY_NOT_CREDITED
98602.53,18,108.72438640242947,0,PNB,@ybl,BENEFICIARY_NOT_CREDITED
4818.07,13,5.39968653819348,0,KOTAK,@okaxis,TECHNICAL_DECLINE
1365.25,0,4.902996066283841,0,HDFC,@ybl,TECHNICAL_DECLINE
43621.91,13,42.06542840381934,0,HDFC,@phonepe,WRONG_DEBIT
2257.54,2,0.9695228957817137,0,BOB,@gpay,TECHNICAL_DECLINE
1377.48,22,11.188106055140151,0,AXIS,@paytm,TECHNICAL_DECLINE
39522.8,14,70.94483199094655,0,PNB,@phonepe,BENEFICIARY_NOT_CREDITED
32665.7,2,39.083007070525994,0,KOTAK,@ybl,WRONG_DEBIT
34342.63,12,35.380424556712946,0,SBI,@phonepe,WRONG_DEBIT
4445.41,21,2.1684238497385544,0,SBI,@upi,TECHNICAL_DECLINE
9699.6,13,14.656710306571455,1,PNB,@ybl,DUPLICATE_TRANSACTION
2633.9,0,10.595320967710455,0,SBI,@phonepe,TECHNICAL_DECLINE
32321.08,13,29.414051336756298,0,PNB,@okaxis,WRONG_DEBIT
4896.28,12,1.0934674386467478,1,BOB,@upi,DUPLICATE_TRANSACTION
90173.48,17,73.5837959799235,0,AXIS,@upi,BENEFICIARY_NOT_CREDITED
2980.35,10,9.618447522434824,0,HDFC,@phonepe,TECHNICAL_DECLINE
42239.77,10,4.010186244430465,0,BOB,@upi,WRONG_DEBIT
5435.28,21,16.937408745108595,1,AXIS,@ybl,DUPLICATE_TRANSACTION
7580.14,21,19.942115003023353,1,KOTAK,@paytm,DUPLICATE_TRANSACTION
15235.76,7,126.62987400827858,0,SBI,@okaxis,TRANSACTION_TIMEOUT
7611.54,14,20.626833836904943,1,BOB,@paytm,DUPLICATE_TRANSACTION
3997.66,16,101.3206818219399,0,HDFC,@upi,TRANSACTION_TIMEOUT
1184.61,2,61.21107964975505,0,ICICI,@ybl,WRONG_DEBIT
2932.72,19,4.001562334662004,0,BOB,@okaxis,TECHNICAL_DECLINE
115.18,12,15.424809680103184,1,KOTAK,@phonepe,DUPLICATE_TRANSACTION
9074.86,22,16.99471297676424,1,AXIS,@phonepe,DUPLICATE_TRANSACTION
1942.63,15,0.5852718554318161,0,ICICI,@ybl,TECHNICAL_DECLINE
41787.91,9,158.87419782913182,0,PNB,@ybl,BENEFICIARY_NOT_CREDITED
2611.92,18,6.750213899246126,1,PNB,@okaxis,DUPLICATE_TRANSACTION
40595.15,18,64.04583386915778,0,PNB,@upi,BENEFICIARY_NOT_CREDITED
2403.03,16,1.726543249058465,1,ICICI,@gpay,DUPLICATE_TRANSACTION
3770.76,18,10.120294348378884,1,AXIS,@upi,DUPLICATE_TRANSACTION
22479.81,7,60.35028976895135,0,AXIS,@phonepe,WRONG_DEBIT
86705.5,16,78.07898627955991,0,AXIS,@gpay,BENEFICIARY_NOT_CREDITED
17814.82,12,85.24045478825676,0,AXIS,@ybl,TRANSACTION_TIMEOUT
1634.49,1,6.113282973848569,0,KOTAK,@okaxis,TECHNICAL_DECLINE
16292.97,8,167.1006087315148,0,BOB,@phonepe,TRANSACTION_TIMEOUT
1435.81,9,7.800758800455362,0,SBI,@okaxis,TECHNICAL_DECLINE
14264.56,14,142.68975503573657,0,AXIS,@upi,BENEFICIARY_NOT_CREDITED
15765.51,0,194.27006669709152,0,BOB,@gpay,TRANSACTION_TIMEOUT
7846.94,13,132.7510430235312,0,SBI,@paytm,TRANSACTION_TIMEOUT
87275.87,9,161.03569701849113,0,AXIS,@ybl,BENEFICIARY_NOT_CREDITED
7158.36,9,138.70946797477546,0,SBI,@gpay,TRANSACTION_TIMEOUT
9282.55,14,126.98164517199858,0,BOB,@gpay,BENEFICIARY_NOT_CREDITED
688.01,17,1.396532318967525,1,HDFC,@upi,DUPLICATE_TRANSACTION
28591.67,8,53.170187848894244,0,BOB,@ybl,WRONG_DEBIT
40143.59,17,26.052527118042708,0,PNB,@phonepe,BENEFICIARY_NOT_CREDITED
34668.82,17,165.19288922164256,0,BOB,@phonepe,BENEFICIARY_NOT_CREDITED
7372.59,10,192.9823272481903,0,ICICI,@upi,TRANSACTION_TIMEOUT
9420.72,14,23.61247999046296,1,PNB,@upi,DUPLICATE_TRANSACTION
43098.88,1,18.73644472347113,0,HDFC,@okaxis,WRONG_DEBIT
3599.97,23,17.677068909072563,0,SBI,@okaxis,WRONG_DEBIT
82534.95,10,14.136957982191246,0,PNB,@okaxis,BENEFICIARY_NOT_CREDITED
2881.71,23,4.789226606507427,0,SBI,@paytm,TECHNICAL_DECLINE
27426.17,21,63.844665340455414,0,KOTAK,@gpay,WRONG_DEBIT
15772.35,8,109.07253921635862,0,HDFC,@phonepe,TRANSACTION_TIMEOUT
47303.19,15,155.19390805462427,0,KOTAK,@upi,BENEFICIARY_NOT_CREDITED
10271.32,21,48.00910892084947,0,PNB,@ybl,TRANSACTION_TIMEOUT
2116.88,21,7.8107820920794655,0,BOB,@ybl,TECHNICAL_DECLINE
4438.65,22,7.369321168883685,0,PNB,@phonepe,TECHNICAL_DECLINE
3751.72,13,23.470818328928747,1,KOTAK,@phonepe,DUPLICATE_TRANSACTION
26385.03,19,4.8815572551511135,0,PNB,@gpay,WRONG_DEBIT
6947.39,8,17.51987996944439,1,KOTAK,@upi,DUPLICATE_TRANSACTION
5014.16,22,6.858543429738056,1,HDFC,@phonepe,DUPLICATE_TRANSACTION
83898.5,12,105.06466929875312,0,AXIS,@gpay,BENEFICIARY_NOT_CREDITED
764.14,8,8.509279859167226,1,ICICI,@paytm,DUPLICATE_TRANSACTION
2003.89,1,3.699923916270149,0,SBI,@ybl,TECHNICAL_DECLINE
2210.82,17,20.112203852585914,1,SBI,@ybl,DUPLICATE_TRANSACTION
1763.96,8,5.462486055424715,0,BOB,@phonepe,TECHNICAL_DECLINE
126.36,13,14.536983179293086,1,SBI,@paytm,DUPLICATE_TRANSACTION
46508.15,23,62.91081476508255,0,ICICI,@upi,WRONG_DEBIT
7852.6,15,15.483352880297954,1,BOB,@phonepe,DUPLICATE_TRANSACTION
26909.8,23,49.101019102164024,0,BOB,@ybl,WRONG_DEBIT
6270.87,15,120.81802998462203,0,HDFC,@gpay,TRANSACTION_TIMEOUT
48471.79,11,5.497550281843109,0,PNB,@gpay,WRONG_DEBIT
7153.58,16,26.919939384481808,0,SBI,@ybl,WRONG_DEBIT
53683.92,10,59.32671803292813,0,KOTAK,@okaxis,BENEFICIARY_NOT_CREDITED
1886.93,5,8.325197528504793,0,AXIS,@okaxis,TECHNICAL_DECLINE
1706.55,19,9.680773939479295,0,HDFC,@okaxis,TECHNICAL_DECLINE
1587.58,21,9.523837742817333,0,HDFC,@gpay,TECHNICAL_DECLINE
4898.11,10,4.332071257321632,0,KOTAK,@paytm,TECHNICAL_DECLINE
9268.24,19,75.02780741974779,0,KOTAK,@gpay,TRANSACTION_TIMEOUT
29421.07,9,38.339530400028316,0,KOTAK,@paytm,WRONG_DEBIT
4468.49,1,8.78807509441559,0,ICICI,@okaxis,TECHNICAL_DECLINE
40974.3,12,13.613658746006571,0,ICICI,@upi,WRONG_DEBIT
4911.95,5,3.7410809321458247,0,ICICI,@paytm,TECHNICAL_DECLINE
4393.88,18,5.559723413994563,0,BOB,@gpay,TECHNICAL_DECLINE
42036.78,23,66.50934814896844,0,ICICI,@paytm,WRONG_DEBIT
1640.53,15,10.855232494460816,0,SBI,@paytm,TECHNICAL_DECLINE
14856.57,12,6.344717250453025,0,ICICI,@paytm,WRONG_DEBIT
88324.06,14,61.52801609556966,0,BOB,@paytm,BENEFICIARY_NOT_CREDITED
16104.32,1,13.66627016842213,0,BOB,@phonepe,WRONG_DEBIT
1521.14,16,89.98159479117243,0,PNB,@upi,BENEFICIARY_NOT_CREDITED
44695.8,19,71.98678201389279,0,PNB,@ybl,WRONG_DEBIT
61584.18,13,111.8285130207613,0,SBI,@phonepe,BENEFICIARY_NOT_CREDITED
8194.87,22,113.68815454901673,0,PNB,@phonepe,TRANSACTION_TIMEOUT
98801.36,13,20.98645187001877,0,KOTAK,@upi,BENEFICIARY_NOT_CREDITED
6016.6,9,3.3926177155869555,1,KOTAK,@okaxis,DUPLICATE_TRANSACTION
34453.7,9,70.63499941105593,0,PNB,@paytm,BENEFICIARY_NOT_CREDITED
4595.07,3,0.2748939173833427,0,HDFC,@upi,TECHNICAL_DECLINE
19645.83,12,152.88330153830827,0,HDFC,@paytm,TRANSACTION_TIMEOUT
44769.06,22,52.323132558937466,0,PNB,@gpay,WRONG_DEBIT
6675.12,10,19.20148350120546,1,HDFC,@ybl,DUPLICATE_TRANSACTION
792.84,16,11.10066265993826,0,ICICI,@upi,TECHNICAL_DECLINE
31677.7,15,25.62045457070088,0,PNB,@ybl,WRONG_DEBIT
6538.8,14,20.055794945648287,1,KOTAK,@ybl,DUPLICATE_TRANSACTION
401.72,11,15.15425263720573,1,AXIS,@okaxis,DUPLICATE_TRANSACTION
37313.19,0,24.858913011451214,0,ICICI,@gpay,WRONG_DEBIT
49481.52,11,93.06179226755086,0,AXIS,@paytm,BENEFICIARY_NOT_CREDITED
1663.22,8,1.119035117655355,1,PNB,@upi,DUPLICATE_TRANSACTION
18266.09,8,132.94622721984422,0,KOTAK,@ybl,TRANSACTION_TIMEOUT
2615.48,11,13.356026434257142,1,HDFC,@gpay,DUPLICATE_TRANSACTION
1813.28,9,4.016125397646396,0,PNB,@paytm,TECHNICAL_DECLINE
67850.7,17,148.725530762668,0,BOB,@upi,BENEFICIARY_NOT_CREDITED
35354.2,4,65.77398059879361,0,KOTAK,@ybl,WRONG_DEBIT
40320.08,1,20.73860114644543,0,HDFC,@gpay,WRONG_DEBIT
2695.26,14,18.79621577714899,1,BOB,@phonepe,DUPLICATE_TRANSACTION
5343.45,12,153.27368763773885,0,KOTAK,@phonepe,TRANSACTION_TIMEOUT
35929.05,0,18.51664703104627,0,HDFC,@upi,WRONG_DEBIT
4863.06,18,6.060713439924896,0,AXIS,@ybl,TECHNICAL_DECLINE
20821.65,10,151.3968685936265,0,SBI,@upi,BENEFICIARY_NOT_CREDITED
43425.81,11,37.83311615120988,0,KOTAK,@ybl,BENEFICIARY_NOT_CREDITED
2592.43,16,5.31357011747407,0,AXIS,@phonepe,TECHNICAL_DECLINE
13975.41,19,142.76292924655502,0,ICICI,@paytm,TRANSACTION_TIMEOUT
3954.59,8,10.000571187821802,1,ICICI,@gpay,DUPLICATE_TRANSACTION
212.85,2,11.90748194733443,0,BOB,@upi,TECHNICAL_DECLINE
5604.52,8,22.130517890353595,1,AXIS,@okaxis,DUPLICATE_TRANSACTION
66708.21,16,151.72598248219924,0,HDFC,@okaxis,BENEFICIARY_NOT_CREDITED
175.58,16,0.20011587804387432,0,SBI,@paytm,TECHNICAL_DECLINE
85755.37,17,99.0061922833748,0,BOB,@phonepe,BENEFICIARY_NOT_CREDITED
5645.18,19,13.668907515379477,1,SBI,@paytm,DUPLICATE_TRANSACTION
3585.36,3,3.1153858118892996,0,BOB,@okaxis,TECHNICAL_DECLINE
47855.96,7,22.1490347960292,0,ICICI,@okaxis,WRONG_DEBIT
5926.39,22,2.2314178271256857,1,PNB,@ybl,DUPLICATE_TRANSACTION
4379.55,1,172.65116701862746,0,SBI,@upi,TRANSACTION_TIMEOUT
1348.34,19,9.452236800210068,1,HDFC,@okaxis,DUPLICATE_TRANSACTION
86520.88,17,68.47002153138551,0,PNB,@okaxis,BENEFICIARY_NOT_CREDITED
16710.79,10,105.75967276612309,0,PNB,@gpay,TRANSACTION_TIMEOUT
4465.5,11,9.29158040853138,0,PNB,@okaxis,TECHNICAL_DECLINE
8739.11,10,12.612891359251716,1,ICICI,@upi,DUPLICATE_TRANSACTION
4515.24,3,6.323307950943748,0,ICICI,@gpay,TECHNICAL_DECLINE
21362.02,15,151.01238772393904,0,KOTAK,@phonepe,BENEFICIARY_NOT_CREDITED
10750.04,9,151.58926987053826,0,BOB,@ybl,TRANSACTION_TIMEOUT
18142.29,20,123.27177664907303,0,HDFC,@okaxis,TRANSACTION_TIMEOUT
5642.98,17,81.25925410467207,0,SBI,@upi,TRANSACTION_TIMEOUT
57665.95,18,80.31562899722705,0,ICICI,@paytm,BENEFICIARY_NOT_CREDITED
3638.4,11,1.9478627331784253,1,AXIS,@phonepe,DUPLICATE_TRANSACTION
68526.07,14,101.14994621992761,0,ICICI,@okaxis,BENEFICIARY_NOT_CREDITED
2493.87,17,8.502450358035027,0,SBI,@paytm,TECHNICAL_DECLINE
35317.13,9,69.89273832673253,0,AXIS,@upi,WRONG_DEBIT
4342.57,13,18.25471063619262,1,BOB,@upi,DUPLICATE_TRANSACTION
39516.46,19,35.497423459268035,0,SBI,@phonepe,WRONG_DEBIT
2755.39,14,8.53422506817526,1,SBI,@paytm,DUPLICATE_TRANSACTION
77975.65,15,52.88364479752136,0,HDFC,@okaxis,BENEFICIARY_NOT_CREDITED
8867.93,19,112.86872455561601,0,PNB,@paytm,TRANSACTION_TIMEOUT
28329.65,6,25.269293762897355,0,KOTAK,@gpay,WRONG_DEBIT
41770.0,12,56.468403263392524,0,BOB,@paytm,WRONG_DEBIT
37954.19,10,41.443718330776676,0,PNB,@upi,WRONG_DEBIT
1808.26,12,3.470004223511105,1,KOTAK,@phonepe,DUPLICATE_TRANSACTION
3980.21,6,3.6637158190274275,0,PNB,@okaxis,TECHNICAL_DECLINE
4848.01,14,13.279133149770475,1,KOTAK,@upi,DUPLICATE_TRANSACTION
3854.83,13,7.85888195283632,0,HDFC,@paytm,TECHNICAL_DECLINE
4857.06,8,0.09727994742696389,0,ICICI,@gpay,TECHNICAL_DECLINE
55578.1,10,141.03039327765617,0,SBI,@gpay,BENEFICIARY_NOT_CREDITED
14980.25,11,168.77319918523676,0,KOTAK,@ybl,TRANSACTION_TIMEOUT
19736.61,15,63.857684769769534,0,SBI,@phonepe,TRANSACTION_TIMEOUT
27620.28,9,58.623402505539964,0,KOTAK,@gpay,BENEFICIARY_NOT_CREDITED
913.97,13,121.65247173667247,0,SBI,@upi,TRANSACTION_TIMEOUT
12696.54,4,123.35743651298446,0,HDFC,@upi,TRANSACTION_TIMEOUT
75063.99,15,155.5048622962801,0,BOB,@phonepe,BENEFICIARY_NOT_CREDITED
2909.59,3,7.19160959340995,0,ICICI,@upi,TECHNICAL_DECLINE
4122.96,11,4.905216286580039,0,PNB,@upi,TECHNICAL_DECLINE
8049.89,13,17.708712287409377,1,ICICI,@paytm,DUPLICATE_TRANSACTION
97000.07,12,94.03282824952396,0,BOB,@paytm,BENEFICIARY_NOT_CREDITED
9134.38,10,131.45142630555839,0,HDFC,@gpay,TRANSACTION_TIMEOUT
3729.62,8,81.06670671137974,0,KOTAK,@phonepe,TRANSACTION_TIMEOUT
9606.08,16,88.58322980897759,0,PNB,@ybl,TRANSACTION_TIMEOUT
22345.97,19,55.92683020173071,0,HDFC,@ybl,WRONG_DEBIT
8677.51,18,117.39354790083694,0,HDFC,@okaxis,BENEFICIARY_NOT_CREDITED
416.9,15,4.495731565683361,0,HDFC,@gpay,TECHNICAL_DECLINE
3420.17,8,3.587223985431552,0,BOB,@phonepe,TECHNICAL_DECLINE
3925.69,10,2.4721039538548277,0,HDFC,@ybl,TECHNICAL_DECLINE
62181.29,11,87.84224984652565,0,PNB,@gpay,BENEFICIARY_NOT_CREDITED
3925.06,10,7.955563059779808,0,AXIS,@phonepe,TECHNICAL_DECLINE
8954.33,11,105.64377288952511,0,SBI,@okaxis,TRANSACTION_TIMEOUT
24122.3,11,23.482342048104485,0,PNB,@okaxis,WRONG_DEBIT
65039.9,12,107.6540558450111,0,SBI,@gpay,BENEFICIARY_NOT_CREDITED
10787.16,21,122.8796374163105,0,SBI,@ybl,TRANSACTION_TIMEOUT
956.13,4,8.711087823153097,0,BOB,@okaxis,TECHNICAL_DECLINE
76884.33,9,82.30843990013642,0,PNB,@gpay,BENEFICIARY_NOT_CREDITED
86580.33,14,36.15501252643998,0,KOTAK,@ybl,BENEFICIARY_NOT_CREDITED
2587.29,1,148.92650472563713,0,HDFC,@paytm,TRANSACTION_TIMEOUT
64523.18,16,76.96064463571443,0,ICICI,@phonepe,BENEFICIARY_NOT_CREDITED
4808.61,7,7.958547866799522,0,BOB,@upi,TECHNICAL_DECLINE
69576.32,16,23.293143129963024,0,SBI,@phonepe,BENEFICIARY_NOT_CREDITED
19242.29,10,108.99621157864838,0,HDFC,@gpay,TRANSACTION_TIMEOUT
27401.17,16,52.606441765304815,0,AXIS,@okaxis,BENEFICIARY_NOT_CREDITED
87615.85,14,79.08803115589501,0,KOTAK,@upi,BENEFICIARY_NOT_CREDITED
15589.04,11,90.57991492928562,0,SBI,@phonepe,BENEFICIARY_NOT_CREDITED
186.5,21,8.998520366734834,0,BOB,@phonepe,TECHNICAL_DECLINE
14962.06,9,174.59538425613542,0,SBI,@okaxis,TRANSACTION_TIMEOUT
32715.69,12,3.190414214042157,0,BOB,@okaxis,WRONG_DEBIT
62992.95,10,130.70800645128332,0,AXIS,@gpay,BENEFICIARY_NOT_CREDITED
2212.71,19,15.7248258210001,1,PNB,@phonepe,DUPLICATE_TRANSACTION
137.43,0,118.68213086923824,0,SBI,@ybl,TRANSACTION_TIMEOUT
4985.75,14,7.603182320265526,0,HDFC,@phonepe,TECHNICAL_DECLINE
13421.88,15,157.49536808596804,0,BOB,@upi,TRANSACTION_TIMEOUT
9744.51,9,13.343304160112046,1,PNB,@phonepe,DUPLICATE_TRANSACTION
1766.22,1,6.218418512898793,0,ICICI,@ybl,TECHNICAL_DECLINE
37599.9,15,7.192295011016882,0,AXIS,@paytm,BENEFICIARY_NOT_CREDITED
6123.98,14,2.4185507332017977,1,HDFC,@ybl,DUPLICATE_TRANSACTION
61769.58,9,111.0619325663604,0,HDFC,@paytm,BENEFICIARY_NOT_CREDITED
15019.12,12,117.92181163327655,0,BOB,@upi,TRANSACTION_TIMEOUT
57675.09,16,91.68033697622654,0,PNB,@okaxis,BENEFICIARY_NOT_CREDITED
9447.18,13,7.531585278493892,1,HDFC,@ybl,DUPLICATE_TRANSACTION
1187.44,20,8.763965888911638,1,BOB,@gpay,DUPLICATE_TRANSACTION
3876.19,18,5.090646157726908,0,AXIS,@upi,TECHNICAL_DECLINE
3594.11,11,18.974081116039088,1,AXIS,@gpay,DUPLICATE_TRANSACTION
87979.55,14,118.43957133621291,0,KOTAK,@ybl,BENEFICIARY_NOT_CREDITED
24503.58,14,9.222273122999352,0,KOTAK,@okaxis,WRONG_DEBIT
2773.9,9,23.208927729183053,1,ICICI,@phonepe,DUPLICATE_TRANSACTION
37688.75,19,0.5256969135818377,0,SBI,@gpay,WRONG_DEBIT
30219.69,9,11.877731587439179,0,PNB,@phonepe,WRONG_DEBIT
1210.88,12,10.212790012869723,0,ICICI,@phonepe,TECHNICAL_DECLINE
14274.12,23,134.30198561351781,0,AXIS,@paytm,TRANSACTION_TIMEOUT
52255.93,9,33.73487422987925,0,BOB,@upi,BENEFICIARY_NOT_CREDITED
33243.24,14,48.49519768287239,0,ICICI,@phonepe,WRONG_DEBIT
16885.27,17,171.6913940855256,0,AXIS,@paytm,TRANSACTION_TIMEOUT
953.12,10,2.1776969386860903,0,PNB,@ybl,TECHNICAL_DECLINE
8979.57,15,19.434674905174518,1,SBI,@upi,DUPLICATE_TRANSACTION
7160.37,16,62.20680093004023,0,KOTAK,@ybl,WRONG_DEBIT
18785.59,3,61.446019196194975,0,ICICI,@upi,TRANSACTION_TIMEOUT
9573.45,20,19.254416078254042,1,HDFC,@phonepe,DUPLICATE_TRANSACTION
3290.49,10,19.322496302892706,1,HDFC,@paytm,DUPLICATE_TRANSACTION
2497.24,20,6.558650723183938,0,BOB,@gpay,TECHNICAL_DECLINE
81096.19,13,66.85051113453903,0,BOB,@phonepe,BENEFICIARY_NOT_CREDITED
19278.84,20,143.62555510903115,0,AXIS,@phonepe,TRANSACTION_TIMEOUT
1890.55,18,19.6553292841361,1,SBI,@phonepe,DUPLICATE_TRANSACTION
5557.83,3,57.40506744099787,0,PNB,@okaxis,WRONG_DEBIT
8990.14,15,154.86818704138912,0,ICICI,@okaxis,BENEFICIARY_NOT_CREDITED
34388.76,4,4.171585610788928,0,KOTAK,@upi,WRONG_DEBIT
591.31,18,2.596653203179761,0,BOB,@upi,TECHNICAL_DECLINE
10308.52,3,129.63279132803035,0,SBI,@ybl,TRANSACTION_TIMEOUT
13082.52,21,9.689694731969382,0,HDFC,@paytm,WRONG_DEBIT
66356.65,12,34.12048694171003,0,SBI,@phonepe,BENEFICIARY_NOT_CREDITED
44980.07,3,13.290054618492304,0,ICICI,@okaxis,WRONG_DEBIT
9123.04,8,4.694281697562831,1,KOTAK,@ybl,DUPLICATE_TRANSACTION
18410.67,14,186.00652159304545,0,HDFC,@upi,TRANSACTION_TIMEOUT
151.78,13,7.936802983136069,0,AXIS,@ybl,TECHNICAL_DECLINE
48569.08,7,55.83453197391563,0,AXIS,@gpay,WRONG_DEBIT
1928.57,15,5.052812724191458,0,AXIS,@upi,TECHNICAL_DECLINE
31861.78,5,69.00920127894176,0,AXIS,@gpay,WRONG_DEBIT
14168.75,16,60.8799935367888,0,AXIS,@okaxis,WRONG_DEBIT
32872.86,3,36.0722787683832,0,BOB,@okaxis,WRONG_DEBIT
542.69,22,19.85064423166864,1,ICICI,@ybl,DUPLICATE_TRANSACTION
65606.96,15,43.86933528382056,0,AXIS,@ybl,BENEFICIARY_NOT_CREDITED
11364.23,18,14.913529589872297,0,HDFC,@phonepe,BENEFICIARY_NOT_CREDITED
6131.34,8,9.285688302152291,1,SBI,@okaxis,DUPLICATE_TRANSACTION
48266.28,23,51.09516964889761,0,AXIS,@upi,WRONG_DEBIT
11550.46,4,24.213101585457117,0,PNB,@paytm,WRONG_DEBIT
2308.08,1,1.4805939095298686,0,HDFC,@upi,TECHNICAL_DECLINE
56086.0,10,32.367310816919115,0,KOTAK,@gpay,BENEFICIARY_NOT_CREDITED
2017.17,0,5.54845845198083,0,ICICI,@paytm,TECHNICAL_DECLINE
92266.21,10,100.92630604339907,0,PNB,@ybl,BENEFICIARY_NOT_CREDITED
7831.49,13,22.862413317895943,1,AXIS,@paytm,DUPLICATE_TRANSACTION
1824.9,14,13.713282597357722,1,BOB,@paytm,DUPLICATE_TRANSACTION
3568.41,14,4.402060818016583,0,SBI,@okaxis,TECHNICAL_DECLINE
7164.07,19,16.697161065988595,0,BOB,@phonepe,WRONG_DEBIT
1230.87,16,9.930673000041471,0,ICICI,@upi,TECHNICAL_DECLINE
3230.01,0,4.8990435327965995,0,AXIS,@gpay,TECHNICAL_DECLINE
85202.66,16,53.02023256911346,0,SBI,@ybl,BENEFICIARY_NOT_CREDITED
1166.59,22,8.472221226557597,0,HDFC,@paytm,TECHNICAL_DECLINE
7370.61,12,1.1300377084039734,1,BOB,@paytm,DUPLICATE_TRANSACTION
9117.73,11,4.545560196658471,1,KOTAK,@phonepe,DUPLICATE_TRANSACTION
51566.11,18,118.99112853799687,0,KOTAK,@okaxis,BENEFICIARY_NOT_CREDITED
46593.42,10,58.177881588059776,0,BOB,@okaxis,WRONG_DEBIT
2089.33,15,60.37977816363487,0,AXIS,@upi,TRANSACTION_TIMEOUT
9693.05,11,29.57799687998612,0,AXIS,@paytm,WRONG_DEBIT
1586.98,4,3.0437904515930514,0,PNB,@ybl,TECHNICAL_DECLINE
16564.98,12,18.242642037143444,0,BOB,@gpay,WRONG_DEBIT
2993.92,6,2.8688135547832876,0,AXIS,@okaxis,TECHNICAL_DECLINE
11972.68,17,76.74210249321155,0,BOB,@ybl,BENEFICIARY_NOT_CREDITED
9349.29,21,114.20864571907903,0,HDFC,@paytm,TRANSACTION_TIMEOUT
5668.32,9,97.33880525190258,0,PNB,@upi,TRANSACTION_TIMEOUT
4015.29,14,8.115867880137774,0,PNB,@gpay,TECHNICAL_DECLINE
31988.73,15,54.74190557760048,0,HDFC,@gpay,WRONG_DEBIT
1852.77,17,18.98988272312859,1,PNB,@upi,DUPLICATE_TRANSACTION
6733.29,15,184.21282158019892,0,SBI,@phonepe,TRANSACTION_TIMEOUT
38996.13,9,39.08485058117839,0,KOTAK,@paytm,WRONG_DEBIT
1587.01,14,8.704341513096644,0,ICICI,@paytm,TECHNICAL_DECLINE
554.38,11,4.644200565177236,0,BOB,@phonepe,TECHNICAL_DECLINE
16638.69,9,76.98736451012417,0,BOB,@okaxis,BENEFICIARY_NOT_CREDITED
81854.03,13,135.05862828129733,0,AXIS,@paytm,BENEFICIARY_NOT_CREDITED
5464.38,15,68.6421473586002,0,KOTAK,@ybl,WRONG_DEBIT
6202.8,14,103.032714218418,0,PNB,@upi,TRANSACTION_TIMEOUT
42123.59,16,26.026294994800708,0,KOTAK,@ybl,BENEFICIARY_NOT_CREDITED
1747.55,18,13.838765003100928,1,SBI,@okaxis,DUPLICATE_TRANSACTION
27202.13,9,127.62136570317541,0,KOTAK,@paytm,BENEFICIARY_NOT_CREDITED
2586.61,21,4.562706964769189,0,BOB,@phonepe,TECHNICAL_DECLINE
327.01,13,105.60132716582615,0,KOTAK,@upi,TRANSACTION_TIMEOUT
991.78,20,8.613944726845851,0,AXIS,@paytm,TECHNICAL_DECLINE
5242.09,22,9.83440997274895,1,KOTAK,@ybl,DUPLICATE_TRANSACTION
31277.31,14,63.586939452073885,0,AXIS,@ybl,WRONG_DEBIT
1935.47,1,9.082426040254933,0,ICICI,@okaxis,TECHNICAL_DECLINE
4476.09,13,1.7317810693009354,0,ICICI,@ybl,TECHNICAL_DECLINE
11826.27,23,170.8003575454465,0,AXIS,@paytm,TRANSACTION_TIMEOUT
2853.19,14,54.66883576782143,0,SBI,@paytm,WRONG_DEBIT
5583.6,14,4.137390408652664,1,PNB,@paytm,DUPLICATE_TRANSACTION
10838.82,20,187.2755751127349,0,SBI,@gpay,TRANSACTION_TIMEOUT
2395.1,18,22.59937794977113,1,ICICI,@paytm,DUPLICATE_TRANSACTION
2235.18,17,22.297771494946225,1,SBI,@phonepe,DUPLICATE_TRANSACTION
548.9,12,171.788092223347,0,HDFC,@ybl,TRANSACTION_TIMEOUT
4926.06,8,8.49261539219908,0,PNB,@paytm,TECHNICAL_DECLINE
12278.24,20,67.83824083947269,0,SBI,@ybl,TRANSACTION_TIMEOUT
4411.78,10,9.342336071185002,0,KOTAK,@phonepe,TECHNICAL_DECLINE
6913.35,10,17.45568724522279,0,PNB,@paytm,WRONG_DEBIT
39294.95,8,18.274205194685607,0,BOB,@okaxis,WRONG_DEBIT
29083.21,16,131.23868742706378,0,SBI,@gpay,BENEFICIARY_NOT_CREDITED
5910.75,18,45.48608480578607,0,BOB,@okaxis,WRONG_DEBIT
12870.66,11,25.204551259742367,0,SBI,@gpay,WRONG_DEBIT
4030.59,10,2.9709754563355317,0,AXIS,@ybl,TECHNICAL_DECLINE
97076.99,14,56.614563992018276,0,HDFC,@ybl,BENEFICIARY_NOT_CREDITED
4312.24,13,6.607782798710522,0,PNB,@ybl,TECHNICAL_DECLINE
2044.75,21,2.1651150621810458,0,ICICI,@upi,TECHNICAL_DECLINE
4759.68,5,1.4681194647347708,0,HDFC,@ybl,TECHNICAL_DECLINE
45108.02,2,44.7431108784407,0,PNB,@phonepe,WRONG_DEBIT
2066.29,13,11.070043731526807,0,KOTAK,@okaxis,TECHNICAL_DECLINE
5445.46,15,13.580646966305398,1,BOB,@ybl,DUPLICATE_TRANSACTION
9204.89,16,11.929512656268361,1,BOB,@upi,DUPLICATE_TRANSACTION
12654.76,5,58.000735389437466,0,KOTAK,@phonepe,WRONG_DEBIT
3556.25,3,120.03119709483121,0,PNB,@okaxis,TRANSACTION_TIMEOUT
6263.22,3,112.92076439610108,0,ICICI,@gpay,TRANSACTION_TIMEOUT
5464.83,16,0.15910174924267118,1,HDFC,@paytm,DUPLICATE_TRANSACTION
8318.8,9,30.859172925508503,0,AXIS,@phonepe,BENEFICIARY_NOT_CREDITED
68635.09,11,157.81244933263042,0,ICICI,@upi,BENEFICIARY_NOT_CREDITED
7333.16,18,18.051467836551627,1,HDFC,@upi,DUPLICATE_TRANSACTION
7280.96,11,191.96154660941534,0,HDFC,@ybl,TRANSACTION_TIMEOUT
53217.82,18,23.960676006805915,0,BOB,@upi,BENEFICIARY_NOT_CREDITED
2872.13,8,29.216933413474067,0,ICICI,@ybl,WRONG_DEBIT
65198.28,9,131.2464629136902,0,SBI,@gpay,BENEFICIARY_NOT_CREDITED
13650.82,18,115.99210565116314,0,SBI,@gpay,TRANSACTION_TIMEOUT
11567.61,23,28.67349621645328,0,AXIS,@okaxis,WRONG_DEBIT
29589.29,17,156.64473590096944,0,BOB,@gpay,BENEFICIARY_NOT_CREDITED
232.63,13,12.184526673379038,1,AXIS,@gpay,DUPLICATE_TRANSACTION
6919.07,11,9.549514448924427,1,PNB,@upi,DUPLICATE_TRANSACTION
21369.61,2,62.238860567602,0,SBI,@ybl,WRONG_DEBIT
852.29,4,4.816031141766301,0,HDFC,@phonepe,TECHNICAL_DECLINE
1776.98,22,1.196676190581392,0,PNB,@ybl,TECHNICAL_DECLINE
4873.12,1,52.01041519413691,0,KOTAK,@ybl,WRONG_DEBIT
12225.16,15,149.73503235056725,0,HDFC,@okaxis,TRANSACTION_TIMEOUT
3568.94,17,3.1366995059645477,1,HDFC,@okaxis,DUPLICATE_TRANSACTION
5542.12,19,8.467959009348366,1,ICICI,@gpay,DUPLICATE_TRANSACTION
9698.36,15,20.20265239544228,1,BOB,@phonepe,DUPLICATE_TRANSACTION
3272.48,6,9.047410143311371,0,KOTAK,@phonepe,TECHNICAL_DECLINE
891.47,3,4.124052065806946,0,PNB,@phonepe,TECHNICAL_DECLINE
81150.13,10,72.70250428219944,0,ICICI,@okaxis,BENEFICIARY_NOT_CREDITED
1757.31,19,73.06079962839576,0,HDFC,@ybl,TRANSACTION_TIMEOUT
83133.75,16,51.55155625366063,0,BOB,@paytm,BENEFICIARY_NOT_CREDITED
91516.66,13,94.73516530087105,0,AXIS,@gpay,BENEFICIARY_NOT_CREDITED
2119.02,12,1.5634325753891791,0,KOTAK,@paytm,TECHNICAL_DECLINE
4635.81,7,8.317207491703915,0,ICICI,@phonepe,TECHNICAL_DECLINE
4767.1,15,8.731406937497713,0,ICICI,@upi,TECHNICAL_DECLINE
14194.77,14,120.96250136287036,0,BOB,@phonepe,TRANSACTION_TIMEOUT
19531.3,13,33.99134578670549,0,SBI,@phonepe,BENEFICIARY_NOT_CREDITED
4494.01,16,5.944888397883556,0,KOTAK,@ybl,TECHNICAL_DECLINE
47917.02,14,151.96859760447444,0,BOB,@upi,BENEFICIARY_NOT_CREDITED
22668.65,17,145.71368137710004,0,PNB,@paytm,BENEFICIARY_NOT_CREDITED
6172.5,17,1.1250060372768385,1,BOB,@gpay,DUPLICATE_TRANSACTION
92845.53,9,107.99813798494962,0,ICICI,@phonepe,BENEFICIARY_NOT_CREDITED
11665.53,13,194.07333117489387,0,PNB,@paytm,TRANSACTION_TIMEOUT
28424.45,0,43.301338827153415,0,AXIS,@upi,WRONG_DEBIT
48551.46,16,70.33834333928883,0,SBI,@gpay,BENEFICIARY_NOT_CREDITED
7700.67,22,174.65998552024362,0,ICICI,@phonepe,TRANSACTION_TIMEOUT
59592.99,9,37.87756923513681,0,BOB,@okaxis,BENEFICIARY_NOT_CREDITED
625.21,20,2.028685876935554,1,SBI,@upi,DUPLICATE_TRANSACTION
45627.3,21,23.91031791775085,0,AXIS,@gpay,WRONG_DEBIT
47216.71,3,54.15423316604098,0,ICICI,@gpay,WRONG_DEBIT
6283.71,2,87.31094857069871,0,BOB,@phonepe,TRANSACTION_TIMEOUT
11474.4,0,181.57790536993645,0,PNB,@paytm,TRANSACTION_TIMEOUT
1402.89,19,9.566222389588434,0,ICICI,@phonepe,TECHNICAL_DECLINE
2684.69,23,3.2747685714103376,0,BOB,@phonepe,TECHNICAL_DECLINE
1663.35,16,15.29691503805347,1,BOB,@upi,DUPLICATE_TRANSACTION
61837.45,15,153.23616335407723,0,AXIS,@ybl,BENEFICIARY_NOT_CREDITED
49148.61,7,62.139210245380184,0,HDFC,@gpay,WRONG_DEBIT
4369.63,22,3.924618376807066,1,SBI,@ybl,DUPLICATE_TRANSACTION
4086.57,8,1.0249455069964348,1,ICICI,@gpay,DUPLICATE_TRANSACTION
2857.56,18,0.4552270802710354,0,PNB,@paytm,TECHNICAL_DECLINE
6082.22,14,109.80004359981535,0,BOB,@upi,TRANSACTION_TIMEOUT
30460.05,16,85.04076900068459,0,ICICI,@upi,BENEFICIARY_NOT_CREDITED
32150.84,9,120.30456364020591,0,SBI,@gpay,BENEFICIARY_NOT_CREDITED
1336.92,17,11.825023519758762,1,ICICI,@upi,DUPLICATE_TRANSACTION
36761.9,14,68.42625118930117,0,BOB,@phonepe,WRONG_DEBIT
1200.71,6,3.6693242450914814,0,ICICI,@upi,TECHNICAL_DECLINE
2061.2,0,3.3261192726610345,0,BOB,@gpay,TECHNICAL_DECLINE
4339.12,22,4.1611154235468035,0,KOTAK,@ybl,TECHNICAL_DECLINE
3500.17,10,5.480083215069295,0,ICICI,@okaxis,TECHNICAL_DECLINE
44607.64,7,1.4179551248719555,0,AXIS,@gpay,WRONG_DEBIT
34368.5,12,9.429095262227058,0,ICICI,@ybl,BENEFICIARY_NOT_CREDITED
10596.35,11,26.472015089922262,0,BOB,@ybl,BENEFICIARY_NOT_CREDITED
2653.06,18,90.96852188191913,0,ICICI,@upi,BENEFICIARY_NOT_CREDITED
3229.92,7,82.98302791058862,0,HDFC,@phonepe,TRANSACTION_TIMEOUT
20048.08,4,17.894744121640585,0,ICICI,@phonepe,WRONG_DEBIT
40960.79,15,51.02652781057177,0,SBI,@phonepe,WRONG_DEBIT
53664.98,16,10.041210794920419,0,KOTAK,@phonepe,BENEFICIARY_NOT_CREDITED
13741.8,4,64.46598957947924,0,BOB,@upi,WRONG_DEBIT
94657.18,15,52.02658656903708,0,HDFC,@okaxis,BENEFICIARY_NOT_CREDITED
865.72,11,10.270211138212805,0,ICICI,@phonepe,TECHNICAL_DECLINE
5155.85,21,0.8542397513473556,1,AXIS,@okaxis,DUPLICATE_TRANSACTION
29360.49,7,59.20527880163692,0,PNB,@phonepe,WRONG_DEBIT
17529.9,23,16.071393404187788,0,PNB,@phonepe,WRONG_DEBIT
4808.89,2,7.397644732560272,0,BOB,@ybl,TECHNICAL_DECLINE
16725.76,15,61.79914860773409,0,SBI,@phonepe,WRONG_DEBIT
18992.94,12,113.70089001377195,0,ICICI,@gpay,TRANSACTION_TIMEOUT
3195.84,4,11.767938966542525,0,AXIS,@gpay,TECHNICAL_DECLINE
42010.79,13,8.663371902991816,0,AXIS,@gpay,WRONG_DEBIT
33600.42,17,47.313585178980524,0,PNB,@ybl,WRONG_DEBIT
3227.83,8,20.976019223768198,1,HDFC,@ybl,DUPLICATE_TRANSACTION
18797.0,10,54.31340262258492,0,ICICI,@paytm,TRANSACTION_TIMEOUT
60907.78,15,84.6627982783976,0,SBI,@upi,BENEFICIARY_NOT_CREDITED
11953.36,14,181.34419724163905,0,SBI,@gpay,TRANSACTION_TIMEOUT
6958.03,14,0.575488492173652,1,KOTAK,@paytm,DUPLICATE_TRANSACTION
285.92,1,0.9437669738942964,0,SBI,@ybl,TECHNICAL_DECLINE
42494.0,23,15.591531121674862,0,ICICI,@ybl,WRONG_DEBIT
2669.78,17,1.1779583875489519,0,KOTAK,@gpay,TECHNICAL_DECLINE
14124.27,12,47.2639411110414,0,AXIS,@gpay,WRONG_DEBIT
2662.71,13,11.602624700211539,0,AXIS,@upi,TECHNICAL_DECLINE
3695.91,2,6.3293066755503595,0,PNB,@phonepe,TECHNICAL_DECLINE
18626.18,1,198.93769697307525,0,PNB,@paytm,TRANSACTION_TIMEOUT
1970.87,12,9.104944874954612,0,KOTAK,@gpay,TECHNICAL_DECLINE
9624.8,16,53.20977552107565,0,AXIS,@gpay,TRANSACTION_TIMEOUT
3216.2,0,158.0483720974953,0,KOTAK,@paytm,TRANSACTION_TIMEOUT
45019.14,12,77.50293269157395,0,SBI,@ybl,BENEFICIARY_NOT_CREDITED
2265.39,17,38.28711351330832,0,PNB,@upi,BENEFICIARY_NOT_CREDITED
47975.42,7,3.579614872802419,0,AXIS,@okaxis,WRONG_DEBIT
19050.77,16,163.55572809993538,0,KOTAK,@upi,TRANSACTION_TIMEOUT
1919.02,20,3.0636389267456026,0,SBI,@okaxis,TECHNICAL_DECLINE
1101.66,14,10.700385070988307,0,SBI,@ybl,TECHNICAL_DECLINE
5342.37,1,191.4605373895674,0,AXIS,@okaxis,TRANSACTION_TIMEOUT
3643.77,14,4.470890885744522,0,BOB,@okaxis,TECHNICAL_DECLINE
76404.72,10,15.028180755471865,0,SBI,@phonepe,BENEFICIARY_NOT_CREDITED
1004.13,21,140.35825914838904,0,SBI,@ybl,TRANSACTION_TIMEOUT
9969.43,11,22.227079823701512,1,HDFC,@okaxis,DUPLICATE_TRANSACTION
45813.64,20,31.600479417179915,0,KOTAK,@gpay,WRONG_DEBIT
36015.98,4,25.16327773113869,0,BOB,@phonepe,WRONG_DEBIT
6692.4,6,84.51441637516479,0,AXIS,@upi,TRANSACTION_TIMEOUT
9694.01,7,50.801135710664425,0,ICICI,@paytm,TRANSACTION_TIMEOUT
9953.07,17,121.11676657539857,0,KOTAK,@gpay,TRANSACTION_TIMEOUT
2243.85,9,131.22089964921736,0,PNB,@gpay,TRANSACTION_TIMEOUT
42620.48,4,18.908725260679553,0,HDFC,@gpay,WRONG_DEBIT
95552.84,13,57.281546955173695,0,HDFC,@upi,BENEFICIARY_NOT_CREDITED
49839.7,9,42.469487067042046,0,HDFC,@okaxis,WRONG_DEBIT
33323.82,18,66.12499212950786,0,BOB,@gpay,WRONG_DEBIT
4248.52,12,7.573168825350491,0,ICICI,@okaxis,TECHNICAL_DECLINE
2443.72,9,4.530078390007917,0,AXIS,@gpay,TECHNICAL_DECLINE
10189.67,9,17.908606155834626,0,ICICI,@upi,WRONG_DEBIT
1472.1,18,5.721687353816462,0,ICICI,@phonepe,WRONG_DEBIT
6189.37,17,22.484121720676196,1,HDFC,@ybl,DUPLICATE_TRANSACTION
11082.48,18,95.58772350561799,0,PNB,@ybl,BENEFICIARY_NOT_CREDITED
99041.78,15,127.0173375361424,0,ICICI,@okaxis,BENEFICIARY_NOT_CREDITED
2533.0,6,4.3107155352630695,0,KOTAK,@okaxis,TECHNICAL_DECLINE
3219.57,10,71.59083948102538,0,BOB,@phonepe,TRANSACTION_TIMEOUT
1208.17,5,67.36400239148273,0,HDFC,@gpay,TRANSACTION_TIMEOUT
8976.73,12,0.9348711441064443,1,AXIS,@upi,DUPLICATE_TRANSACTION
9087.0,3,76.03673457080654,0,HDFC,@upi,TRANSACTION_TIMEOUT
52106.38,9,138.95298288628373,0,HDFC,@okaxis,BENEFICIARY_NOT_CREDITED
7744.81,16,21.181480570116484,1,HDFC,@phonepe,DUPLICATE_TRANSACTION
20699.61,13,3.12800540845042,0,KOTAK,@paytm,WRONG_DEBIT
2253.35,10,11.707119141913246,1,KOTAK,@phonepe,DUPLICATE_TRANSACTION
48848.46,18,6.618793543267513,0,KOTAK,@ybl,BENEFICIARY_NOT_CREDITED
4221.21,13,3.3728416216913457,1,AXIS,@okaxis,DUPLICATE_TRANSACTION
82998.21,13,51.558601935129396,0,ICICI,@paytm,BENEFICIARY_NOT_CREDITED
1684.7,12,16.657913009283792,1,ICICI,@phonepe,DUPLICATE_TRANSACTION
2766.68,12,2.2967141322064606,0,HDFC,@gpay,TECHNICAL_DECLINE
4770.64,2,93.6309191568395,0,HDFC,@gpay,TRANSACTION_TIMEOUT
41896.15,3,65.76478539688122,0,HDFC,@upi,WRONG_DEBIT
3864.56,14,15.151162788956238,1,BOB,@paytm,DUPLICATE_TRANSACTION
78904.63,18,128.29298911620361,0,PNB,@okaxis,BENEFICIARY_NOT_CREDITED
227.38,2,51.72510635913558,0,AXIS,@paytm,TRANSACTION_TIMEOUT
2882.52,23,1.489684924258524,0,HDFC,@okaxis,TECHNICAL_DECLINE
713.45,10,10.16398688686019,0,AXIS,@upi,TECHNICAL_DECLINE
800.77,9,8.715373231727062,0,AXIS,@okaxis,TECHNICAL_DECLINE
3378.5,6,3.4735923764160743,0,HDFC,@gpay,TECHNICAL_DECLINE
8309.95,10,34.06669256231404,0,HDFC,@okaxis,BENEFICIARY_NOT_CREDITED
5632.13,17,45.611142452485446,0,SBI,@paytm,WRONG_DEBIT
92202.17,12,27.147586469218847,0,PNB,@paytm,BENEFICIARY_NOT_CREDITED
17490.1,21,48.33842068222981,0,SBI,@ybl,TRANSACTION_TIMEOUT
25166.17,13,0.09817666725645058,0,PNB,@phonepe,WRONG_DEBIT
40352.94,12,32.63294475679323,0,SBI,@upi,WRONG_DEBIT
2347.98,6,0.8305075784129743,0,ICICI,@paytm,TECHNICAL_DECLINE
81027.76,14,128.40888656706335,0,AXIS,@phonepe,BENEFICIARY_NOT_CREDITED
47643.22,11,77.44001500156831,0,PNB,@ybl,BENEFICIARY_NOT_CREDITED
1417.09,1,5.459927355555645,0,SBI,@paytm,TECHNICAL_DECLINE
2226.47,22,10.793606447969314,1,SBI,@okaxis,DUPLICATE_TRANSACTION
3105.84,16,5.397330969903763,0,KOTAK,@gpay,TECHNICAL_DECLINE
6123.74,19,5.490224610540463,1,PNB,@okaxis,DUPLICATE_TRANSACTION
9351.68,15,161.89978850019526,0,HDFC,@paytm,BENEFICIARY_NOT_CREDITED
436.74,5,112.84734943047006,0,BOB,@ybl,TRANSACTION_TIMEOUT
23757.41,10,118.37145393986947,0,KOTAK,@paytm,BENEFICIARY_NOT_CREDITED
49146.59,15,41.31979297568932,0,PNB,@paytm,BENEFICIARY_NOT_CREDITED
1435.44,17,43.3843705448161,0,PNB,@phonepe,WRONG_DEBIT
40996.87,10,28.6791835635446,0,ICICI,@ybl,BENEFICIARY_NOT_CREDITED
19486.02,9,1.5349188180503575,0,SBI,@ybl,WRONG_DEBIT
95083.03,15,78.46781683048357,0,SBI,@okaxis,BENEFICIARY_NOT_CREDITED
15520.46,20,136.74948570191043,0,KOTAK,@okaxis,TRANSACTION_TIMEOUT
51122.18,17,12.579175554503589,0,HDFC,@upi,BENEFICIARY_NOT_CREDITED
4112.35,9,0.6084759214331745,1,HDFC,@ybl,DUPLICATE_TRANSACTION
178.18,2,115.56639905211001,0,BOB,@gpay,TRANSACTION_TIMEOUT
6332.65,9,138.51878611732383,0,BOB,@gpay,TRANSACTION_TIMEOUT
22263.15,3,7.966661237728361,0,HDFC,@ybl,WRONG_DEBIT
28729.35,13,59.91461154631599,0,HDFC,@phonepe,WRONG_DEBIT
215.77,2,3.2165943044376983,0,SBI,@paytm,TECHNICAL_DECLINE
33751.67,18,71.61996912041602,0,SBI,@gpay,BENEFICIARY_NOT_CREDITED
2409.61,18,12.455588275737416,1,PNB,@okaxis,DUPLICATE_TRANSACTION
19700.05,10,104.85189198627117,0,ICICI,@gpay,TRANSACTION_TIMEOUT
4929.63,15,9.313859106275977,0,HDFC,@gpay,TECHNICAL_DECLINE
3665.91,22,0.030295171100033436,1,BOB,@paytm,DUPLICATE_TRANSACTION
61910.29,18,98.46237471758393,0,AXIS,@upi,BENEFICIARY_NOT_CREDITED
19600.94,6,157.33982034518834,0,PNB,@paytm,TRANSACTION_TIMEOUT
2440.35,14,2.824296453931837,0,AXIS,@gpay,TECHNICAL_DECLINE
4358.36,13,8.333647183749552,0,ICICI,@phonepe,TECHNICAL_DECLINE
2527.02,23,1.826837980368237,0,ICICI,@upi,TECHNICAL_DECLINE
4131.15,16,4.513389574690695,0,SBI,@upi,TECHNICAL_DECLINE
8372.38,10,20.778161909430455,1,PNB,@ybl,DUPLICATE_TRANSACTION
2320.85,2,3.129293981310312,0,HDFC,@gpay,TECHNICAL_DECLINE
57862.44,10,150.3892218826169,0,AXIS,@okaxis,BENEFICIARY_NOT_CREDITED
8862.34,1,113.42400593229581,0,SBI,@phonepe,TRANSACTION_TIMEOUT
3241.31,15,10.472563346832587,0,BOB,@phonepe,TECHNICAL_DECLINE
12189.75,3,181.88712076096974,0,HDFC,@ybl,TRANSACTION_TIMEOUT
3456.11,14,16.73966320958143,1,KOTAK,@okaxis,DUPLICATE_TRANSACTION
1021.09,11,9.001384400991213,0,AXIS,@phonepe,TECHNICAL_DECLINE
4251.66,18,129.33744509132333,0,KOTAK,@ybl,TRANSACTION_TIMEOUT
5171.05,9,47.70875911680595,0,PNB,@upi,WRONG_DEBIT
36381.61,9,142.44149253477516,0,ICICI,@okaxis,BENEFICIARY_NOT_CREDITED
2580.32,10,11.410466318537628,1,BOB,@paytm,DUPLICATE_TRANSACTION
4929.27,12,11.445175476136487,0,KOTAK,@gpay,TECHNICAL_DECLINE
32554.34,18,140.23641564939058,0,PNB,@paytm,BENEFICIARY_NOT_CREDITED
2873.43,11,66.034833852055,0,HDFC,@paytm,BENEFICIARY_NOT_CREDITED
33373.78,3,48.04000860073933,0,PNB,@paytm,WRONG_DEBIT
40917.02,13,5.313570006936989,0,HDFC,@okaxis,WRONG_DEBIT
3931.28,8,167.7427576062197,0,BOB,@upi,TRANSACTION_TIMEOUT
3171.32,2,1.671780819972648,0,HDFC,@gpay,TECHNICAL_DECLINE
2439.25,23,40.03496424007082,0,ICICI,@upi,WRONG_DEBIT
5355.47,12,15.984226042898921,1,AXIS,@okaxis,DUPLICATE_TRANSACTION
351.05,21,8.239181573698978,0,PNB,@okaxis,TECHNICAL_DECLINE
9613.62,6,150.42577634520455,0,ICICI,@paytm,TRANSACTION_TIMEOUT
13258.43,8,38.1042220070255,0,AXIS,@upi,WRONG_DEBIT
18978.88,7,143.4757062104501,0,AXIS,@phonepe,TRANSACTION_TIMEOUT
72601.61,10,102.18670443542285,0,ICICI,@paytm,BENEFICIARY_NOT_CREDITED
2780.06,4,0.2518951365942388,0,ICICI,@paytm,TECHNICAL_DECLINE
3663.45,12,9.863368685909538,0,HDFC,@ybl,TECHNICAL_DECLINE
1356.3,20,143.36152646065966,0,PNB,@gpay,TRANSACTION_TIMEOUT
7861.48,13,18.849487655233943,0,HDFC,@upi,WRONG_DEBIT
12190.26,13,125.02492699600514,0,SBI,@upi,TRANSACTION_TIMEOUT
2996.17,13,10.171400379756816,0,AXIS,@phonepe,TECHNICAL_DECLINE
41846.4,4,16.223629178641513,0,KOTAK,@upi,WRONG_DEBIT
35679.55,23,16.424350078541206,0,ICICI,@phonepe,WRONG_DEBIT
7905.1,16,3.580439487489076,1,PNB,@ybl,DUPLICATE_TRANSACTION
18239.04,5,105.8412144108537,0,KOTAK,@gpay,TRANSACTION_TIMEOUT
11705.15,19,176.5485982220015,0,KOTAK,@phonepe,TRANSACTION_TIMEOUT
9369.2,13,4.440218193590184,1,KOTAK,@ybl,DUPLICATE_TRANSACTION
26184.75,17,47.496326550395345,0,ICICI,@upi,BENEFICIARY_NOT_CREDITED
15358.2,23,130.40354319006914,0,KOTAK,@paytm,TRANSACTION_TIMEOUT
3811.84,7,15.89662405353722,0,AXIS,@phonepe,WRONG_DEBIT
30289.49,16,1.7655701568288258,0,KOTAK,@ybl,WRONG_DEBIT
1794.94,10,96.22413190288125,0,SBI,@okaxis,TRANSACTION_TIMEOUT
38569.08,12,50.29923117154845,0,ICICI,@ybl,WRONG_DEBIT
2446.66,19,0.6255658124444272,0,SBI,@okaxis,TECHNICAL_DECLINE
34435.96,0,51.35322925851461,0,SBI,@ybl,WRONG_DEBIT
4732.82,9,9.898951323970117,1,PNB,@ybl,DUPLICATE_TRANSACTION
14524.43,6,70.15463910192096,0,SBI,@okaxis,TRANSACTION_TIMEOUT
7709.8,9,30.25991882350759,0,SBI,@phonepe,BENEFICIARY_NOT_CREDITED
2988.24,15,5.620885291954446,0,ICICI,@upi,TECHNICAL_DECLINE
19406.41,18,77.72593506760848,0,BOB,@phonepe,TRANSACTION_TIMEOUT
17069.03,10,164.07341310852036,0,HDFC,@okaxis,TRANSACTION_TIMEOUT
2623.07,15,6.4663763670068315,1,HDFC,@paytm,DUPLICATE_TRANSACTION
24026.27,6,71.11000839016567,0,AXIS,@paytm,WRONG_DEBIT
7133.79,14,3.5620236327589865,1,SBI,@ybl,DUPLICATE_TRANSACTION
17270.62,3,63.71833122050408,0,SBI,@okaxis,TRANSACTION_TIMEOUT
73163.19,11,35.28281139384989,0,HDFC,@paytm,BENEFICIARY_NOT_CREDITED
310.51,12,11.474888138405506,0,HDFC,@upi,TECHNICAL_DECLINE
3527.18,18,11.568088099312334,0,PNB,@phonepe,TECHNICAL_DECLINE
782.65,14,2.6780595447017475,0,BOB,@gpay,TECHNICAL_DECLINE
2061.84,15,49.172537532153754,0,KOTAK,@okaxis,WRONG_DEBIT
923.92,18,10.59304211667676,1,PNB,@ybl,DUPLICATE_TRANSACTION
76368.42,13,91.97635068947272,0,ICICI,@gpay,BENEFICIARY_NOT_CREDITED
23649.62,0,4.611845764794615,0,AXIS,@paytm,WRONG_DEBIT
1545.14,17,5.639523469214227,0,BOB,@upi,TECHNICAL_DECLINE
21898.99,22,11.531935299069316,0,KOTAK,@upi,WRONG_DEBIT
15264.45,6,143.64305785391562,0,SBI,@paytm,TRANSACTION_TIMEOUT
6284.59,19,7.853708151605566,1,SBI,@paytm,DUPLICATE_TRANSACTION
1014.19,11,63.72013293068865,0,HDFC,@okaxis,WRONG_DEBIT
30960.33,22,38.71916383011648,0,SBI,@upi,WRONG_DEBIT
1375.33,22,4.150037206648212,1,PNB,@paytm,DUPLICATE_TRANSACTION
10569.22,0,71.71434230006761,0,ICICI,@gpay,WRONG_DEBIT
3290.16,10,17.899733600770304,1,KOTAK,@gpay,DUPLICATE_TRANSACTION
35298.93,6,48.215919401970446,0,PNB,@gpay,WRONG_DEBIT
20150.39,16,56.259302875017546,0,ICICI,@okaxis,BENEFICIARY_NOT_CREDITED
49032.49,18,10.191298761653073,0,KOTAK,@paytm,WRONG_DEBIT
648.1,13,8.513570612346705,0,ICICI,@paytm,TECHNICAL_DECLINE
16820.65,13,141.0568793609519,0,BOB,@okaxis,TRANSACTION_TIMEOUT
14564.98,9,49.405960662713966,0,ICICI,@paytm,TRANSACTION_TIMEOUT
37694.72,13,11.734361078283568,0,HDFC,@ybl,BENEFICIARY_NOT_CREDITED
21851.12,8,41.78050989978134,0,HDFC,@paytm,WRONG_DEBIT
1508.23,23,3.975454022197637,0,HDFC,@paytm,TECHNICAL_DECLINE
73022.38,10,82.7968404293448,0,SBI,@gpay,BENEFICIARY_NOT_CREDITED
4732.32,22,2.039476768588215,0,HDFC,@okaxis,TECHNICAL_DECLINE
3027.61,9,8.607954920423838,1,SBI,@paytm,DUPLICATE_TRANSACTION
4825.19,13,7.3832862293552495,0,PNB,@ybl,TECHNICAL_DECLINE
36567.31,6,8.79617106730138,0,BOB,@gpay,WRONG_DEBIT
37561.55,12,117.2844605308895,0,ICICI,@upi,BENEFICIARY_NOT_CREDITED
4683.7,10,6.038572028647656,0,KOTAK,@gpay,TECHNICAL_DECLINE
12993.64,20,94.23242088945038,0,SBI,@phonepe,TRANSACTION_TIMEOUT
47736.88,22,22.03650060132122,0,AXIS,@gpay,WRONG_DEBIT
74742.13,12,100.50100266791964,0,HDFC,@paytm,BENEFICIARY_NOT_CREDITED
5878.99,10,55.8931316395054,0,BOB,@phonepe,WRONG_DEBIT
50900.96,15,140.4156062850606,0,AXIS,@ybl,BENEFICIARY_NOT_CREDITED
2805.6,5,4.8223913348058005,0,ICICI,@paytm,TECHNICAL_DECLINE
5599.57,18,50.83951380360291,0,ICICI,@paytm,TRANSACTION_TIMEOUT
90893.36,14,134.9910562463283,0,KOTAK,@okaxis,BENEFICIARY_NOT_CREDITED
35364.26,18,33.90392506477809,0,BOB,@okaxis,WRONG_DEBIT
1441.4,9,173.67623008017165,0,ICICI,@gpay,TRANSACTION_TIMEOUT
4959.11,7,4.415714260096401,0,PNB,@phonepe,TECHNICAL_DECLINE
66244.71,14,100.57496383667014,0,ICICI,@paytm,BENEFICIARY_NOT_CREDITED
73777.0,14,95.10965700395244,0,AXIS,@phonepe,BENEFICIARY_NOT_CREDITED
9968.92,19,197.3482729315283,0,HDFC,@paytm,TRANSACTION_TIMEOUT
7874.02,17,19.139543392941707,1,ICICI,@paytm,DUPLICATE_TRANSACTION
75980.31,16,69.75008682348953,0,ICICI,@ybl,BENEFICIARY_NOT_CREDITED
32851.28,10,15.656445306185608,0,AXIS,@paytm,BENEFICIARY_NOT_CREDITED
2892.94,11,11.615757870430372,0,KOTAK,@ybl,TECHNICAL_DECLINE
39919.81,3,63.23000658379047,0,PNB,@gpay,WRONG_DEBIT
1251.23,11,4.834020920798004,1,PNB,@okaxis,DUPLICATE_TRANSACTION
3906.58,1,0.0931488199901529,0,KOTAK,@gpay,TECHNICAL_DECLINE
46121.39,10,22.694086120727473,0,KOTAK,@upi,BENEFICIARY_NOT_CREDITED
4451.8,18,7.40913174046736,0,ICICI,@paytm,TECHNICAL_DECLINE
5687.19,3,160.5519836676006,0,PNB,@gpay,TRANSACTION_TIMEOUT
3061.06,20,5.749972484467872,0,BOB,@okaxis,TECHNICAL_DECLINE
4718.77,18,21.752712058249767,1,SBI,@upi,DUPLICATE_TRANSACTION
18707.32,7,80.10903792956718,0,PNB,@ybl,TRANSACTION_TIMEOUT
4421.45,21,4.233190108762515,0,BOB,@gpay,TECHNICAL_DECLINE
1890.93,20,11.558826948110895,0,KOTAK,@okaxis,TECHNICAL_DECLINE
2043.16,20,1.2589606534926476,0,BOB,@phonepe,TECHNICAL_DECLINE
9694.63,15,9.502217298151836,1,ICICI,@paytm,DUPLICATE_TRANSACTION
141.91,0,5.643167606342904,0,AXIS,@okaxis,TECHNICAL_DECLINE
61739.91,18,142.89208774830126,0,PNB,@upi,BENEFICIARY_NOT_CREDITED
78292.46,14,78.24665203859286,0,PNB,@upi,BENEFICIARY_NOT_CREDITED
87020.06,13,47.276331681186896,0,BOB,@paytm,BENEFICIARY_NOT_CREDITED
8119.54,5,161.0602356848014,0,ICICI,@ybl,TRANSACTION_TIMEOUT
28838.52,12,50.71894236173409,0,AXIS,@phonepe,BENEFICIARY_NOT_CREDITED
634.71,12,0.3719108048095774,0,BOB,@upi,TECHNICAL_DECLINE
25323.82,18,109.92732251862982,0,KOTAK,@gpay,BENEFICIARY_NOT_CREDITED
2627.05,20,7.641964916345933,0,BOB,@okaxis,TECHNICAL_DECLINE
23156.86,19,50.691079321226134,0,KOTAK,@ybl,WRONG_DEBIT
50875.02,14,76.22339054743189,0,BOB,@gpay,BENEFICIARY_NOT_CREDITED
6664.33,21,197.90578437745546,0,KOTAK,@paytm,TRANSACTION_TIMEOUT
9591.33,9,199.3916191847571,0,ICICI,@phonepe,TRANSACTION_TIMEOUT
24491.4,22,15.157145471042547,0,AXIS,@upi,WRONG_DEBIT
40337.88,14,33.529804564458956,0,AXIS,@paytm,WRONG_DEBIT
3231.4,8,15.406047038987532,1,HDFC,@ybl,DUPLICATE_TRANSACTION
2719.55,12,7.006418569987016,0,ICICI,@gpay,TECHNICAL_DECLINE
7183.42,16,7.717124155018542,1,HDFC,@gpay,DUPLICATE_TRANSACTION
4147.12,17,14.496354521525063,1,ICICI,@okaxis,DUPLICATE_TRANSACTION
68370.73,9,122.58358393815858,0,ICICI,@paytm,BENEFICIARY_NOT_CREDITED
9304.0,18,19.227904986009825,1,SBI,@gpay,DUPLICATE_TRANSACTION
4640.15,13,16.664538086230472,1,PNB,@phonepe,DUPLICATE_TRANSACTION
14308.7,14,11.223012290140105,0,KOTAK,@upi,WRONG_DEBIT
9499.89,4,17.688029730948497,0,AXIS,@ybl,WRONG_DEBIT
14671.76,19,23.74122434711866,0,HDFC,@okaxis,WRONG_DEBIT
7132.58,13,8.835466744543876,1,PNB,@ybl,DUPLICATE_TRANSACTION
45671.03,4,2.6458452563637795,0,AXIS,@paytm,WRONG_DEBIT
5104.38,6,111.55069252926859,0,SBI,@phonepe,TRANSACTION_TIMEOUT
56578.28,16,134.46563500465354,0,HDFC,@gpay,BENEFICIARY_NOT_CREDITED
27595.51,7,66.75635146880434,0,KOTAK,@paytm,WRONG_DEBIT
4828.33,19,18.139795086210164,1,HDFC,@ybl,DUPLICATE_TRANSACTION
3451.54,15,18.262449527704437,0,ICICI,@gpay,BENEFICIARY_NOT_CREDITED
9072.88,16,15.57857791844403,1,PNB,@upi,DUPLICATE_TRANSACTION
18297.42,9,20.396404312444744,0,KOTAK,@upi,WRONG_DEBIT
25209.07,9,157.44725567746067,0,SBI,@phonepe,BENEFICIARY_NOT_CREDITED
81222.21,14,97.96559686664865,0,HDFC,@gpay,BENEFICIARY_NOT_CREDITED
4323.7,10,113.16299343858492,0,AXIS,@ybl,TRANSACTION_TIMEOUT
15386.39,19,169.90553091592312,0,SBI,@gpay,TRANSACTION_TIMEOUT
6497.04,15,9.838620696871107,1,ICICI,@okaxis,DUPLICATE_TRANSACTION
402.41,21,9.881766862666003,0,HDFC,@paytm,TECHNICAL_DECLINE
971.92,23,9.897717944758814,0,AXIS,@okaxis,TECHNICAL_DECLINE
14445.37,4,192.10210503565824,0,AXIS,@okaxis,TRANSACTION_TIMEOUT
9268.71,21,13.230832895457745,0,HDFC,@okaxis,WRONG_DEBIT
7553.04,10,150.833257045979,0,AXIS,@paytm,TRANSACTION_TIMEOUT
15487.85,1,113.61322279113439,0,AXIS,@paytm,TRANSACTION_TIMEOUT
47813.67,21,7.7626316281432555,0,HDFC,@paytm,WRONG_DEBIT
5881.78,11,6.068433757306106,1,KOTAK,@paytm,DUPLICATE_TRANSACTION
8784.83,15,183.89511126924788,0,HDFC,@ybl,TRANSACTION_TIMEOUT
7308.35,16,15.57728222494794,1,PNB,@gpay,DUPLICATE_TRANSACTION
5922.85,18,20.52404019339315,1,HDFC,@upi,DUPLICATE_TRANSACTION
872.0,12,9.398359595131708,0,KOTAK,@gpay,TECHNICAL_DECLINE
221.98,10,16.151855005265155,0,AXIS,@paytm,WRONG_DEBIT
1816.03,14,1.0109694360301615,1,HDFC,@okaxis,DUPLICATE_TRANSACTION
8856.16,16,5.5961656544866125,1,AXIS,@ybl,DUPLICATE_TRANSACTION
18592.19,9,53.6979402286858,0,KOTAK,@okaxis,BENEFICIARY_NOT_CREDITED
49354.06,17,90.41978970532203,0,AXIS,@gpay,BENEFICIARY_NOT_CREDITED
4674.31,1,4.802752214090438,0,ICICI,@gpay,TECHNICAL_DECLINE
4169.91,23,8.910029860656746,0,HDFC,@gpay,TECHNICAL_DECLINE
19523.2,17,56.05841935451022,0,SBI,@phonepe,TRANSACTION_TIMEOUT
14103.4,11,124.49695348812385,0,SBI,@gpay,TRANSACTION_TIMEOUT
49361.42,9,142.0552990498691,0,AXIS,@upi,BENEFICIARY_NOT_CREDITED
32371.95,8,31.67717125419875,0,PNB,@upi,WRONG_DEBIT
91723.18,14,30.539633925396615,0,AXIS,@gpay,BENEFICIARY_NOT_CREDITED
11047.23,22,86.09248065448985,0,AXIS,@okaxis,TRANSACTION_TIMEOUT
1378.27,14,0.04324228857131329,0,PNB,@upi,TECHNICAL_DECLINE
1435.66,10,5.742615264782552,0,AXIS,@paytm,TECHNICAL_DECLINE
1819.57,19,126.12026318921686,0,KOTAK,@ybl,TRANSACTION_TIMEOUT
5502.98,10,9.573252711734654,1,HDFC,@okaxis,DUPLICATE_TRANSACTION
5175.23,10,21.44594038743741,1,PNB,@upi,DUPLICATE_TRANSACTION
35401.44,12,18.51534039233549,0,AXIS,@paytm,WRONG_DEBIT
17145.85,15,5.366291094378464,0,KOTAK,@ybl,WRONG_DEBIT
16800.97,23,51.64094427706764,0,KOTAK,@okaxis,WRONG_DEBIT
39765.43,2,49.678106639025785,0,PNB,@ybl,WRONG_DEBIT
6181.73,15,195.3509453254317,0,KOTAK,@phonepe,TRANSACTION_TIMEOUT
7302.83,18,37.70616398562034,0,HDFC,@gpay,WRONG_DEBIT
13786.85,14,40.783139177843395,0,SBI,@upi,BENEFICIARY_NOT_CREDITED
8778.98,15,133.23114372049986,0,HDFC,@okaxis,BENEFICIARY_NOT_CREDITED
519.44,19,6.67640274890484,0,SBI,@okaxis,TECHNICAL_DECLINE
26162.74,0,67.02926411164174,0,HDFC,@ybl,WRONG_DEBIT
34637.75,23,49.3311567666218,0,AXIS,@paytm,WRONG_DEBIT
17469.73,16,79.04566011101252,0,HDFC,@upi,BENEFICIARY_NOT_CREDITED
23617.65,9,4.191491399099306,0,ICICI,@gpay,WRONG_DEBIT
19503.33,18,104.69449400354507,0,AXIS,@okaxis,TRANSACTION_TIMEOUT
9114.93,4,146.51373948623097,0,SBI,@ybl,TRANSACTION_TIMEOUT
33517.58,10,70.16008029021995,0,HDFC,@paytm,WRONG_DEBIT
4633.25,1,8.115426999537512,0,HDFC,@paytm,TECHNICAL_DECLINE
11149.82,11,52.2677114488925,0,ICICI,@paytm,TRANSACTION_TIMEOUT
5282.49,14,112.07566964084654,0,KOTAK,@ybl,BENEFICIARY_NOT_CREDITED
6892.17,22,15.041225593622361,1,PNB,@upi,DUPLICATE_TRANSACTION
960.56,2,0.14346215037321208,0,PNB,@gpay,TECHNICAL_DECLINE
4515.98,15,4.373692623180193,0,KOTAK,@okaxis,TECHNICAL_DECLINE
5453.71,14,150.51471264145115,0,PNB,@upi,TRANSACTION_TIMEOUT
64180.37,18,71.51757863652419,0,KOTAK,@upi,BENEFICIARY_NOT_CREDITED
14988.51,8,174.375317182636,0,ICICI,@phonepe,TRANSACTION_TIMEOUT
3897.42,18,16.330965509807484,1,BOB,@upi,DUPLICATE_TRANSACTION
67060.43,11,10.378107428356028,0,HDFC,@ybl,BENEFICIARY_NOT_CREDITED
11744.08,12,74.61501320240914,0,HDFC,@upi,BENEFICIARY_NOT_CREDITED
9745.11,12,40.80536202031265,0,BOB,@okaxis,BENEFICIARY_NOT_CREDITED
8697.14,20,10.16996880702162,1,BOB,@ybl,DUPLICATE_TRANSACTION
3880.09,21,7.295098136123001,0,AXIS,@okaxis,TECHNICAL_DECLINE
37202.76,12,55.23281885713938,0,HDFC,@okaxis,WRONG_DEBIT
34678.75,10,135.99186117860984,0,AXIS,@phonepe,BENEFICIARY_NOT_CREDITED
3320.77,11,6.2515798775799265,0,KOTAK,@upi,TECHNICAL_DECLINE
10372.6,2,89.80493206885653,0,KOTAK,@okaxis,TRANSACTION_TIMEOUT
25823.85,6,68.83218606563722,0,BOB,@phonepe,WRONG_DEBIT
2063.76,9,8.813656840783306,0,PNB,@phonepe,TECHNICAL_DECLINE
5184.29,10,52.074996872771436,0,KOTAK,@okaxis,TRANSACTION_TIMEOUT
2239.98,5,3.1012446618573692,0,BOB,@gpay,TECHNICAL_DECLINE
14963.03,16,124.01846247705913,0,HDFC,@paytm,BENEFICIARY_NOT_CREDITED
4617.41,1,65.59517170847718,0,KOTAK,@phonepe,WRONG_DEBIT
48111.78,8,29.54580993037534,0,AXIS,@okaxis,WRONG_DEBIT
2814.12,23,3.8580844041515254,0,ICICI,@gpay,TECHNICAL_DECLINE
12213.87,18,29.667591575387714,0,KOTAK,@upi,WRONG_DEBIT
617.92,18,10.895034800150338,1,PNB,@gpay,DUPLICATE_TRANSACTION
69471.41,17,2.3884587627395573,0,BOB,@paytm,BENEFICIARY_NOT_CREDITED
1563.19,21,10.046186375265817,1,ICICI,@phonepe,DUPLICATE_TRANSACTION
4842.25,15,7.952373498597218,0,ICICI,@paytm,TECHNICAL_DECLINE
85230.44,13,92.29037184254183,0,ICICI,@okaxis,BENEFICIARY_NOT_CREDITED
4361.72,15,11.056662064047293,0,KOTAK,@paytm,TECHNICAL_DECLINE
790.44,2,10.246382006290212,0,BOB,@phonepe,TECHNICAL_DECLINE
19437.68,8,140.54523514795508,0,KOTAK,@phonepe,TRANSACTION_TIMEOUT
6170.44,0,92.79248692486247,0,KOTAK,@gpay,TRANSACTION_TIMEOUT
19172.37,15,157.60084548027652,0,SBI,@upi,TRANSACTION_TIMEOUT
19734.67,5,60.251817642614796,0,AXIS,@paytm,TRANSACTION_TIMEOUT
3744.91,10,129.3709728062729,0,BOB,@phonepe,TRANSACTION_TIMEOUT
80160.67,18,139.97401895231238,0,ICICI,@ybl,BENEFICIARY_NOT_CREDITED
17299.02,13,142.1903727334842,0,KOTAK,@okaxis,TRANSACTION_TIMEOUT
2329.48,17,6.296839665862098,0,AXIS,@phonepe,TECHNICAL_DECLINE
28238.68,17,44.08306613967394,0,AXIS,@phonepe,BENEFICIARY_NOT_CREDITED
11856.45,0,8.319360450661517,0,KOTAK,@gpay,WRONG_DEBIT
4956.51,6,4.991386234288302,0,HDFC,@upi,TECHNICAL_DECLINE
96274.82,15,31.39317531234304,0,AXIS,@phonepe,BENEFICIARY_NOT_CREDITED
49394.77,18,15.033229664594586,0,AXIS,@gpay,WRONG_DEBIT
3053.77,3,1.8382944917943678,0,SBI,@okaxis,TECHNICAL_DECLINE
78868.78,16,101.8751513472273,0,AXIS,@upi,BENEFICIARY_NOT_CREDITED
41008.79,10,164.8584597792,0,AXIS,@okaxis,BENEFICIARY_NOT_CREDITED
2808.45,4,154.58704665364746,0,ICICI,@paytm,TRANSACTION_TIMEOUT
661.64,13,98.96375677898486,0,SBI,@okaxis,TRANSACTION_TIMEOUT
43332.81,7,7.353943551117552,0,HDFC,@gpay,WRONG_DEBIT
4550.16,22,7.188217563856682,1,ICICI,@paytm,DUPLICATE_TRANSACTION
8386.27,18,4.230261112766193,1,PNB,@upi,DUPLICATE_TRANSACTION
1441.38,13,144.63243724854607,0,ICICI,@phonepe,TRANSACTION_TIMEOUT
45928.54,14,70.86775805357735,0,BOB,@paytm,BENEFICIARY_NOT_CREDITED
6589.92,2,15.098898344782416,0,PNB,@paytm,WRONG_DEBIT
10936.16,5,132.75530053243028,0,AXIS,@okaxis,TRANSACTION_TIMEOUT
45317.92,13,5.585346929463711,0,PNB,@phonepe,WRONG_DEBIT
62447.0,17,56.331970265292405,0,AXIS,@ybl,BENEFICIARY_NOT_CREDITED
3601.03,13,17.00762090087784,1,SBI,@paytm,DUPLICATE_TRANSACTION
4657.45,5,7.541745172844624,0,KOTAK,@upi,TECHNICAL_DECLINE
962.5,4,0.9123178963191774,0,ICICI,@upi,TECHNICAL_DECLINE
3553.98,12,5.193495385408372,0,HDFC,@phonepe,TECHNICAL_DECLINE
1435.29,18,11.06810963583749,0,KOTAK,@okaxis,TECHNICAL_DECLINE
17972.51,17,149.72373937148816,0,PNB,@okaxis,BENEFICIARY_NOT_CREDITED
45176.25,9,55.8325402866101,0,HDFC,@gpay,BENEFICIARY_NOT_CREDITED
33525.46,21,12.064449449206684,0,KOTAK,@okaxis,WRONG_DEBIT
4348.53,14,1.094050150454286,0,PNB,@gpay,TECHNICAL_DECLINE
7483.34,22,0.4024939312908318,1,BOB,@ybl,DUPLICATE_TRANSACTION
10506.79,9,67.26995438130572,0,AXIS,@upi,TRANSACTION_TIMEOUT
10948.29,4,112.97631966770174,0,KOTAK,@upi,TRANSACTION_TIMEOUT
19022.18,11,89.37377564074342,0,PNB,@ybl,BENEFICIARY_NOT_CREDITED
36146.52,4,0.45303610279385254,0,AXIS,@ybl,WRONG_DEBIT
1209.83,8,5.251578298504585,0,HDFC,@upi,TECHNICAL_DECLINE
20394.32,21,38.659966114044416,0,BOB,@gpay,WRONG_DEBIT
63953.81,14,136.81539349484714,0,BOB,@upi,BENEFICIARY_NOT_CREDITED
48293.7,14,149.7481456102597,0,ICICI,@gpay,BENEFICIARY_NOT_CREDITED
8601.91,21,20.141250452920694,1,AXIS,@upi,DUPLICATE_TRANSACTION
2891.14,10,15.333518568093293,0,KOTAK,@phonepe,WRONG_DEBIT
2402.1,1,11.298219602628986,0,BOB,@ybl,TECHNICAL_DECLINE
7480.09,18,19.797940157633505,1,ICICI,@okaxis,DUPLICATE_TRANSACTION
81673.56,16,155.10440790084868,0,HDFC,@phonepe,BENEFICIARY_NOT_CREDITED
7907.73,8,18.319252382544434,1,ICICI,@phonepe,DUPLICATE_TRANSACTION
34106.24,15,88.04166262452608,0,PNB,@upi,BENEFICIARY_NOT_CREDITED
9812.93,20,10.796835939712475,1,AXIS,@upi,DUPLICATE_TRANSACTION
14729.27,3,29.920970934038458,0,KOTAK,@okaxis,WRONG_DEBIT
18048.29,18,30.33545653454579,0,BOB,@phonepe,WRONG_DEBIT
17401.96,14,83.3926944151655,0,AXIS,@phonepe,TRANSACTION_TIMEOUT
12213.57,9,194.5142608488569,0,SBI,@okaxis,TRANSACTION_TIMEOUT
74739.73,15,84.40999459177634,0,ICICI,@gpay,BENEFICIARY_NOT_CREDITED
7145.59,17,20.355377746323306,1,PNB,@gpay,DUPLICATE_TRANSACTION
54664.12,14,59.82562911725089,0,AXIS,@upi,BENEFICIARY_NOT_CREDITED
677.25,21,177.05027669915984,0,ICICI,@gpay,TRANSACTION_TIMEOUT
1382.67,10,6.992204979685417,0,KOTAK,@upi,TECHNICAL_DECLINE
95909.26,15,46.85601376225215,0,AXIS,@ybl,BENEFICIARY_NOT_CREDITED
31845.38,19,23.25822841268544,0,HDFC,@paytm,WRONG_DEBIT
9446.14,8,5.4093342768170745,1,ICICI,@okaxis,DUPLICATE_TRANSACTION
241.79,3,2.8958865453011384,0,KOTAK,@ybl,TECHNICAL_DECLINE
43370.54,12,10.352213972730382,0,ICICI,@gpay,WRONG_DEBIT
42717.69,18,9.907953832434375,0,KOTAK,@paytm,BENEFICIARY_NOT_CREDITED
27087.82,0,68.1584947140641,0,SBI,@gpay,WRONG_DEBIT
4624.64,21,19.394794320653766,1,SBI,@ybl,DUPLICATE_TRANSACTION
521.4,20,147.70242807550335,0,AXIS,@gpay,TRANSACTION_TIMEOUT
3858.04,2,11.97581374515028,0,AXIS,@phonepe,TECHNICAL_DECLINE
2214.32,19,4.417090636135335,0,PNB,@okaxis,TECHNICAL_DECLINE
35668.6,16,57.8846424737109,0,SBI,@okaxis,BENEFICIARY_NOT_CREDITED
1917.18,11,0.30501659730365516,0,SBI,@phonepe,TECHNICAL_DECLINE
6914.46,14,3.216089766587915,1,PNB,@upi,DUPLICATE_TRANSACTION
22211.21,9,37.004117326793,0,BOB,@phonepe,WRONG_DEBIT
28001.62,19,24.83813145628796,0,ICICI,@upi,WRONG_DEBIT
13532.66,14,24.949833863257254,0,HDFC,@ybl,BENEFICIARY_NOT_CREDITED
3261.66,16,1.9683066107191465,0,BOB,@paytm,TECHNICAL_DECLINE
13037.22,3,180.79726429432156,0,KOTAK,@upi,TRANSACTION_TIMEOUT
1016.06,21,21.784261889623558,1,AXIS,@phonepe,DUPLICATE_TRANSACTION
32307.11,9,135.23978034520957,0,HDFC,@upi,BENEFICIARY_NOT_CREDITED
4788.48,14,18.360821239285674,1,SBI,@ybl,DUPLICATE_TRANSACTION
354.63,19,18.590644695805054,1,ICICI,@phonepe,DUPLICATE_TRANSACTION
9508.79,23,26.091078051854243,0,BOB,@gpay,WRONG_DEBIT
7262.6,9,18.85857370529139,1,PNB,@phonepe,DUPLICATE_TRANSACTION
1455.89,11,98.31917436008099,0,BOB,@ybl,BENEFICIARY_NOT_CREDITED
2966.66,21,19.063172898170997,1,HDFC,@okaxis,DUPLICATE_TRANSACTION
9480.29,10,138.39769449181938,0,HDFC,@phonepe,BENEFICIARY_NOT_CREDITED
3600.46,17,7.607627853690609,1,KOTAK,@paytm,DUPLICATE_TRANSACTION
14187.42,15,43.76031406032344,0,SBI,@paytm,WRONG_DEBIT
8024.72,18,5.680003864330808,1,ICICI,@phonepe,DUPLICATE_TRANSACTION
40960.31,10,93.46592401942172,0,KOTAK,@paytm,BENEFICIARY_NOT_CREDITED
10276.92,9,53.353042582815505,0,PNB,@gpay,WRONG_DEBIT
80203.94,14,79.98958494861259,0,ICICI,@gpay,BENEFICIARY_NOT_CREDITED
3858.97,19,5.18886411415677,0,ICICI,@ybl,TECHNICAL_DECLINE
10982.61,2,76.21720238791748,0,ICICI,@phonepe,TRANSACTION_TIMEOUT
1248.15,9,3.6176953958129703,1,BOB,@gpay,DUPLICATE_TRANSACTION
522.93,22,8.492993224008348,0,KOTAK,@paytm,TECHNICAL_DECLINE
490.39,12,14.209512566202452,1,SBI,@okaxis,DUPLICATE_TRANSACTION
8221.78,16,68.45673462278107,0,HDFC,@okaxis,WRONG_DEBIT
3259.15,22,0.8428282658811521,0,AXIS,@upi,TECHNICAL_DECLINE
6110.17,11,71.98305950026884,0,HDFC,@okaxis,TRANSACTION_TIMEOUT
33837.41,18,2.599224961890724,0,ICICI,@paytm,WRONG_DEBIT
2002.71,14,23.1414149811723,1,PNB,@upi,DUPLICATE_TRANSACTION
1031.59,10,5.604109840460182,1,AXIS,@upi,DUPLICATE_TRANSACTION
9832.22,9,196.0174838059918,0,PNB,@upi,TRANSACTION_TIMEOUT
45573.05,2,0.8168532684038912,0,PNB,@gpay,WRONG_DEBIT
4519.37,2,7.420567820830777,0,KOTAK,@ybl,TECHNICAL_DECLINE
4058.59,9,19.706423423757265,0,PNB,@gpay,BENEFICIARY_NOT_CREDITED
326.97,22,23.666466280641924,1,SBI,@phonepe,DUPLICATE_TRANSACTION
1902.61,0,11.497795566298908,0,HDFC,@phonepe,TECHNICAL_DECLINE
2426.27,12,4.139308517399254,0,BOB,@upi,TECHNICAL_DECLINE
9130.26,22,71.33140670085032,0,PNB,@upi,TRANSACTION_TIMEOUT
3125.27,2,173.47745628173124,0,BOB,@upi,TRANSACTION_TIMEOUT
1264.95,8,20.045953487607164,1,PNB,@ybl,DUPLICATE_TRANSACTION
3667.64,2,7.827876535572392,0,BOB,@upi,TECHNICAL_DECLINE
15841.32,22,54.363105354036776,0,BOB,@paytm,WRONG_DEBIT
7620.95,17,14.689236291488829,1,BOB,@gpay,DUPLICATE_TRANSACTION
21283.82,14,1.6351137830602136,0,SBI,@okaxis,WRONG_DEBIT
1476.58,19,10.35194920038857,0,AXIS,@ybl,TECHNICAL_DECLINE
1303.27,22,1.6430978167189583,0,BOB,@gpay,TECHNICAL_DECLINE
6931.22,8,0.7026762652073373,1,HDFC,@upi,DUPLICATE_TRANSACTION
52530.04,9,131.48559962521102,0,KOTAK,@ybl,BENEFICIARY_NOT_CREDITED
13789.98,1,40.279179858428584,0,ICICI,@gpay,WRONG_DEBIT
2240.41,11,20.26512069057598,1,BOB,@ybl,DUPLICATE_TRANSACTION
89010.46,16,49.956482154484576,0,PNB,@okaxis,BENEFICIARY_NOT_CREDITED
2805.09,19,10.503258852758165,0,ICICI,@gpay,TECHNICAL_DECLINE
6767.57,23,48.79103267037048,0,KOTAK,@ybl,TRANSACTION_TIMEOUT
1507.19,21,21.34421187490627,1,KOTAK,@upi,DUPLICATE_TRANSACTION
6890.38,16,22.693213523208797,1,PNB,@phonepe,DUPLICATE_TRANSACTION
31978.31,10,36.33268136214034,0,BOB,@paytm,BENEFICIARY_NOT_CREDITED
4778.6,0,11.566263218054583,0,SBI,@okaxis,TECHNICAL_DECLINE
7805.03,11,10.280773311068241,1,KOTAK,@okaxis,DUPLICATE_TRANSACTION
5523.26,15,4.690849434681996,1,KOTAK,@upi,DUPLICATE_TRANSACTION
1539.16,11,12.765337947069519,1,HDFC,@phonepe,DUPLICATE_TRANSACTION
4170.83,15,8.738213453092902,1,SBI,@ybl,DUPLICATE_TRANSACTION
17981.86,8,126.62362016343022,0,PNB,@ybl,TRANSACTION_TIMEOUT
10277.36,12,83.01266173305285,0,HDFC,@gpay,BENEFICIARY_NOT_CREDITED
20076.2,3,32.930527388825844,0,SBI,@gpay,WRONG_DEBIT
2267.1,12,0.44779668347492274,0,SBI,@phonepe,TECHNICAL_DECLINE
1579.36,16,1.2412633100963952,0,PNB,@phonepe,TECHNICAL_DECLINE
80025.68,14,74.38186731018018,0,KOTAK,@paytm,BENEFICIARY_NOT_CREDITED
71278.26,15,149.90262215904747,0,HDFC,@ybl,BENEFICIARY_NOT_CREDITED
1967.92,3,3.6829887974301383,0,HDFC,@gpay,TECHNICAL_DECLINE
1614.95,16,140.35091538198782,0,AXIS,@upi,TRANSACTION_TIMEOUT
39156.44,10,24.464532875030955,0,PNB,@phonepe,WRONG_DEBIT
19429.82,8,74.6683913522274,0,AXIS,@okaxis,TRANSACTION_TIMEOUT
3859.77,20,6.13171129075873,1,BOB,@gpay,DUPLICATE_TRANSACTION
9096.33,8,170.65712639801197,0,ICICI,@phonepe,TRANSACTION_TIMEOUT
63372.39,14,47.89523365828356,0,SBI,@okaxis,BENEFICIARY_NOT_CREDITED
67619.43,15,5.786589447265405,0,ICICI,@paytm,BENEFICIARY_NOT_CREDITED
4726.52,13,46.33407657234442,0,ICICI,@gpay,WRONG_DEBIT
15531.18,7,195.23846393409534,0,AXIS,@okaxis,TRANSACTION_TIMEOUT
18151.23,21,67.10756451599867,0,HDFC,@upi,TRANSACTION_TIMEOUT
14900.52,6,107.36798740381049,0,KOTAK,@gpay,TRANSACTION_TIMEOUT
1901.49,1,11.307612828695458,0,SBI,@upi,TECHNICAL_DECLINE
527.37,18,77.43916147435411,0,HDFC,@upi,TRANSACTION_TIMEOUT
2910.57,13,8.195618115549234,0,SBI,@paytm,TECHNICAL_DECLINE
656.16,6,4.942359102087751,0,PNB,@phonepe,TECHNICAL_DECLINE
12103.35,16,45.242255107575545,0,KOTAK,@phonepe,WRONG_DEBIT
8728.89,15,19.5108481878158,1,HDFC,@paytm,DUPLICATE_TRANSACTION
3537.14,15,189.0487882994316,0,SBI,@upi,TRANSACTION_TIMEOUT
1743.38,22,1.4893630121541843,0,BOB,@gpay,TECHNICAL_DECLINE
4777.81,8,3.421005929683747,0,PNB,@ybl,TECHNICAL_DECLINE
11563.95,9,69.00460254376114,0,HDFC,@upi,TRANSACTION_TIMEOUT
16867.13,22,195.31634269480938,0,BOB,@ybl,TRANSACTION_TIMEOUT
4799.04,10,12.0117539777313,1,HDFC,@paytm,DUPLICATE_TRANSACTION
19340.19,23,183.1270315006332,0,PNB,@paytm,TRANSACTION_TIMEOUT
4173.4,9,118.06550628061339,0,PNB,@phonepe,TRANSACTION_TIMEOUT
58715.02,12,53.27843289512669,0,HDFC,@ybl,BENEFICIARY_NOT_CREDITED
5552.95,21,3.895348624449241,1,SBI,@upi,DUPLICATE_TRANSACTION
3069.59,22,1.0931566971705746,0,PNB,@paytm,TECHNICAL_DECLINE
4615.82,0,33.48887813125081,0,HDFC,@gpay,WRONG_DEBIT
1490.96,20,4.054090659183704,0,AXIS,@paytm,TECHNICAL_DECLINE
505.45,12,20.97496283037786,1,BOB,@okaxis,DUPLICATE_TRANSACTION
56164.01,10,117.70809645807206,0,BOB,@phonepe,BENEFICIARY_NOT_CREDITED
6292.58,22,15.290395411457055,1,BOB,@gpay,DUPLICATE_TRANSACTION
71506.48,11,132.4583045796167,0,BOB,@okaxis,BENEFICIARY_NOT_CREDITED
6435.08,15,4.055567563981341,1,KOTAK,@ybl,DUPLICATE_TRANSACTION
86014.8,16,96.82097633870134,0,KOTAK,@paytm,BENEFICIARY_NOT_CREDITED
577.95,10,9.94934407805091,1,SBI,@ybl,DUPLICATE_TRANSACTION
63902.76,16,17.008003378404425,0,HDFC,@phonepe,BENEFICIARY_NOT_CREDITED
2845.8,23,8.747379003578281,0,HDFC,@okaxis,TECHNICAL_DECLINE
19199.74,21,183.2961510964078,0,BOB,@okaxis,TRANSACTION_TIMEOUT
7761.94,9,82.436088841628,0,KOTAK,@paytm,BENEFICIARY_NOT_CREDITED
49443.39,3,5.47679416574662,0,AXIS,@phonepe,WRONG_DEBIT
38491.56,10,162.62872784743362,0,KOTAK,@okaxis,BENEFICIARY_NOT_CREDITED
697.47,17,10.97943687973753,1,BOB,@phonepe,DUPLICATE_TRANSACTION
7341.4,12,20.955907330211282,1,AXIS,@gpay,DUPLICATE_TRANSACTION
4594.51,20,9.184731722159555,0,PNB,@gpay,TECHNICAL_DECLINE
5020.71,19,16.058528867277985,1,SBI,@okaxis,DUPLICATE_TRANSACTION
9223.97,1,119.25094059980105,0,KOTAK,@paytm,TRANSACTION_TIMEOUT
3472.31,10,8.024023520604636,1,HDFC,@gpay,DUPLICATE_TRANSACTION
37573.12,23,55.5044014450517,0,BOB,@paytm,WRONG_DEBIT
4847.67,5,4.874147190130129,0,KOTAK,@okaxis,TECHNICAL_DECLINE
30763.79,21,29.222371322358406,0,PNB,@paytm,WRONG_DEBIT
5457.31,13,21.853548774526914,1,BOB,@gpay,DUPLICATE_TRANSACTION
4964.48,18,7.759046673547553,0,SBI,@ybl,TECHNICAL_DECLINE
20552.37,12,54.57460632487941,0,PNB,@okaxis,WRONG_DEBIT
9753.4,20,17.21470034143278,1,BOB,@paytm,DUPLICATE_TRANSACTION
6860.37,19,11.337277294926569,1,BOB,@upi,DUPLICATE_TRANSACTION
4229.63,0,5.364215705988688,0,BOB,@gpay,TECHNICAL_DECLINE
10451.72,1,128.21492379896398,0,KOTAK,@upi,TRANSACTION_TIMEOUT
18389.07,22,164.0844527040856,0,BOB,@okaxis,TRANSACTION_TIMEOUT
1725.79,15,19.21316293012843,1,BOB,@upi,DUPLICATE_TRANSACTION
28574.89,16,16.889642861882557,0,KOTAK,@phonepe,WRONG_DEBIT
857.3,22,8.298774400519791,0,AXIS,@upi,TECHNICAL_DECLINE
54312.08,15,156.95624027585356,0,ICICI,@okaxis,BENEFICIARY_NOT_CREDITED
7017.5,15,169.36339023360873,0,PNB,@phonepe,TRANSACTION_TIMEOUT
39799.28,16,23.24968936533312,0,AXIS,@ybl,BENEFICIARY_NOT_CREDITED
67859.68,10,130.1601600414501,0,KOTAK,@gpay,BENEFICIARY_NOT_CREDITED
604.52,18,3.2573552279244553,0,AXIS,@okaxis,TECHNICAL_DECLINE
847.49,9,33.36977435145023,0,SBI,@gpay,BENEFICIARY_NOT_CREDITED
704.0,14,23.399246009507994,1,AXIS,@okaxis,DUPLICATE_TRANSACTION
677.64,10,20.28376002487988,1,AXIS,@upi,DUPLICATE_TRANSACTION
34858.67,14,160.05861175083618,0,ICICI,@gpay,BENEFICIARY_NOT_CREDITED
30628.2,22,54.64342923742937,0,AXIS,@phonepe,WRONG_DEBIT
36648.79,7,24.120820330314178,0,AXIS,@okaxis,WRONG_DEBIT
15090.46,11,46.38441235313101,0,AXIS,@upi,BENEFICIARY_NOT_CREDITED
7425.11,4,100.07489773355209,0,KOTAK,@gpay,TRANSACTION_TIMEOUT
15225.12,18,138.2203129342463,0,HDFC,@paytm,TRANSACTION_TIMEOUT
84135.95,12,67.70655397173806,0,BOB,@ybl,BENEFICIARY_NOT_CREDITED
4660.45,6,1.6320360743314262,0,AXIS,@gpay,TECHNICAL_DECLINE
9929.8,10,3.5867647885305045,1,SBI,@upi,DUPLICATE_TRANSACTION
3270.88,16,83.09342979441334,0,ICICI,@gpay,TRANSACTION_TIMEOUT
13515.97,5,99.22682602807217,0,KOTAK,@gpay,TRANSACTION_TIMEOUT
1863.72,7,51.65717382692193,0,BOB,@upi,WRONG_DEBIT
444.59,22,42.05285112915913,0,ICICI,@upi,WRONG_DEBIT
2584.73,22,0.8167042501712949,1,PNB,@ybl,DUPLICATE_TRANSACTION
13428.18,6,16.791952847361728,0,BOB,@gpay,WRONG_DEBIT
31649.56,17,63.88109858609916,0,KOTAK,@gpay,WRONG_DEBIT
1476.56,12,7.615408012215218,0,HDFC,@gpay,TECHNICAL_DECLINE
64744.14,17,105.5314577367956,0,HDFC,@phonepe,BENEFICIARY_NOT_CREDITED
4460.5,3,138.05115377614086,0,BOB,@upi,TRANSACTION_TIMEOUT
75397.74,10,80.74559049727583,0,AXIS,@okaxis,BENEFICIARY_NOT_CREDITED
10853.04,20,143.43070610386664,0,SBI,@phonepe,TRANSACTION_TIMEOUT
31062.74,11,17.0084669098064,0,AXIS,@upi,BENEFICIARY_NOT_CREDITED
3978.6,14,7.448688686077347,0,ICICI,@ybl,TECHNICAL_DECLINE
3496.68,12,120.11917361090646,0,PNB,@ybl,BENEFICIARY_NOT_CREDITED
6512.16,17,10.288235757779134,1,KOTAK,@phonepe,DUPLICATE_TRANSACTION
1100.47,23,11.538641643475279,0,KOTAK,@okaxis,TECHNICAL_DECLINE
6393.03,17,0.9123874105718874,1,KOTAK,@ybl,DUPLICATE_TRANSACTION
4559.87,14,10.964463643696005,0,PNB,@upi,TECHNICAL_DECLINE
4326.29,21,2.5347226631911983,0,PNB,@phonepe,TECHNICAL_DECLINE
11977.32,3,42.75812897612351,0,SBI,@okaxis,WRONG_DEBIT
19282.64,11,166.46536615689078,0,PNB,@upi,TRANSACTION_TIMEOUT
6475.56,0,28.520825083446915,0,AXIS,@upi,WRONG_DEBIT
2083.45,21,9.208957675411423,0,AXIS,@upi,TECHNICAL_DECLINE
4540.76,9,123.12026887735553,0,AXIS,@paytm,TRANSACTION_TIMEOUT
82969.4,18,114.3161518486292,0,AXIS,@gpay,BENEFICIARY_NOT_CREDITED
5639.19,13,17.379816701824275,1,HDFC,@upi,DUPLICATE_TRANSACTION
11632.44,10,13.334291684256549,0,ICICI,@ybl,WRONG_DEBIT
3461.04,3,97.43866286855479,0,KOTAK,@ybl,TRANSACTION_TIMEOUT
9084.69,15,7.078953302961271,1,KOTAK,@upi,DUPLICATE_TRANSACTION
4634.26,19,87.08999912063167,0,SBI,@okaxis,TRANSACTION_TIMEOUT
1218.66,17,95.0013278133696,0,SBI,@upi,BENEFICIARY_NOT_CREDITED
41768.44,15,131.04210227460607,0,PNB,@phonepe,BENEFICIARY_NOT_CREDITED
837.42,8,12.325144617068823,1,ICICI,@paytm,DUPLICATE_TRANSACTION
7565.89,2,1.130413053016615,0,ICICI,@upi,WRONG_DEBIT
18806.29,12,150.06510765223618,0,ICICI,@upi,TRANSACTION_TIMEOUT
3574.15,14,15.76348163987329,1,AXIS,@gpay,DUPLICATE_TRANSACTION
1783.12,19,4.9081222924734975,1,KOTAK,@ybl,DUPLICATE_TRANSACTION
56645.89,18,164.60798378964571,0,AXIS,@upi,BENEFICIARY_NOT_CREDITED
201.26,3,136.19956674295696,0,HDFC,@okaxis,TRANSACTION_TIMEOUT
15187.95,16,31.016979966579285,0,PNB,@upi,WRONG_DEBIT
37414.72,6,70.28371123848672,0,PNB,@gpay,WRONG_DEBIT
6259.88,14,165.57951537412887,0,KOTAK,@okaxis,TRANSACTION_TIMEOUT
6678.29,16,8.577694347030707,1,SBI,@upi,DUPLICATE_TRANSACTION
9590.89,15,133.75822295794407,0,BOB,@okaxis,BENEFICIARY_NOT_CREDITED
30013.56,15,6.964379266864917,0,AXIS,@phonepe,WRONG_DEBIT
64030.81,17,18.94286860091975,0,SBI,@phonepe,BENEFICIARY_NOT_CREDITED
16310.73,22,89.32882398074096,0,AXIS,@okaxis,TRANSACTION_TIMEOUT
25866.69,16,133.39343731581525,0,PNB,@gpay,BENEFICIARY_NOT_CREDITED
2258.35,17,10.586197172727529,0,PNB,@upi,TECHNICAL_DECLINE
13511.41,18,6.009071566784452,0,SBI,@ybl,BENEFICIARY_NOT_CREDITED
6960.93,2,132.07512275196714,0,AXIS,@okaxis,TRANSACTION_TIMEOUT
74144.93,16,16.125339270385403,0,KOTAK,@okaxis,BENEFICIARY_NOT_CREDITED
1258.31,14,3.2812670092742064,0,BOB,@phonepe,TECHNICAL_DECLINE
4817.91,15,85.85457597865312,0,KOTAK,@gpay,BENEFICIARY_NOT_CREDITED
298.83,5,8.962877362075757,0,HDFC,@gpay,TECHNICAL_DECLINE
546.28,21,13.69556229917843,1,KOTAK,@upi,DUPLICATE_TRANSACTION
5680.33,19,192.74988455509074,0,ICICI,@phonepe,TRANSACTION_TIMEOUT
3051.89,21,5.5726649805892245,1,SBI,@okaxis,DUPLICATE_TRANSACTION
11937.81,5,199.50538248597752,0,ICICI,@paytm,TRANSACTION_TIMEOUT
39193.15,12,85.23545129942043,0,HDFC,@paytm,BENEFICIARY_NOT_CREDITED
2774.92,6,3.9614097357792915,0,SBI,@ybl,TECHNICAL_DECLINE
1524.61,13,0.008301249567595814,0,SBI,@okaxis,TECHNICAL_DECLINE
10675.68,12,18.688105939129883,0,SBI,@ybl,WRONG_DEBIT
14719.64,18,66.62390252854794,0,PNB,@paytm,TRANSACTION_TIMEOUT
1713.17,5,65.60043796523236,0,SBI,@paytm,TRANSACTION_TIMEOUT
7297.54,21,16.33390731902011,1,PNB,@phonepe,DUPLICATE_TRANSACTION
55349.29,15,119.59682798350087,0,PNB,@upi,BENEFICIARY_NOT_CREDITED
31959.83,20,3.1978411901978427,0,BOB,@phonepe,WRONG_DEBIT
15761.41,19,15.955984648091533,0,ICICI,@phonepe,WRONG_DEBIT
8466.42,14,17.15157074602652,1,PNB,@ybl,DUPLICATE_TRANSACTION
5110.82,7,37.1249942674731,0,SBI,@upi,WRONG_DEBIT
38344.36,0,12.04921974391273,0,SBI,@ybl,WRONG_DEBIT
7919.2,8,2.542272447023059,1,HDFC,@paytm,DUPLICATE_TRANSACTION
8570.11,20,8.491699193027724,1,AXIS,@paytm,DUPLICATE_TRANSACTION
553.95,11,6.7072388876794875,0,AXIS,@upi,TECHNICAL_DECLINE
29927.1,19,40.9107136688547,0,KOTAK,@paytm,WRONG_DEBIT
9142.14,18,18.82584692073286,1,SBI,@paytm,DUPLICATE_TRANSACTION
33936.27,18,16.84644393770227,0,BOB,@upi,BENEFICIARY_NOT_CREDITED
1190.79,18,4.941410648726355,0,AXIS,@paytm,TECHNICAL_DECLINE
2222.19,21,5.90946159453418,0,AXIS,@paytm,TECHNICAL_DECLINE
156.19,9,7.323836441152146,0,ICICI,@okaxis,TECHNICAL_DECLINE
7100.64,20,20.053859343717996,1,BOB,@okaxis,DUPLICATE_TRANSACTION
2218.62,10,101.22714899903731,0,HDFC,@gpay,BENEFICIARY_NOT_CREDITED
1178.02,4,0.8907092895274911,0,ICICI,@phonepe,TECHNICAL_DECLINE
1829.77,4,0.5050950553301794,0,BOB,@phonepe,TECHNICAL_DECLINE
33319.69,6,34.41603480905526,0,PNB,@paytm,WRONG_DEBIT
9970.93,16,132.4620409385189,0,AXIS,@gpay,TRANSACTION_TIMEOUT
5172.24,0,107.07629761630916,0,HDFC,@paytm,TRANSACTION_TIMEOUT
9060.64,20,23.43210799825009,1,ICICI,@upi,DUPLICATE_TRANSACTION
32518.36,1,71.61676779359384,0,KOTAK,@phonepe,WRONG_DEBIT
21523.38,15,48.51174443004856,0,ICICI,@paytm,WRONG_DEBIT
27762.93,1,59.86529194050915,0,HDFC,@okaxis,WRONG_DEBIT
44970.95,21,52.55026609813196,0,BOB,@upi,WRONG_DEBIT
8760.54,17,20.250150312548975,1,ICICI,@gpay,DUPLICATE_TRANSACTION
9187.27,11,42.02758877714572,0,PNB,@okaxis,WRONG_DEBIT
11658.1,4,57.05427802530703,0,BOB,@gpay,TRANSACTION_TIMEOUT
1238.72,12,19.58385884691774,1,SBI,@okaxis,DUPLICATE_TRANSACTION
11143.93,22,124.74407841689369,0,KOTAK,@paytm,TRANSACTION_TIMEOUT
44085.51,22,27.857021909915964,0,HDFC,@okaxis,WRONG_DEBIT
17217.54,1,194.96675142502414,0,SBI,@paytm,TRANSACTION_TIMEOUT
16746.09,10,24.543954215997765,0,HDFC,@gpay,BENEFICIARY_NOT_CREDITED
217.13,3,109.55212801304125,0,SBI,@paytm,TRANSACTION_TIMEOUT
3866.53,8,3.061305351300647,0,BOB,@ybl,TECHNICAL_DECLINE
43834.49,22,5.427124156125027,0,KOTAK,@ybl,WRONG_DEBIT
12907.05,17,60.53617656974625,0,SBI,@ybl,WRONG_DEBIT
1695.85,8,6.792469460542341,0,SBI,@paytm,TECHNICAL_DECLINE
329.94,21,171.3563652123952,0,PNB,@phonepe,TRANSACTION_TIMEOUT
270.18,4,8.307729894935894,0,AXIS,@phonepe,TECHNICAL_DECLINE
40138.29,18,94.10280964384408,0,PNB,@okaxis,BENEFICIARY_NOT_CREDITED
4581.31,11,6.857983200597278,0,HDFC,@ybl,TECHNICAL_DECLINE
14595.13,13,14.0550637687981,0,ICICI,@upi,BENEFICIARY_NOT_CREDITED
3323.83,9,7.443576368011836,0,AXIS,@upi,TECHNICAL_DECLINE
18163.25,5,96.06180120178865,0,ICICI,@upi,TRANSACTION_TIMEOUT
1509.51,12,9.032991474020577,0,KOTAK,@paytm,TECHNICAL_DECLINE
4051.47,6,0.5387547697776145,0,AXIS,@phonepe,TECHNICAL_DECLINE
2865.78,20,108.92984195624547,0,AXIS,@phonepe,TRANSACTION_TIMEOUT
17813.73,10,136.53244669592948,0,HDFC,@gpay,TRANSACTION_TIMEOUT
2676.6,14,193.51186200222998,0,HDFC,@paytm,TRANSACTION_TIMEOUT
7800.23,23,130.10177919753386,0,AXIS,@paytm,TRANSACTION_TIMEOUT
3153.57,16,3.0593930965784137,1,BOB,@ybl,DUPLICATE_TRANSACTION
3013.03,20,11.975062679001732,0,PNB,@ybl,TECHNICAL_DECLINE
13044.29,3,108.16677278411254,0,AXIS,@gpay,TRANSACTION_TIMEOUT
14945.63,21,92.89356361933345,0,ICICI,@paytm,TRANSACTION_TIMEOUT
82275.05,16,159.95820063402397,0,ICICI,@paytm,BENEFICIARY_NOT_CREDITED
3290.66,12,4.303474359695427,1,ICICI,@phonepe,DUPLICATE_TRANSACTION
3481.55,19,9.366679757441698,1,HDFC,@paytm,DUPLICATE_TRANSACTION
1673.04,16,10.052228595551952,0,SBI,@okaxis,TECHNICAL_DECLINE
17583.54,14,75.32242638182694,0,SBI,@paytm,TRANSACTION_TIMEOUT
77385.11,9,105.53155035612544,0,PNB,@gpay,BENEFICIARY_NOT_CREDITED
20322.2,10,32.46577470057956,0,HDFC,@okaxis,BENEFICIARY_NOT_CREDITED
37460.95,15,3.7819313109491053,0,KOTAK,@okaxis,BENEFICIARY_NOT_CREDITED
2952.73,10,5.812809553639234,1,ICICI,@upi,DUPLICATE_TRANSACTION
430.77,2,63.589792091963034,0,KOTAK,@phonepe,WRONG_DEBIT
88966.04,12,122.16475911590065,0,BOB,@phonepe,BENEFICIARY_NOT_CREDITED
14123.77,0,58.13607890189433,0,KOTAK,@ybl,WRONG_DEBIT
1189.98,22,10.883205306562068,0,BOB,@gpay,TECHNICAL_DECLINE
17531.42,15,137.9446129488422,0,KOTAK,@gpay,TRANSACTION_TIMEOUT
4990.68,11,17.14370107629175,0,HDFC,@ybl,BENEFICIARY_NOT_CREDITED
821.63,2,2.6041290603953184,0,KOTAK,@okaxis,TECHNICAL_DECLINE
495.97,3,7.837723107531003,0,HDFC,@upi,TECHNICAL_DECLINE
1976.05,9,1.9514982974610398,0,AXIS,@phonepe,TECHNICAL_DECLINE
10434.43,19,162.73272420794484,0,AXIS,@gpay,TRANSACTION_TIMEOUT
36481.38,16,76.42697232508233,0,SBI,@phonepe,BENEFICIARY_NOT_CREDITED
4228.41,20,16.85451512941855,1,KOTAK,@okaxis,DUPLICATE_TRANSACTION
804.16,23,9.086344867242026,0,AXIS,@upi,TECHNICAL_DECLINE
3214.22,12,17.94844851237763,1,ICICI,@upi,DUPLICATE_TRANSACTION
20658.61,10,12.290609092556425,0,AXIS,@okaxis,BENEFICIARY_NOT_CREDITED
3810.41,17,0.30290725807416763,0,HDFC,@gpay,TECHNICAL_DECLINE
33972.74,12,93.52116091510794,0,KOTAK,@gpay,BENEFICIARY_NOT_CREDITED
4814.7,5,0.08538418892127897,0,SBI,@ybl,TECHNICAL_DECLINE
9509.02,12,187.09241802682925,0,PNB,@paytm,TRANSACTION_TIMEOUT
729.67,17,11.638426646156065,0,SBI,@phonepe,TECHNICAL_DECLINE
2289.06,23,7.98151777351337,0,HDFC,@upi,TECHNICAL_DECLINE
6336.78,2,151.97018331277812,0,BOB,@gpay,TRANSACTION_TIMEOUT
11153.36,19,76.81649434278822,0,SBI,@upi,TRANSACTION_TIMEOUT
4021.71,9,15.760007975370844,1,HDFC,@ybl,DUPLICATE_TRANSACTION
71331.3,10,43.90640659621974,0,SBI,@gpay,BENEFICIARY_NOT_CREDITED
31814.96,3,1.0962187199249573,0,AXIS,@paytm,WRONG_DEBIT
92236.56,14,24.7702153450037,0,BOB,@okaxis,BENEFICIARY_NOT_CREDITED
18634.34,11,155.5897489646587,0,SBI,@phonepe,TRANSACTION_TIMEOUT
2213.98,17,19.096719076454093,1,BOB,@ybl,DUPLICATE_TRANSACTION
40557.63,21,61.29311694275268,0,ICICI,@gpay,WRONG_DEBIT
8882.92,20,13.935081827551759,1,AXIS,@gpay,DUPLICATE_TRANSACTION
2217.47,19,5.608838083907104,0,HDFC,@paytm,TECHNICAL_DECLINE
37340.95,20,21.783209266458716,0,SBI,@phonepe,WRONG_DEBIT
3038.29,11,8.866715286204755,0,KOTAK,@upi,TECHNICAL_DECLINE
81465.43,15,105.69211508700862,0,PNB,@okaxis,BENEFICIARY_NOT_CREDITED
2582.28,15,6.140824503016851,0,HDFC,@upi,TECHNICAL_DECLINE
1244.48,17,14.17832228304977,1,AXIS,@okaxis,DUPLICATE_TRANSACTION
22126.36,15,164.2643163752411,0,ICICI,@okaxis,BENEFICIARY_NOT_CREDITED
4961.34,12,14.000915920880814,1,HDFC,@gpay,DUPLICATE_TRANSACTION
1263.5,10,4.46920130773397,1,BOB,@okaxis,DUPLICATE_TRANSACTION
26771.85,9,156.20628435113682,0,AXIS,@paytm,BENEFICIARY_NOT_CREDITED
45321.66,10,164.75359458578274,0,PNB,@upi,BENEFICIARY_NOT_CREDITED
1169.88,12,6.666906636654467,0,SBI,@ybl,TECHNICAL_DECLINE
14488.84,15,86.88742459542608,0,AXIS,@paytm,TRANSACTION_TIMEOUT
4086.62,14,20.631079315784653,1,BOB,@phonepe,DUPLICATE_TRANSACTION
349.18,21,194.9808284363946,0,AXIS,@upi,TRANSACTION_TIMEOUT
1704.34,16,20.459997860429603,1,HDFC,@gpay,DUPLICATE_TRANSACTION
722.59,18,9.947922521346623,0,ICICI,@okaxis,TECHNICAL_DECLINE
17317.71,17,73.08502186146174,0,KOTAK,@phonepe,TRANSACTION_TIMEOUT
2759.9,8,155.66386729588731,0,ICICI,@okaxis,TRANSACTION_TIMEOUT
2055.86,8,21.75144808877069,1,PNB,@phonepe,DUPLICATE_TRANSACTION
4991.67,13,6.839042559215404,0,PNB,@paytm,TECHNICAL_DECLINE
8077.64,12,52.934154919471844,0,SBI,@okaxis,TRANSACTION_TIMEOUT
98859.44,10,31.344530864046675,0,SBI,@upi,BENEFICIARY_NOT_CREDITED
20955.61,14,88.015537429595,0,PNB,@phonepe,BENEFICIARY_NOT_CREDITED
4403.58,17,1.0988681416927393,0,KOTAK,@upi,TECHNICAL_DECLINE
98153.97,15,59.697854365252134,0,ICICI,@phonepe,BENEFICIARY_NOT_CREDITED
1271.68,21,9.33116711664703,1,ICICI,@ybl,DUPLICATE_TRANSACTION
3442.83,15,9.085706118421612,0,HDFC,@phonepe,TECHNICAL_DECLINE
3580.57,7,9.471415165924855,0,SBI,@upi,TECHNICAL_DECLINE
564.75,22,4.929236566419428,0,SBI,@okaxis,TECHNICAL_DECLINE
92608.77,17,135.6839098442031,0,PNB,@phonepe,BENEFICIARY_NOT_CREDITED
4667.05,5,0.8790179749725615,0,ICICI,@ybl,TECHNICAL_DECLINE
3798.06,3,2.502885439669702,0,BOB,@ybl,TECHNICAL_DECLINE
9104.94,14,8.074893339192968,1,AXIS,@gpay,DUPLICATE_TRANSACTION
8055.01,13,126.98934598893207,0,AXIS,@ybl,TRANSACTION_TIMEOUT
57011.63,14,132.64827068412976,0,AXIS,@paytm,BENEFICIARY_NOT_CREDITED
8351.15,12,2.143172172104048,1,SBI,@okaxis,DUPLICATE_TRANSACTION
29282.73,7,55.75894321955623,0,KOTAK,@paytm,WRONG_DEBIT
3296.55,9,2.1498743384200054,0,BOB,@ybl,TECHNICAL_DECLINE
2000.69,17,14.566370668349155,1,PNB,@ybl,DUPLICATE_TRANSACTION
2388.13,0,53.039997505280986,0,HDFC,@paytm,TRANSACTION_TIMEOUT
6136.92,13,7.390758012358512,1,HDFC,@phonepe,DUPLICATE_TRANSACTION
18751.15,12,69.92059096167948,0,SBI,@ybl,BENEFICIARY_NOT_CREDITED
865.79,2,3.138582139565604,0,KOTAK,@okaxis,TECHNICAL_DECLINE
4442.84,23,37.76936206560425,0,AXIS,@paytm,WRONG_DEBIT
15569.01,8,173.47881875903107,0,PNB,@okaxis,TRANSACTION_TIMEOUT
15662.12,20,70.61546934882323,0,PNB,@okaxis,WRONG_DEBIT
4783.03,10,11.77489112964894,0,AXIS,@gpay,TECHNICAL_DECLINE
3341.25,0,4.577043991165402,0,KOTAK,@okaxis,TECHNICAL_DECLINE
9289.62,7,106.83988282619245,0,ICICI,@paytm,TRANSACTION_TIMEOUT
3410.36,3,0.5406541944411538,0,ICICI,@gpay,TECHNICAL_DECLINE
3705.96,9,82.00559012996604,0,ICICI,@paytm,TRANSACTION_TIMEOUT
51137.26,15,95.79150826860943,0,AXIS,@gpay,BENEFICIARY_NOT_CREDITED
91161.57,18,165.35785460709332,0,HDFC,@upi,BENEFICIARY_NOT_CREDITED
36510.23,16,104.21643835040453,0,ICICI,@ybl,BENEFICIARY_NOT_CREDITED
241.55,3,151.55615862472138,0,SBI,@upi,TRANSACTION_TIMEOUT
569.79,14,8.111128404659404,0,ICICI,@upi,TECHNICAL_DECLINE
7328.56,21,9.929010988104762,1,BOB,@okaxis,DUPLICATE_TRANSACTION
10208.73,13,125.27469089535884,0,PNB,@okaxis,TRANSACTION_TIMEOUT
2158.49,2,0.41920074175870026,0,BOB,@okaxis,TECHNICAL_DECLINE
67518.25,16,34.47791516985428,0,SBI,@okaxis,BENEFICIARY_NOT_CREDITED
19727.57,15,179.02284972483594,0,BOB,@okaxis,TRANSACTION_TIMEOUT
83013.09,12,166.80751602240477,0,AXIS,@phonepe,BENEFICIARY_NOT_CREDITED
88428.95,9,29.09210938891292,0,ICICI,@gpay,BENEFICIARY_NOT_CREDITED
7972.71,15,147.99364287028578,0,BOB,@phonepe,TRANSACTION_TIMEOUT
2029.17,8,8.82422262443114,0,KOTAK,@ybl,TECHNICAL_DECLINE
7761.72,8,172.52824676537404,0,PNB,@phonepe,TRANSACTION_TIMEOUT
14917.17,11,101.74464988691963,0,PNB,@upi,TRANSACTION_TIMEOUT
2823.25,15,21.770985648526235,1,BOB,@phonepe,DUPLICATE_TRANSACTION
35873.37,4,18.229518247345748,0,BOB,@phonepe,WRONG_DEBIT
4482.57,10,14.412378903768087,1,HDFC,@okaxis,DUPLICATE_TRANSACTION
68082.99,17,103.06061654185316,0,SBI,@gpay,BENEFICIARY_NOT_CREDITED
1367.62,0,2.844280550562704,0,BOB,@phonepe,TECHNICAL_DECLINE
55619.58,9,130.06632561705143,0,AXIS,@okaxis,BENEFICIARY_NOT_CREDITED
18792.42,17,15.545677470475127,0,PNB,@okaxis,WRONG_DEBIT
92528.83,18,32.47765037529511,0,PNB,@okaxis,BENEFICIARY_NOT_CREDITED
12458.97,19,27.34379015722839,0,PNB,@okaxis,WRONG_DEBIT
34861.71,8,58.422415377332484,0,HDFC,@ybl,WRONG_DEBIT
4640.12,8,23.222167754697423,1,SBI,@paytm,DUPLICATE_TRANSACTION
630.14,15,37.47670865435309,0,BOB,@upi,BENEFICIARY_NOT_CREDITED
83923.89,14,18.261081029948265,0,BOB,@upi,BENEFICIARY_NOT_CREDITED
4135.35,16,5.53106347370433,1,KOTAK,@ybl,DUPLICATE_TRANSACTION
2216.22,6,10.69023185593051,0,AXIS,@ybl,TECHNICAL_DECLINE
64948.02,13,116.50670890685988,0,BOB,@ybl,BENEFICIARY_NOT_CREDITED
14936.78,7,81.19839913633623,0,BOB,@gpay,TRANSACTION_TIMEOUT
4011.66,18,142.13833326197886,0,SBI,@paytm,TRANSACTION_TIMEOUT
59666.21,9,119.3549432044687,0,BOB,@okaxis,BENEFICIARY_NOT_CREDITED
81907.1,10,9.913176629543331,0,HDFC,@paytm,BENEFICIARY_NOT_CREDITED
6320.02,14,1.0780952244291404,1,BOB,@okaxis,DUPLICATE_TRANSACTION
34134.87,19,23.60865038841141,0,AXIS,@phonepe,WRONG_DEBIT
1385.62,14,5.709318867246639,0,PNB,@ybl,TECHNICAL_DECLINE
5231.86,11,20.713010043119215,1,HDFC,@ybl,DUPLICATE_TRANSACTION
13252.93,6,64.04014634447626,0,AXIS,@upi,WRONG_DEBIT
27324.37,16,89.19352174205356,0,ICICI,@phonepe,BENEFICIARY_NOT_CREDITED
47297.27,11,48.14506374696557,0,BOB,@upi,WRONG_DEBIT
4157.95,10,18.25263216507593,1,HDFC,@upi,DUPLICATE_TRANSACTION
17228.28,15,98.78626169094741,0,BOB,@ybl,TRANSACTION_TIMEOUT
24096.18,20,60.92197675876156,0,PNB,@okaxis,WRONG_DEBIT
47077.84,19,13.128005632901107,0,PNB,@ybl,WRONG_DEBIT
43148.5,18,7.904691585682864,0,ICICI,@ybl,WRONG_DEBIT
5145.72,19,145.98038924793863,0,KOTAK,@phonepe,TRANSACTION_TIMEOUT
35024.15,6,65.46432186486598,0,ICICI,@ybl,WRONG_DEBIT
18709.96,14,49.36519684522485,0,PNB,@okaxis,TRANSACTION_TIMEOUT
24515.01,2,54.611613953341895,0,PNB,@ybl,WRONG_DEBIT
12351.0,9,137.7178676602374,0,SBI,@paytm,BENEFICIARY_NOT_CREDITED
812.67,14,128.2119652566143,0,BOB,@okaxis,TRANSACTION_TIMEOUT
44416.06,13,86.5524836169223,0,ICICI,@paytm,BENEFICIARY_NOT_CREDITED
2617.62,21,18.45048100076959,1,AXIS,@gpay,DUPLICATE_TRANSACTION
18600.96,10,148.30999084771972,0,PNB,@upi,TRANSACTION_TIMEOUT
43412.04,8,44.65375692627822,0,AXIS,@gpay,WRONG_DEBIT
383.0,0,2.269706557782061,0,BOB,@ybl,TECHNICAL_DECLINE
4358.76,16,2.9382975511426332,0,PNB,@ybl,TECHNICAL_DECLINE
24947.6,10,72.47978115259704,0,PNB,@okaxis,BENEFICIARY_NOT_CREDITED
74738.21,17,139.38114195753377,0,SBI,@phonepe,BENEFICIARY_NOT_CREDITED
27586.21,21,41.22258920127157,0,SBI,@upi,WRONG_DEBIT
1156.5,6,11.950178073602052,0,PNB,@paytm,TECHNICAL_DECLINE
12564.03,11,114.22849614003292,0,BOB,@upi,TRANSACTION_TIMEOUT
15874.25,18,105.3740839620436,0,HDFC,@paytm,BENEFICIARY_NOT_CREDITED
16315.89,9,151.12179637525136,0,KOTAK,@okaxis,BENEFICIARY_NOT_CREDITED
2070.81,6,2.627338351726303,0,KOTAK,@gpay,TECHNICAL_DECLINE
3646.34,14,8.462981390608046,1,HDFC,@gpay,DUPLICATE_TRANSACTION
22064.33,20,42.70813936329215,0,BOB,@phonepe,WRONG_DEBIT
80606.88,9,135.3198637817807,0,PNB,@ybl,BENEFICIARY_NOT_CREDITED
9251.48,8,2.8194000981991554,1,BOB,@upi,DUPLICATE_TRANSACTION
1850.68,2,6.701114324604766,0,SBI,@paytm,TECHNICAL_DECLINE
14681.09,6,5.6437978135771205,0,KOTAK,@gpay,WRONG_DEBIT
37927.37,22,61.51128783587128,0,KOTAK,@gpay,WRONG_DEBIT
15117.73,3,56.28687538135434,0,HDFC,@okaxis,WRONG_DEBIT
9109.47,8,21.82904236806681,1,SBI,@phonepe,DUPLICATE_TRANSACTION
1510.64,14,2.6101742609042695,0,KOTAK,@phonepe,TECHNICAL_DECLINE
15154.09,15,139.2004639204947,0,ICICI,@okaxis,TRANSACTION_TIMEOUT
4711.74,4,3.2507429865921456,0,PNB,@phonepe,TECHNICAL_DECLINE
24051.87,10,63.582872109782365,0,HDFC,@okaxis,BENEFICIARY_NOT_CREDITED
4911.59,21,16.28379038354049,1,BOB,@okaxis,DUPLICATE_TRANSACTION
4422.25,12,20.446843588025114,1,KOTAK,@phonepe,DUPLICATE_TRANSACTION
25271.72,5,62.69923605090549,0,SBI,@upi,WRONG_DEBIT
13742.67,16,167.0832567806853,0,PNB,@upi,TRANSACTION_TIMEOUT
16893.52,10,42.60590156132985,0,ICICI,@paytm,WRONG_DEBIT
707.27,13,8.735169922714212,0,BOB,@okaxis,TECHNICAL_DECLINE
84574.12,13,124.87079019696958,0,AXIS,@ybl,BENEFICIARY_NOT_CREDITED
33792.84,10,1.072293425858879,0,PNB,@phonepe,WRONG_DEBIT
2816.59,18,8.873412172358812,0,PNB,@phonepe,TECHNICAL_DECLINE
25570.01,4,47.11730964766556,0,SBI,@ybl,WRONG_DEBIT
4586.57,14,5.469284617040247,0,BOB,@ybl,BENEFICIARY_NOT_CREDITED
4658.38,11,9.406251521613905,0,KOTAK,@upi,TECHNICAL_DECLINE
3745.85,13,12.199284108420546,1,HDFC,@paytm,DUPLICATE_TRANSACTION
3807.5,4,7.968566014100021,0,AXIS,@ybl,TECHNICAL_DECLINE
30352.5,16,105.8067642669456,0,AXIS,@phonepe,BENEFICIARY_NOT_CREDITED
57655.18,11,62.77952956711199,0,PNB,@paytm,BENEFICIARY_NOT_CREDITED
2246.57,15,3.5612343284235966,1,SBI,@upi,DUPLICATE_TRANSACTION
4079.95,7,5.790329986465136,0,AXIS,@okaxis,TECHNICAL_DECLINE
949.64,1,51.17002877981691,0,BOB,@phonepe,WRONG_DEBIT
60184.62,13,92.41900210056707,0,SBI,@okaxis,BENEFICIARY_NOT_CREDITED
9290.72,8,188.14749542909433,0,BOB,@paytm,TRANSACTION_TIMEOUT
8584.79,6,151.01714996750098,0,SBI,@ybl,TRANSACTION_TIMEOUT
2436.52,10,103.33008105375433,0,ICICI,@phonepe,TRANSACTION_TIMEOUT
46513.45,14,31.0266563308694,0,SBI,@okaxis,WRONG_DEBIT
18842.64,3,56.321168744193415,0,BOB,@gpay,WRONG_DEBIT
3035.75,15,108.38972120574059,0,ICICI,@paytm,TRANSACTION_TIMEOUT
81795.07,10,116.80293878027587,0,ICICI,@phonepe,BENEFICIARY_NOT_CREDITED
24872.18,20,58.976924147893655,0,HDFC,@phonepe,WRONG_DEBIT
96058.04,14,93.79929055415211,0,BOB,@phonepe,BENEFICIARY_NOT_CREDITED
35886.82,14,149.2509388084723,0,SBI,@ybl,BENEFICIARY_NOT_CREDITED
9586.37,14,23.810465376063032,1,PNB,@gpay,DUPLICATE_TRANSACTION
3792.82,22,15.792651322541419,1,PNB,@ybl,DUPLICATE_TRANSACTION
10228.6,17,172.6965721168557,0,KOTAK,@phonepe,TRANSACTION_TIMEOUT
15145.96,23,41.79810069947959,0,HDFC,@okaxis,WRONG_DEBIT
15206.73,1,92.64287279948817,0,HDFC,@ybl,TRANSACTION_TIMEOUT
18590.78,10,48.99546278977051,0,KOTAK,@phonepe,WRONG_DEBIT
1025.55,19,13.898043296955517,1,KOTAK,@gpay,DUPLICATE_TRANSACTION
3970.59,14,21.292006024043413,1,BOB,@okaxis,DUPLICATE_TRANSACTION
8716.37,18,16.319291070741528,1,HDFC,@okaxis,DUPLICATE_TRANSACTION
4782.76,16,11.79988883490992,0,KOTAK,@phonepe,TECHNICAL_DECLINE
48977.99,1,26.53587611593305,0,BOB,@okaxis,WRONG_DEBIT
6012.45,9,2.592644757525452,1,BOB,@gpay,DUPLICATE_TRANSACTION
532.73,14,6.840851255980895,1,HDFC,@okaxis,DUPLICATE_TRANSACTION
6891.13,19,5.696746177842889,1,ICICI,@okaxis,DUPLICATE_TRANSACTION
4935.58,18,54.46986594878902,0,HDFC,@upi,TRANSACTION_TIMEOUT
5479.1,18,10.741109583156103,1,ICICI,@upi,DUPLICATE_TRANSACTION
28023.92,19,15.210363432998658,0,SBI,@phonepe,WRONG_DEBIT
10442.69,13,165.48457399626432,0,AXIS,@ybl,TRANSACTION_TIMEOUT
7502.54,12,21.136273534892236,1,BOB,@gpay,DUPLICATE_TRANSACTION
27229.51,9,36.900260764016835,0,HDFC,@gpay,WRONG_DEBIT
19041.62,15,73.63912293896851,0,AXIS,@phonepe,BENEFICIARY_NOT_CREDITED
7306.51,14,7.366897930171589,1,BOB,@paytm,DUPLICATE_TRANSACTION
46578.45,17,33.41877336803684,0,PNB,@gpay,BENEFICIARY_NOT_CREDITED
12025.49,13,109.78269180969832,0,AXIS,@okaxis,TRANSACTION_TIMEOUT
52069.18,17,80.2200411042994,0,BOB,@phonepe,BENEFICIARY_NOT_CREDITED
61133.7,11,52.9537139447365,0,KOTAK,@ybl,BENEFICIARY_NOT_CREDITED
15367.17,8,27.649599274338904,0,KOTAK,@gpay,WRONG_DEBIT
3121.36,10,2.991856553422045,0,BOB,@phonepe,TECHNICAL_DECLINE
80904.58,15,52.92904956750779,0,ICICI,@gpay,BENEFICIARY_NOT_CREDITED
1467.83,4,7.519263211982369,0,BOB,@okaxis,TECHNICAL_DECLINE
42359.84,18,57.974677763896125,0,SBI,@okaxis,WRONG_DEBIT
7870.41,21,199.39195211819407,0,KOTAK,@paytm,TRANSACTION_TIMEOUT
33098.28,17,13.1084429954314,0,ICICI,@okaxis,WRONG_DEBIT
2505.63,20,15.598235004570107,1,PNB,@gpay,DUPLICATE_TRANSACTION
38679.01,16,23.94094041748628,0,HDFC,@gpay,BENEFICIARY_NOT_CREDITED
4235.0,15,155.46438941967165,0,BOB,@phonepe,TRANSACTION_TIMEOUT
49064.3,21,51.28549615018943,0,ICICI,@okaxis,WRONG_DEBIT
9889.6,9,155.4403028954126,0,KOTAK,@phonepe,TRANSACTION_TIMEOUT
10078.72,1,189.0928315546758,0,BOB,@phonepe,TRANSACTION_TIMEOUT
58620.1,14,113.85517980544367,0,AXIS,@upi,BENEFICIARY_NOT_CREDITED
13069.35,21,187.24041432292958,0,SBI,@ybl,TRANSACTION_TIMEOUT
1988.33,21,0.025547598669980687,0,SBI,@phonepe,TECHNICAL_DECLINE
42501.51,4,65.99260786535689,0,PNB,@upi,WRONG_DEBIT
13068.0,8,145.1504369290779,0,KOTAK,@phonepe,TRANSACTION_TIMEOUT
9684.34,22,5.380593031455661,1,AXIS,@paytm,DUPLICATE_TRANSACTION
41403.14,13,161.67551190811128,0,SBI,@gpay,BENEFICIARY_NOT_CREDITED
80063.79,11,8.065930495131328,0,SBI,@gpay,BENEFICIARY_NOT_CREDITED
49036.2,16,31.053151725989057,0,SBI,@ybl,WRONG_DEBIT
43286.4,4,3.6510605958725613,0,SBI,@paytm,WRONG_DEBIT
554.17,16,4.17121756112604,0,PNB,@paytm,TECHNICAL_DECLINE
41180.37,10,40.317216272460534,0,SBI,@okaxis,BENEFICIARY_NOT_CREDITED
5441.38,10,105.52662799462365,0,ICICI,@gpay,BENEFICIARY_NOT_CREDITED
7124.77,16,20.83275817557485,1,AXIS,@ybl,DUPLICATE_TRANSACTION
14233.33,6,76.29735012233019,0,AXIS,@upi,TRANSACTION_TIMEOUT
3490.01,1,9.35298525802635,0,ICICI,@gpay,TECHNICAL_DECLINE
5524.88,8,9.653081603149879,1,PNB,@okaxis,DUPLICATE_TRANSACTION
4855.66,23,9.88168693999042,0,HDFC,@paytm,TECHNICAL_DECLINE
15534.58,18,14.61409798488311,0,SBI,@phonepe,BENEFICIARY_NOT_CREDITED
18013.59,20,166.33306859944543,0,SBI,@okaxis,TRANSACTION_TIMEOUT
7300.81,19,51.18129917033281,0,BOB,@gpay,TRANSACTION_TIMEOUT
477.02,5,101.40477065515549,0,KOTAK,@ybl,TRANSACTION_TIMEOUT
47878.17,9,15.520952930973174,0,KOTAK,@gpay,WRONG_DEBIT
15674.35,0,45.180803677786585,0,AXIS,@upi,WRONG_DEBIT
12788.52,9,72.49382071813484,0,HDFC,@okaxis,BENEFICIARY_NOT_CREDITED
8981.51,10,2.609639060757181,1,KOTAK,@okaxis,DUPLICATE_TRANSACTION
5821.26,6,173.11212472546868,0,HDFC,@phonepe,TRANSACTION_TIMEOUT
4860.21,4,54.64652743249843,0,ICICI,@paytm,TRANSACTION_TIMEOUT
718.67,9,2.986928951726846,0,HDFC,@gpay,TECHNICAL_DECLINE
8557.2,11,108.5178039230097,0,HDFC,@gpay,TRANSACTION_TIMEOUT
2092.34,9,21.70387627133527,1,SBI,@phonepe,DUPLICATE_TRANSACTION
208.64,4,3.0065605449994646,0,SBI,@phonepe,TECHNICAL_DECLINE
15404.22,16,158.00948345055627,0,HDFC,@upi,BENEFICIARY_NOT_CREDITED
4111.31,22,11.35366393579061,1,HDFC,@gpay,DUPLICATE_TRANSACTION
14508.06,3,49.1728773204308,0,SBI,@upi,TRANSACTION_TIMEOUT
11042.2,1,112.7924235464274,0,HDFC,@phonepe,TRANSACTION_TIMEOUT
19142.96,2,195.6636302100887,0,HDFC,@upi,TRANSACTION_TIMEOUT
547.42,12,5.443679887309711,0,PNB,@okaxis,TECHNICAL_DECLINE
8120.91,11,8.75941046466317,1,BOB,@gpay,DUPLICATE_TRANSACTION
4036.97,22,11.02852036637185,0,HDFC,@upi,TECHNICAL_DECLINE
27628.01,13,123.5906903618663,0,PNB,@phonepe,BENEFICIARY_NOT_CREDITED
43556.55,13,23.820988193614664,0,BOB,@paytm,WRONG_DEBIT
11675.47,6,70.08259435612185,0,HDFC,@upi,TRANSACTION_TIMEOUT
1213.29,4,3.2569155850980485,0,AXIS,@upi,TECHNICAL_DECLINE
41520.35,17,131.94825830931052,0,PNB,@upi,BENEFICIARY_NOT_CREDITED
74051.95,18,5.099821283134146,0,PNB,@paytm,BENEFICIARY_NOT_CREDITED
7347.99,10,54.9399667351383,0,SBI,@okaxis,BENEFICIARY_NOT_CREDITED
260.61,10,1.1823150560173605,0,KOTAK,@gpay,TECHNICAL_DECLINE
2915.89,20,8.760593484056887,1,ICICI,@gpay,DUPLICATE_TRANSACTION
4141.35,7,48.990004599003484,0,AXIS,@upi,TRANSACTION_TIMEOUT
70140.31,12,78.73219579453063,0,BOB,@paytm,BENEFICIARY_NOT_CREDITED
28924.18,17,64.77899351932258,0,HDFC,@ybl,WRONG_DEBIT
23712.08,16,6.5118082824685555,0,PNB,@gpay,BENEFICIARY_NOT_CREDITED
39335.86,0,59.64871339201404,0,PNB,@phonepe,WRONG_DEBIT
1323.6,5,99.83337309190688,0,PNB,@okaxis,TRANSACTION_TIMEOUT
5562.81,18,20.032181526123253,1,ICICI,@gpay,DUPLICATE_TRANSACTION
3749.77,2,5.388969597990256,0,BOB,@okaxis,TECHNICAL_DECLINE
38377.88,10,76.82022828031126,0,KOTAK,@ybl,BENEFICIARY_NOT_CREDITED
4162.61,18,16.76375603994708,0,PNB,@gpay,BENEFICIARY_NOT_CREDITED
1271.0,22,0.8302726132600053,0,HDFC,@upi,TECHNICAL_DECLINE
72250.33,18,15.021691198151366,0,AXIS,@okaxis,BENEFICIARY_NOT_CREDITED
1027.1,22,7.805520421889668,0,AXIS,@okaxis,TECHNICAL_DECLINE
9950.75,14,6.9005378443449406,1,AXIS,@paytm,DUPLICATE_TRANSACTION
3050.58,8,8.672192421553508,0,HDFC,@ybl,TECHNICAL_DECLINE
70568.63,13,155.9887615054247,0,BOB,@phonepe,BENEFICIARY_NOT_CREDITED
9793.26,13,13.702413118356201,1,BOB,@phonepe,DUPLICATE_TRANSACTION
526.94,15,177.57876878198638,0,AXIS,@phonepe,TRANSACTION_TIMEOUT
28869.81,12,12.954715420254242,0,HDFC,@ybl,WRONG_DEBIT
4415.61,10,5.104543550062618,0,PNB,@upi,TECHNICAL_DECLINE
4556.65,17,15.879313019295164,1,ICICI,@ybl,DUPLICATE_TRANSACTION
38028.34,20,47.35065760893969,0,BOB,@upi,WRONG_DEBIT
6151.92,13,36.90235619227103,0,BOB,@paytm,WRONG_DEBIT
1416.84,19,63.80288329444039,0,BOB,@gpay,WRONG_DEBIT
16784.9,18,146.70166589570408,0,KOTAK,@phonepe,TRANSACTION_TIMEOUT
117.09,17,0.8069176066232178,0,AXIS,@paytm,TECHNICAL_DECLINE
43630.63,4,35.97077823952748,0,AXIS,@upi,WRONG_DEBIT
5321.08,13,22.297601016284606,1,BOB,@upi,DUPLICATE_TRANSACTION
2362.98,15,10.213645979383344,0,BOB,@paytm,TECHNICAL_DECLINE
13948.76,18,33.41850371403604,0,PNB,@ybl,WRONG_DEBIT
734.27,3,1.2621746566743988,0,SBI,@ybl,TECHNICAL_DECLINE
4552.93,9,5.208169433013027,0,AXIS,@ybl,TECHNICAL_DECLINE
6393.83,17,8.68840749091091,1,PNB,@okaxis,DUPLICATE_TRANSACTION
49525.41,5,10.749339957968562,0,SBI,@paytm,WRONG_DEBIT
3747.11,11,20.531587408922203,1,PNB,@okaxis,DUPLICATE_TRANSACTION
15961.9,23,128.65831803478474,0,PNB,@okaxis,TRANSACTION_TIMEOUT
3581.89,8,11.903738443301517,1,HDFC,@ybl,DUPLICATE_TRANSACTION
14965.45,23,127.7910649123932,0,PNB,@ybl,TRANSACTION_TIMEOUT
3694.75,9,13.223921501168793,1,PNB,@paytm,DUPLICATE_TRANSACTION
14566.07,8,125.45798740006789,0,SBI,@ybl,TRANSACTION_TIMEOUT
12183.53,11,179.22409306247158,0,KOTAK,@okaxis,TRANSACTION_TIMEOUT
65633.23,13,37.09874544804427,0,ICICI,@phonepe,BENEFICIARY_NOT_CREDITED
12127.77,18,119.3907181789155,0,HDFC,@gpay,TRANSACTION_TIMEOUT
14887.23,9,141.67301725150924,0,KOTAK,@gpay,BENEFICIARY_NOT_CREDITED
34881.71,8,30.656574354392777,0,KOTAK,@paytm,WRONG_DEBIT
3877.08,15,2.6864622075552935,1,HDFC,@okaxis,DUPLICATE_TRANSACTION
19247.07,18,76.75066065821399,0,SBI,@gpay,TRANSACTION_TIMEOUT
10723.09,2,17.662729256266303,0,KOTAK,@ybl,WRONG_DEBIT
1162.07,10,7.6967292481644325,0,KOTAK,@gpay,TECHNICAL_DECLINE
4009.43,23,9.3951276967622,0,SBI,@gpay,TECHNICAL_DECLINE
3361.3,13,4.270464496050896,1,PNB,@gpay,DUPLICATE_TRANSACTION
6874.0,21,19.927137552497882,0,KOTAK,@ybl,WRONG_DEBIT
48265.42,10,19.993975051578314,0,KOTAK,@gpay,BENEFICIARY_NOT_CREDITED
11858.72,21,137.56353227748806,0,SBI,@upi,TRANSACTION_TIMEOUT
12660.94,12,96.28776672172249,0,ICICI,@gpay,BENEFICIARY_NOT_CREDITED
5832.19,9,10.571908708475075,1,AXIS,@okaxis,DUPLICATE_TRANSACTION
6779.38,0,168.56880018959083,0,KOTAK,@upi,TRANSACTION_TIMEOUT
68723.18,16,63.378118803315814,0,BOB,@upi,BENEFICIARY_NOT_CREDITED
15881.66,15,49.87607127079371,0,AXIS,@upi,WRONG_DEBIT
15641.4,18,59.98939542263285,0,SBI,@gpay,TRANSACTION_TIMEOUT
45739.95,21,21.691304976054795,0,SBI,@upi,WRONG_DEBIT
21036.39,12,84.98501856978042,0,PNB,@paytm,BENEFICIARY_NOT_CREDITED
34527.71,15,25.323724525267977,0,BOB,@okaxis,WRONG_DEBIT
9009.32,15,3.790107080369679,1,KOTAK,@phonepe,DUPLICATE_TRANSACTION
269.73,6,4.566421204047574,0,PNB,@phonepe,TECHNICAL_DECLINE
12908.68,13,76.34090225453069,0,KOTAK,@phonepe,TRANSACTION_TIMEOUT
2074.73,9,9.766479588003314,1,AXIS,@ybl,DUPLICATE_TRANSACTION
40348.67,17,22.71048169854985,0,HDFC,@ybl,WRONG_DEBIT
3819.18,7,9.28812869692493,0,KOTAK,@upi,TECHNICAL_DECLINE
26969.24,10,11.094034070051059,0,PNB,@paytm,BENEFICIARY_NOT_CREDITED
15062.11,15,56.125570579651594,0,KOTAK,@ybl,WRONG_DEBIT
62412.26,14,47.493652764927,0,KOTAK,@gpay,BENEFICIARY_NOT_CREDITED
46049.04,0,7.68990389449632,0,KOTAK,@paytm,WRONG_DEBIT
2773.92,20,7.379431880920433,0,KOTAK,@okaxis,TECHNICAL_DECLINE
10784.98,4,54.911579765540615,0,BOB,@upi,WRONG_DEBIT
1302.56,14,11.65356730996759,0,SBI,@gpay,TECHNICAL_DECLINE
1602.76,16,10.652867373898113,0,HDFC,@paytm,TECHNICAL_DECLINE
16315.04,15,2.706028026093244,0,ICICI,@phonepe,WRONG_DEBIT
7451.68,1,145.73990367398636,0,BOB,@ybl,TRANSACTION_TIMEOUT
84235.49,11,65.18616062620178,0,SBI,@phonepe,BENEFICIARY_NOT_CREDITED
28741.32,11,1.5421643280196742,0,ICICI,@paytm,BENEFICIARY_NOT_CREDITED
3482.66,12,19.03312099982253,1,KOTAK,@upi,DUPLICATE_TRANSACTION
1526.45,11,13.670782557336828,1,HDFC,@ybl,DUPLICATE_TRANSACTION
37562.39,7,47.98137472009268,0,ICICI,@phonepe,WRONG_DEBIT
7722.2,1,187.58562636863815,0,BOB,@okaxis,TRANSACTION_TIMEOUT
83403.42,13,79.87149921376357,0,HDFC,@upi,BENEFICIARY_NOT_CREDITED
20914.32,7,66.69632250881934,0,KOTAK,@paytm,WRONG_DEBIT
22130.69,11,7.801615507641202,0,ICICI,@phonepe,WRONG_DEBIT
838.13,18,18.30107845153915,1,HDFC,@upi,DUPLICATE_TRANSACTION
104.51,10,3.970988862108917,1,PNB,@paytm,DUPLICATE_TRANSACTION
6825.28,2,106.21140287979313,0,HDFC,@okaxis,TRANSACTION_TIMEOUT
43894.19,10,89.30652442747856,0,SBI,@phonepe,BENEFICIARY_NOT_CREDITED
9668.07,21,14.188237363860303,0,AXIS,@phonepe,WRONG_DEBIT
7109.87,10,70.59772124668135,0,KOTAK,@paytm,WRONG_DEBIT
90526.69,14,93.17151679447042,0,AXIS,@upi,BENEFICIARY_NOT_CREDITED
584.63,11,8.724325729022379,0,KOTAK,@gpay,TECHNICAL_DECLINE
391.77,10,2.13214934507529,0,BOB,@phonepe,TECHNICAL_DECLINE
973.58,2,9.773279123147994,0,BOB,@paytm,TECHNICAL_DECLINE
32555.45,5,41.07088275230356,0,KOTAK,@phonepe,WRONG_DEBIT
653.22,3,3.4109244352733947,0,BOB,@paytm,TECHNICAL_DECLINE
8174.12,13,16.6408178871761,1,AXIS,@okaxis,DUPLICATE_TRANSACTION
1028.85,3,3.4141172338772416,0,ICICI,@ybl,TECHNICAL_DECLINE
15806.71,10,139.41771397815955,0,BOB,@upi,BENEFICIARY_NOT_CREDITED
5492.82,9,64.08212598482527,0,ICICI,@paytm,WRONG_DEBIT
4520.64,20,3.632712695167143,0,SBI,@ybl,TECHNICAL_DECLINE
4900.49,16,11.524275766662237,0,AXIS,@ybl,TECHNICAL_DECLINE
62612.01,17,13.375176604109205,0,KOTAK,@gpay,BENEFICIARY_NOT_CREDITED
3813.69,19,66.94288663259542,0,PNB,@ybl,TRANSACTION_TIMEOUT
17749.61,10,192.31240883629016,0,HDFC,@ybl,TRANSACTION_TIMEOUT
95680.89,18,21.666933285862616,0,SBI,@gpay,BENEFICIARY_NOT_CREDITED
7221.3,16,15.711154465455365,1,HDFC,@paytm,DUPLICATE_TRANSACTION
710.2,13,21.1840553529371,1,ICICI,@paytm,DUPLICATE_TRANSACTION
40562.89,17,129.17292420214295,0,ICICI,@phonepe,BENEFICIARY_NOT_CREDITED
5477.13,22,17.16637086382734,1,HDFC,@upi,DUPLICATE_TRANSACTION
1560.76,19,21.041744959612387,1,SBI,@ybl,DUPLICATE_TRANSACTION
9432.43,15,20.00713975697871,1,PNB,@gpay,DUPLICATE_TRANSACTION
199.27,10,7.515233382027807,1,BOB,@phonepe,DUPLICATE_TRANSACTION
2493.24,14,10.584273898573198,1,HDFC,@ybl,DUPLICATE_TRANSACTION
7758.82,9,165.45920589910122,0,KOTAK,@upi,TRANSACTION_TIMEOUT
6552.95,18,22.40772944589523,1,PNB,@okaxis,DUPLICATE_TRANSACTION
2518.12,22,10.919144681075608,0,AXIS,@upi,TECHNICAL_DECLINE
18208.11,9,55.8749665293384,0,KOTAK,@upi,TRANSACTION_TIMEOUT
9787.22,4,59.405891701854884,0,AXIS,@upi,TRANSACTION_TIMEOUT
18258.58,13,141.7539040142366,0,HDFC,@paytm,BENEFICIARY_NOT_CREDITED
8342.34,19,0.8590932874327413,1,BOB,@phonepe,DUPLICATE_TRANSACTION
1031.64,21,58.635037316981965,0,BOB,@okaxis,WRONG_DEBIT
19333.93,4,91.11590899034125,0,AXIS,@gpay,TRANSACTION_TIMEOUT
28012.68,15,58.841319973168716,0,HDFC,@ybl,BENEFICIARY_NOT_CREDITED
3003.79,6,7.122333721329136,0,AXIS,@ybl,TECHNICAL_DECLINE
5851.21,13,16.783584985485117,1,ICICI,@okaxis,DUPLICATE_TRANSACTION
40266.4,5,57.24256106323903,0,KOTAK,@okaxis,WRONG_DEBIT
9087.57,18,4.600893968983831,1,PNB,@upi,DUPLICATE_TRANSACTION
7792.96,15,13.182735559507002,1,AXIS,@okaxis,DUPLICATE_TRANSACTION
23957.39,23,66.14021714672948,0,SBI,@gpay,WRONG_DEBIT
3587.59,22,10.95859833477848,1,PNB,@gpay,DUPLICATE_TRANSACTION
26101.11,19,26.43953235204931,0,ICICI,@paytm,WRONG_DEBIT
36300.83,21,41.65903218618257,0,ICICI,@upi,WRONG_DEBIT
32574.95,10,17.960140395888853,0,PNB,@ybl,WRONG_DEBIT
17374.43,15,70.8052024061718,0,PNB,@paytm,WRONG_DEBIT
9641.77,0,157.92856720764672,0,KOTAK,@phonepe,TRANSACTION_TIMEOUT
1484.51,18,7.3130596529206,0,BOB,@ybl,TECHNICAL_DECLINE
7844.16,15,9.069234878641744,1,AXIS,@upi,DUPLICATE_TRANSACTION
2592.39,2,84.12738033472579,0,HDFC,@phonepe,TRANSACTION_TIMEOUT
1856.17,19,9.373708232331815,0,SBI,@okaxis,TECHNICAL_DECLINE
74114.88,13,125.95817826397409,0,ICICI,@phonepe,BENEFICIARY_NOT_CREDITED
1730.77,3,2.3537337914524987,0,BOB,@gpay,TECHNICAL_DECLINE
37150.55,19,4.84710432047658,0,SBI,@paytm,WRONG_DEBIT
2126.01,21,8.265174182151608,0,HDFC,@upi,TECHNICAL_DECLINE
1392.89,13,35.847663031673555,0,SBI,@paytm,WRONG_DEBIT
9775.54,20,22.360654132763397,1,ICICI,@ybl,DUPLICATE_TRANSACTION
73546.4,9,158.44451662551495,0,SBI,@upi,BENEFICIARY_NOT_CREDITED
12665.26,15,17.089273897984498,0,ICICI,@gpay,WRONG_DEBIT
2682.07,14,20.788143164288247,1,AXIS,@okaxis,DUPLICATE_TRANSACTION
17380.67,1,198.94312879312224,0,ICICI,@upi,TRANSACTION_TIMEOUT
2243.15,21,13.079820712572968,1,ICICI,@okaxis,DUPLICATE_TRANSACTION
22123.28,16,58.75255337946346,0,PNB,@upi,WRONG_DEBIT
3775.57,11,11.33440758532757,0,SBI,@upi,TECHNICAL_DECLINE
14860.3,23,96.66391239578681,0,ICICI,@paytm,TRANSACTION_TIMEOUT
45167.58,14,53.942723205957634,0,KOTAK,@ybl,WRONG_DEBIT
7598.46,15,21.38754662574697,1,ICICI,@paytm,DUPLICATE_TRANSACTION
15360.08,6,17.17959808795398,0,HDFC,@paytm,WRONG_DEBIT
2568.96,5,11.687868586844607,0,HDFC,@ybl,TECHNICAL_DECLINE
78256.23,18,149.3995633968893,0,PNB,@paytm,BENEFICIARY_NOT_CREDITED
11820.33,17,6.877784465842366,0,BOB,@paytm,WRONG_DEBIT
7079.34,12,13.131399563283033,1,SBI,@upi,DUPLICATE_TRANSACTION
33907.76,1,9.287221706479816,0,KOTAK,@gpay,WRONG_DEBIT
8042.37,13,4.96385794016384,0,HDFC,@ybl,BENEFICIARY_NOT_CREDITED
6822.33,8,70.02108411812247,0,HDFC,@ybl,WRONG_DEBIT
2405.85,14,7.698353808451346,0,PNB,@gpay,TECHNICAL_DECLINE
7618.93,12,13.628928173765363,1,KOTAK,@ybl,DUPLICATE_TRANSACTION
10560.26,4,69.31045783671134,0,SBI,@gpay,WRONG_DEBIT
66597.01,13,36.57854095807333,0,ICICI,@phonepe,BENEFICIARY_NOT_CREDITED
13406.08,9,69.69686340037197,0,HDFC,@paytm,BENEFICIARY_NOT_CREDITED
14782.02,12,0.13998881523143858,0,HDFC,@upi,WRONG_DEBIT
11497.25,10,40.146956146881735,0,SBI,@phonepe,BENEFICIARY_NOT_CREDITED
11467.37,4,55.19341896142253,0,AXIS,@gpay,TRANSACTION_TIMEOUT
6822.25,17,23.04232001733912,1,AXIS,@upi,DUPLICATE_TRANSACTION
2696.49,2,122.34644187555816,0,BOB,@paytm,TRANSACTION_TIMEOUT
4023.61,19,10.694667734966087,0,KOTAK,@okaxis,TECHNICAL_DECLINE
2534.4,17,10.874676601498638,0,BOB,@ybl,TECHNICAL_DECLINE
8528.03,23,114.5690681003731,0,SBI,@paytm,TRANSACTION_TIMEOUT
5051.0,15,15.7507626551014,1,ICICI,@gpay,DUPLICATE_TRANSACTION
2731.52,17,11.651536754407948,0,ICICI,@okaxis,TECHNICAL_DECLINE
12900.14,5,54.341401116667086,0,KOTAK,@ybl,TRANSACTION_TIMEOUT
484.47,13,2.805818007039192,1,SBI,@phonepe,DUPLICATE_TRANSACTION
74056.75,15,156.2085845033645,0,BOB,@paytm,BENEFICIARY_NOT_CREDITED
16583.15,7,90.64350093340367,0,KOTAK,@okaxis,TRANSACTION_TIMEOUT
24981.7,18,47.32708422092542,0,BOB,@phonepe,WRONG_DEBIT
12473.96,20,57.26585989966931,0,SBI,@ybl,WRONG_DEBIT
51244.88,18,33.18186394496137,0,KOTAK,@paytm,BENEFICIARY_NOT_CREDITED
3224.04,7,7.940098588880683,0,PNB,@gpay,TECHNICAL_DECLINE
18148.69,8,59.56118772929895,0,KOTAK,@gpay,WRONG_DEBIT
5876.94,15,1.9476044787655065,1,KOTAK,@phonepe,DUPLICATE_TRANSACTION
3594.13,15,39.05993121315443,0,SBI,@ybl,BENEFICIARY_NOT_CREDITED
267.82,1,160.30999624114963,0,PNB,@paytm,TRANSACTION_TIMEOUT
20123.37,17,110.67395699479081,0,ICICI,@paytm,BENEFICIARY_NOT_CREDITED
36224.62,14,121.07107378697499,0,BOB,@gpay,BENEFICIARY_NOT_CREDITED
27064.52,9,76.179323365741,0,KOTAK,@upi,BENEFICIARY_NOT_CREDITED
3419.9,14,5.615809115637269,0,KOTAK,@okaxis,TECHNICAL_DECLINE
4863.04,18,11.125543702548182,0,ICICI,@upi,TECHNICAL_DECLINE
9752.05,20,2.540474789551376,1,HDFC,@upi,DUPLICATE_TRANSACTION
22831.04,4,48.89781546561467,0,HDFC,@phonepe,WRONG_DEBIT
38474.52,19,22.345608559275245,0,BOB,@paytm,WRONG_DEBIT
39136.33,9,28.982336518219117,0,PNB,@ybl,WRONG_DEBIT
67032.32,17,116.70604104257545,0,SBI,@paytm,BENEFICIARY_NOT_CREDITED
47632.96,9,39.74052738235654,0,AXIS,@ybl,WRONG_DEBIT
26138.65,8,68.4746011770244,0,ICICI,@ybl,WRONG_DEBIT
7718.95,12,19.769415011504336,1,AXIS,@paytm,DUPLICATE_TRANSACTION
56513.62,15,79.49316651166548,0,HDFC,@paytm,BENEFICIARY_NOT_CREDITED
25153.83,14,56.058353491068935,0,ICICI,@gpay,WRONG_DEBIT
3330.37,20,1.1281486796626092,1,SBI,@upi,DUPLICATE_TRANSACTION
22800.82,9,78.41799798454156,0,ICICI,@phonepe,BENEFICIARY_NOT_CREDITED
13222.2,16,134.07679211173496,0,KOTAK,@ybl,TRANSACTION_TIMEOUT
60271.56,9,127.04536895977606,0,PNB,@paytm,BENEFICIARY_NOT_CREDITED
79910.44,12,86.74220765453757,0,HDFC,@ybl,BENEFICIARY_NOT_CREDITED
12524.12,23,124.03209464171375,0,KOTAK,@okaxis,TRANSACTION_TIMEOUT
2685.11,21,13.766648976953718,1,SBI,@ybl,DUPLICATE_TRANSACTION
14197.24,16,8.727262315007382,0,PNB,@gpay,WRONG_DEBIT
4752.9,13,55.28187381019417,0,SBI,@gpay,WRONG_DEBIT
2549.86,21,6.342909858642844,1,SBI,@upi,DUPLICATE_TRANSACTION
16330.25,3,125.5358927819544,0,HDFC,@gpay,TRANSACTION_TIMEOUT
7407.35,2,184.42556950573396,0,AXIS,@paytm,TRANSACTION_TIMEOUT
12361.95,7,65.05404679956213,0,AXIS,@phonepe,WRONG_DEBIT
7315.49,10,8.498393456035746,1,AXIS,@upi,DUPLICATE_TRANSACTION
5990.76,22,98.25176322398863,0,AXIS,@gpay,TRANSACTION_TIMEOUT
9595.25,11,35.31930878475198,0,HDFC,@phonepe,BENEFICIARY_NOT_CREDITED
11367.46,10,19.96162140252238,0,BOB,@paytm,BENEFICIARY_NOT_CREDITED
374.9,8,11.731205124102964,1,ICICI,@upi,DUPLICATE_TRANSACTION
13027.34,6,56.019227200575344,0,HDFC,@phonepe,TRANSACTION_TIMEOUT
1847.71,18,7.423007416387503,1,ICICI,@upi,DUPLICATE_TRANSACTION
15705.1,14,147.4058469975188,0,ICICI,@upi,TRANSACTION_TIMEOUT
81722.06,17,45.34086890408679,0,ICICI,@phonepe,BENEFICIARY_NOT_CREDITED
2486.39,13,64.51750190872505,0,PNB,@phonepe,TRANSACTION_TIMEOUT
2897.29,19,3.7329962495089775,0,PNB,@gpay,TECHNICAL_DECLINE
15862.91,2,129.15864170962755,0,BOB,@phonepe,TRANSACTION_TIMEOUT
21360.59,14,90.39762603636669,0,ICICI,@ybl,BENEFICIARY_NOT_CREDITED
723.54,20,7.498392406291723,0,HDFC,@okaxis,TECHNICAL_DECLINE
13558.6,19,41.79812469203759,0,BOB,@upi,WRONG_DEBIT
96764.96,11,134.44506735340616,0,ICICI,@gpay,BENEFICIARY_NOT_CREDITED
55738.47,18,39.40830830376356,0,SBI,@okaxis,BENEFICIARY_NOT_CREDITED
34713.86,21,53.05029466131661,0,PNB,@phonepe,WRONG_DEBIT
5129.04,8,8.065518026593633,1,BOB,@ybl,DUPLICATE_TRANSACTION
5034.33,16,120.58393160375958,0,KOTAK,@paytm,BENEFICIARY_NOT_CREDITED
3462.02,20,9.855350773131686,0,BOB,@gpay,TECHNICAL_DECLINE
26295.08,13,153.3155033064048,0,SBI,@gpay,BENEFICIARY_NOT_CREDITED
70522.55,16,83.22088860426629,0,AXIS,@phonepe,BENEFICIARY_NOT_CREDITED
77971.19,13,95.43745633376064,0,SBI,@okaxis,BENEFICIARY_NOT_CREDITED
435.85,14,6.775480593454687,1,HDFC,@paytm,DUPLICATE_TRANSACTION
273.31,18,128.87505940210846,0,KOTAK,@gpay,TRANSACTION_TIMEOUT
6023.26,13,67.1377025988912,0,PNB,@upi,TRANSACTION_TIMEOUT
7346.67,11,169.95367812812094,0,AXIS,@ybl,TRANSACTION_TIMEOUT
1216.56,17,4.219634852100514,0,PNB,@phonepe,TECHNICAL_DECLINE
511.88,3,69.23646058466343,0,HDFC,@phonepe,TRANSACTION_TIMEOUT
23442.64,11,18.23624457648013,0,SBI,@upi,WRONG_DEBIT
6070.22,8,2.2219165126680274,1,AXIS,@paytm,DUPLICATE_TRANSACTION
4185.92,19,10.253212540110555,0,BOB,@gpay,TECHNICAL_DECLINE
8439.83,19,6.068935537708052,1,HDFC,@ybl,DUPLICATE_TRANSACTION
802.29,4,4.326827258029176,0,BOB,@paytm,TECHNICAL_DECLINE
6003.31,3,152.21692481580945,0,BOB,@paytm,TRANSACTION_TIMEOUT
1403.79,8,15.578035502177226,1,ICICI,@upi,DUPLICATE_TRANSACTION
1556.02,21,7.615456992163063,0,KOTAK,@okaxis,TECHNICAL_DECLINE
94799.66,11,77.80817303052098,0,KOTAK,@phonepe,BENEFICIARY_NOT_CREDITED
6888.22,11,10.257113651777274,1,BOB,@ybl,DUPLICATE_TRANSACTION
4560.6,18,4.9696736388720915,0,SBI,@phonepe,TECHNICAL_DECLINE
60647.45,14,119.779489808313,0,SBI,@ybl,BENEFICIARY_NOT_CREDITED
4391.65,5,5.383504336339523,0,ICICI,@upi,TECHNICAL_DECLINE
24701.27,9,49.035887035782444,0,BOB,@upi,WRONG_DEBIT
4450.54,9,12.698007207259256,1,ICICI,@gpay,DUPLICATE_TRANSACTION
90272.38,11,36.61730282865552,0,ICICI,@ybl,BENEFICIARY_NOT_CREDITED
4810.39,9,11.08007301246911,1,BOB,@phonepe,DUPLICATE_TRANSACTION
38345.63,8,70.45157041334595,0,SBI,@upi,WRONG_DEBIT
6793.49,11,63.093466015732815,0,ICICI,@okaxis,TRANSACTION_TIMEOUT
4704.98,2,193.46426548556224,0,HDFC,@phonepe,TRANSACTION_TIMEOUT
46892.39,22,62.60030890953021,0,ICICI,@okaxis,WRONG_DEBIT
893.48,15,9.299339054511433,0,SBI,@upi,TECHNICAL_DECLINE
58972.42,11,133.45464522416844,0,KOTAK,@upi,BENEFICIARY_NOT_CREDITED
4479.3,22,21.598077074289137,1,AXIS,@ybl,DUPLICATE_TRANSACTION
18664.76,18,36.10269189002893,0,PNB,@phonepe,BENEFICIARY_NOT_CREDITED
9115.47,11,19.67806964613517,1,AXIS,@gpay,DUPLICATE_TRANSACTION
7182.97,16,23.121358969679225,1,KOTAK,@ybl,DUPLICATE_TRANSACTION
1016.82,11,1.4363243616578867,0,HDFC,@gpay,TECHNICAL_DECLINE
128.16,14,163.0017313443152,0,HDFC,@phonepe,TRANSACTION_TIMEOUT
8950.93,18,6.033144763784286,1,PNB,@okaxis,DUPLICATE_TRANSACTION
19132.62,18,149.3054078196675,0,AXIS,@phonepe,TRANSACTION_TIMEOUT
8758.4,9,8.668612879980309,1,SBI,@ybl,DUPLICATE_TRANSACTION
1202.85,8,8.546311887773602,1,HDFC,@okaxis,DUPLICATE_TRANSACTION
2841.22,2,6.673365395055056,0,ICICI,@paytm,TECHNICAL_DECLINE
4941.9,1,5.715714599731277,0,ICICI,@gpay,TECHNICAL_DECLINE
9040.91,7,64.0284516016068,0,ICICI,@okaxis,TRANSACTION_TIMEOUT
19779.19,8,191.08390650910522,0,PNB,@phonepe,TRANSACTION_TIMEOUT
1765.44,5,8.212366255253155,0,AXIS,@upi,TECHNICAL_DECLINE
60850.45,9,88.75606138218986,0,AXIS,@okaxis,BENEFICIARY_NOT_CREDITED
112.91,1,33.98895593623459,0,ICICI,@paytm,WRONG_DEBIT
3310.52,15,1.0246980671356032,0,ICICI,@paytm,TECHNICAL_DECLINE
2963.28,8,4.166035131810995,0,ICICI,@okaxis,TECHNICAL_DECLINE
57238.36,9,22.944615946519328,0,ICICI,@paytm,BENEFICIARY_NOT_CREDITED
81163.76,18,87.18776096779152,0,AXIS,@phonepe,BENEFICIARY_NOT_CREDITED
23066.18,14,56.84831050571771,0,HDFC,@gpay,WRONG_DEBIT
2046.46,21,22.462719896578488,1,KOTAK,@okaxis,DUPLICATE_TRANSACTION
39738.85,0,63.791238572900205,0,SBI,@paytm,WRONG_DEBIT
6790.78,5,193.1210294431811,0,PNB,@phonepe,TRANSACTION_TIMEOUT
47346.16,0,3.3897116180250944,0,KOTAK,@upi,WRONG_DEBIT
2173.66,20,4.194582985252827,0,PNB,@ybl,TECHNICAL_DECLINE
34397.18,17,57.46009468708433,0,HDFC,@okaxis,BENEFICIARY_NOT_CREDITED
57716.52,10,51.71134946486415,0,HDFC,@phonepe,BENEFICIARY_NOT_CREDITED
4161.34,14,2.111706188433491,0,ICICI,@ybl,TECHNICAL_DECLINE
12478.29,21,107.78860750381857,0,AXIS,@gpay,TRANSACTION_TIMEOUT
2203.32,10,1.2526079303184185,0,HDFC,@phonepe,TECHNICAL_DECLINE
489.67,20,23.223511562143237,1,ICICI,@upi,DUPLICATE_TRANSACTION
1424.91,21,3.887432448265362,0,HDFC,@upi,TECHNICAL_DECLINE
90713.16,11,18.709603990077863,0,AXIS,@phonepe,BENEFICIARY_NOT_CREDITED
9297.76,17,20.875663197253356,1,BOB,@okaxis,DUPLICATE_TRANSACTION
11108.61,15,76.00512443349074,0,HDFC,@ybl,BENEFICIARY_NOT_CREDITED
4482.59,17,8.064187992544142,0,PNB,@ybl,TECHNICAL_DECLINE
2602.64,22,10.780457034939184,0,SBI,@okaxis,TECHNICAL_DECLINE
44928.6,18,13.587846114798836,0,BOB,@paytm,BENEFICIARY_NOT_CREDITED
19825.05,13,32.95657770454631,0,ICICI,@ybl,WRONG_DEBIT
94986.94,17,75.74907628703102,0,ICICI,@upi,BENEFICIARY_NOT_CREDITED
2305.08,19,10.713210879298844,0,ICICI,@ybl,TECHNICAL_DECLINE
1142.46,5,90.36842685489827,0,ICICI,@paytm,TRANSACTION_TIMEOUT
14836.65,11,150.71986852466463,0,KOTAK,@okaxis,TRANSACTION_TIMEOUT
9270.39,12,23.572238847049675,1,AXIS,@okaxis,DUPLICATE_TRANSACTION
13593.32,0,21.076230368226632,0,AXIS,@upi,WRONG_DEBIT
1084.44,11,0.8192663313568289,0,KOTAK,@ybl,TECHNICAL_DECLINE
39694.27,18,30.79851770118099,0,AXIS,@upi,BENEFICIARY_NOT_CREDITED
783.85,1,10.004152265557364,0,BOB,@gpay,TECHNICAL_DECLINE
4749.27,11,23.1335989848893,1,BOB,@ybl,DUPLICATE_TRANSACTION
7135.07,12,64.15386190139682,0,ICICI,@paytm,WRONG_DEBIT
8541.09,8,0.6447343026220684,1,BOB,@phonepe,DUPLICATE_TRANSACTION
13228.66,18,101.03681409154899,0,KOTAK,@paytm,TRANSACTION_TIMEOUT
23795.78,13,31.33199151493616,0,BOB,@ybl,BENEFICIARY_NOT_CREDITED
492.45,18,130.02712147862482,0,PNB,@paytm,TRANSACTION_TIMEOUT
91728.9,17,36.54718554029725,0,PNB,@okaxis,BENEFICIARY_NOT_CREDITED
34919.4,6,2.219483007172439,0,SBI,@paytm,WRONG_DEBIT
8235.96,14,8.12106740252422,1,ICICI,@gpay,DUPLICATE_TRANSACTION
2626.36,13,8.787315750379367,0,KOTAK,@phonepe,TECHNICAL_DECLINE
4461.12,19,11.975585090438909,0,AXIS,@upi,TECHNICAL_DECLINE
16345.7,0,159.92778941800387,0,BOB,@paytm,TRANSACTION_TIMEOUT
975.13,15,89.39807509387646,0,AXIS,@paytm,TRANSACTION_TIMEOUT
78824.36,12,146.60387882097314,0,HDFC,@paytm,BENEFICIARY_NOT_CREDITED
73458.94,10,122.83850112485378,0,PNB,@ybl,BENEFICIARY_NOT_CREDITED
89227.85,13,33.894867820409836,0,KOTAK,@ybl,BENEFICIARY_NOT_CREDITED
33049.85,20,59.46663961579789,0,AXIS,@gpay,WRONG_DEBIT
4561.08,14,5.239955501537789,0,BOB,@paytm,TECHNICAL_DECLINE
89257.49,16,134.59845203366487,0,BOB,@paytm,BENEFICIARY_NOT_CREDITED
25869.19,14,140.16778877203205,0,AXIS,@ybl,BENEFICIARY_NOT_CREDITED
26223.8,9,54.74253123122006,0,PNB,@ybl,WRONG_DEBIT
7173.33,11,82.6684827915285,0,SBI,@gpay,BENEFICIARY_NOT_CREDITED
12609.56,23,52.848947491601606,0,KOTAK,@okaxis,WRONG_DEBIT
3545.11,6,155.7379099074924,0,PNB,@okaxis,TRANSACTION_TIMEOUT
913.36,10,3.2724711665429487,1,PNB,@gpay,DUPLICATE_TRANSACTION
4360.64,16,10.764642909836638,0,BOB,@gpay,TECHNICAL_DECLINE
15770.76,0,1.0294932215949126,0,PNB,@paytm,WRONG_DEBIT
8625.54,10,15.883611147887724,1,HDFC,@phonepe,DUPLICATE_TRANSACTION
94833.49,13,155.14025449271912,0,SBI,@ybl,BENEFICIARY_NOT_CREDITED
18480.86,15,58.80282055760578,0,BOB,@upi,TRANSACTION_TIMEOUT
11491.07,16,109.53388637443565,0,AXIS,@ybl,BENEFICIARY_NOT_CREDITED
14905.37,13,39.46005101811102,0,BOB,@gpay,WRONG_DEBIT
514.14,3,4.822432609107094,0,BOB,@upi,TECHNICAL_DECLINE
37373.02,15,83.08887827205956,0,BOB,@upi,BENEFICIARY_NOT_CREDITED
15061.53,12,189.69643432357384,0,BOB,@ybl,TRANSACTION_TIMEOUT
7758.85,8,121.06000611070563,0,AXIS,@paytm,TRANSACTION_TIMEOUT
1828.66,0,6.001607239652955,0,PNB,@phonepe,TECHNICAL_DECLINE
5902.54,12,7.908774533354722,1,SBI,@gpay,DUPLICATE_TRANSACTION
24601.47,1,20.701305041255765,0,KOTAK,@okaxis,WRONG_DEBIT
2526.03,4,7.119415690747947,0,KOTAK,@ybl,TECHNICAL_DECLINE
4733.39,12,17.769614924646724,1,ICICI,@gpay,DUPLICATE_TRANSACTION
21613.12,21,50.387873708373,0,SBI,@upi,WRONG_DEBIT
20766.29,19,12.252075216424826,0,BOB,@okaxis,WRONG_DEBIT
15694.36,7,146.09392565474178,0,AXIS,@upi,TRANSACTION_TIMEOUT
3952.75,15,134.66786132741794,0,ICICI,@phonepe,BENEFICIARY_NOT_CREDITED
17230.72,13,78.72972620123437,0,HDFC,@gpay,TRANSACTION_TIMEOUT
8020.99,9,6.166635140270895,1,HDFC,@gpay,DUPLICATE_TRANSACTION
27244.89,6,71.98737192750187,0,BOB,@gpay,WRONG_DEBIT
8225.89,22,1.8955189183642043,1,HDFC,@okaxis,DUPLICATE_TRANSACTION
67024.1,15,60.05817105632911,0,KOTAK,@okaxis,BENEFICIARY_NOT_CREDITED
34642.25,16,54.40368840877429,0,ICICI,@upi,BENEFICIARY_NOT_CREDITED
35870.18,18,66.58012896347871,0,SBI,@paytm,BENEFICIARY_NOT_CREDITED
19689.3,18,77.39566581978828,0,SBI,@phonepe,BENEFICIARY_NOT_CREDITED
14179.48,16,80.0903810876753,0,HDFC,@ybl,TRANSACTION_TIMEOUT
4410.5,6,7.802003011256851,0,AXIS,@upi,TECHNICAL_DECLINE
32870.87,10,25.135020358557348,0,AXIS,@ybl,WRONG_DEBIT
2216.93,7,7.884601055414195,0,ICICI,@okaxis,TECHNICAL_DECLINE
1841.47,23,6.446378538372793,0,PNB,@phonepe,TECHNICAL_DECLINE
23252.37,17,66.48650325940837,0,SBI,@upi,WRONG_DEBIT
18088.76,22,66.64536764622395,0,KOTAK,@upi,TRANSACTION_TIMEOUT
4966.61,23,5.185979795060374,0,SBI,@ybl,TECHNICAL_DECLINE
1601.94,15,5.050861510963547,0,ICICI,@okaxis,TECHNICAL_DECLINE
3994.01,22,16.41609441087108,1,KOTAK,@phonepe,DUPLICATE_TRANSACTION
4372.98,21,8.685301930280318,1,HDFC,@ybl,DUPLICATE_TRANSACTION
2342.11,13,5.776637753658539,0,PNB,@okaxis,TECHNICAL_DECLINE
4613.75,0,9.44036489098134,0,BOB,@ybl,WRONG_DEBIT
30375.2,1,48.93662226674776,0,KOTAK,@phonepe,WRONG_DEBIT
8383.18,11,12.960635832865385,1,PNB,@ybl,DUPLICATE_TRANSACTION
1098.51,10,2.9808007077894585,1,BOB,@phonepe,DUPLICATE_TRANSACTION
28649.35,20,19.729167526443725,0,SBI,@upi,WRONG_DEBIT
3513.29,9,171.95742218126304,0,PNB,@phonepe,TRANSACTION_TIMEOUT
13803.7,4,53.41899828810448,0,AXIS,@phonepe,TRANSACTION_TIMEOUT
8219.88,20,168.38256701711492,0,KOTAK,@gpay,TRANSACTION_TIMEOUT
4128.72,11,49.08745889736686,0,PNB,@gpay,BENEFICIARY_NOT_CREDITED
2651.71,7,150.3866858023846,0,HDFC,@phonepe,TRANSACTION_TIMEOUT
11827.38,20,35.605151642853556,0,SBI,@okaxis,WRONG_DEBIT
4207.1,2,8.070750588803387,0,ICICI,@paytm,TECHNICAL_DECLINE
8853.04,16,7.140618894629438,1,BOB,@phonepe,DUPLICATE_TRANSACTION
24444.17,11,1.0427515411199284,0,PNB,@okaxis,WRONG_DEBIT
7401.26,11,22.599863323705737,1,KOTAK,@paytm,DUPLICATE_TRANSACTION
3234.29,18,7.297217022587413,0,AXIS,@paytm,TECHNICAL_DECLINE
2723.48,8,7.254717873550543,1,BOB,@gpay,DUPLICATE_TRANSACTION
1300.02,19,0.8657738693067714,0,AXIS,@paytm,WRONG_DEBIT
952.06,21,3.9425449403468606,0,PNB,@gpay,TECHNICAL_DECLINE
7589.26,15,11.39316283993717,1,PNB,@gpay,DUPLICATE_TRANSACTION
8779.69,10,87.10277452325131,0,AXIS,@paytm,TRANSACTION_TIMEOUT
2632.75,11,120.32392042835107,0,ICICI,@phonepe,TRANSACTION_TIMEOUT
31343.47,10,49.112792113285536,0,HDFC,@gpay,BENEFICIARY_NOT_CREDITED
8185.1,3,99.61701708644568,0,PNB,@gpay,TRANSACTION_TIMEOUT
1164.06,18,8.939704197939792,0,ICICI,@okaxis,TECHNICAL_DECLINE
18333.59,9,139.988884271574,0,HDFC,@phonepe,BENEFICIARY_NOT_CREDITED
46693.5,3,14.953974483151452,0,SBI,@gpay,WRONG_DEBIT
5737.0,14,3.7823400150328403,1,KOTAK,@upi,DUPLICATE_TRANSACTION
4864.92,20,10.623782992115238,0,KOTAK,@gpay,TECHNICAL_DECLINE
81329.44,16,32.55361790911458,0,PNB,@okaxis,BENEFICIARY_NOT_CREDITED
41584.19,19,62.27051403719526,0,BOB,@paytm,WRONG_DEBIT
4554.23,9,16.527741658779533,1,HDFC,@gpay,DUPLICATE_TRANSACTION
6998.08,7,134.23860962626534,0,BOB,@phonepe,TRANSACTION_TIMEOUT
46464.97,10,159.47214446266372,0,BOB,@gpay,BENEFICIARY_NOT_CREDITED
39509.56,2,30.34241381071284,0,PNB,@gpay,WRONG_DEBIT
432.6,22,16.948755811142256,1,BOB,@upi,DUPLICATE_TRANSACTION
60004.98,9,1.6438315046028575,0,SBI,@phonepe,BENEFICIARY_NOT_CREDITED
3999.35,22,5.17417348485517,1,SBI,@phonepe,DUPLICATE_TRANSACTION
21421.4,11,126.04103342405647,0,KOTAK,@ybl,BENEFICIARY_NOT_CREDITED
555.23,4,1.8757214865104674,0,BOB,@upi,TECHNICAL_DECLINE
31613.88,14,45.30609645558684,0,ICICI,@ybl,WRONG_DEBIT
14384.28,7,96.5092974893451,0,AXIS,@okaxis,TRANSACTION_TIMEOUT
42374.21,16,64.97706156626433,0,AXIS,@okaxis,WRONG_DEBIT
67031.1,10,10.415161501352937,0,ICICI,@gpay,BENEFICIARY_NOT_CREDITED
3777.99,6,0.4739074421761691,0,HDFC,@okaxis,TECHNICAL_DECLINE
44985.67,21,30.455684179386942,0,PNB,@gpay,WRONG_DEBIT
51690.66,15,108.77991783526387,0,AXIS,@ybl,BENEFICIARY_NOT_CREDITED
28726.79,14,93.10531700404267,0,HDFC,@ybl,BENEFICIARY_NOT_CREDITED
5572.13,12,23.13424810096999,1,PNB,@paytm,DUPLICATE_TRANSACTION
2964.02,20,10.107777113507215,1,ICICI,@gpay,DUPLICATE_TRANSACTION
7146.2,21,9.084985677070685,1,PNB,@upi,DUPLICATE_TRANSACTION
17127.85,16,91.32694493694392,0,BOB,@paytm,TRANSACTION_TIMEOUT
30020.29,15,123.7194395848828,0,SBI,@paytm,BENEFICIARY_NOT_CREDITED
6320.91,6,95.66448935773856,0,BOB,@paytm,TRANSACTION_TIMEOUT
1895.61,23,10.117555885827004,0,AXIS,@ybl,TECHNICAL_DECLINE
3405.63,11,8.443627758355092,0,KOTAK,@phonepe,TECHNICAL_DECLINE
2101.1,13,0.15128463880196374,0,BOB,@upi,TECHNICAL_DECLINE
7082.86,15,17.854930278320918,1,ICICI,@gpay,DUPLICATE_TRANSACTION
4230.74,23,3.264568225965238,0,SBI,@upi,TECHNICAL_DECLINE
973.93,17,3.834140572073146,1,ICICI,@phonepe,DUPLICATE_TRANSACTION
36644.4,10,25.425111730075738,0,KOTAK,@upi,WRONG_DEBIT
83998.32,12,76.67757693734812,0,ICICI,@gpay,BENEFICIARY_NOT_CREDITED
7990.33,1,89.49840124438089,0,SBI,@gpay,TRANSACTION_TIMEOUT
6207.01,1,76.1025935863092,0,BOB,@ybl,TRANSACTION_TIMEOUT
27301.65,7,56.885415576708795,0,ICICI,@gpay,WRONG_DEBIT
2841.87,3,0.19369175612333134,0,BOB,@gpay,TECHNICAL_DECLINE
64018.24,11,53.003333896742454,0,PNB,@gpay,BENEFICIARY_NOT_CREDITED
848.86,19,7.655536416406691,0,HDFC,@paytm,TECHNICAL_DECLINE
56992.7,11,94.01765094302654,0,HDFC,@ybl,BENEFICIARY_NOT_CREDITED
13569.73,21,137.9304636949177,0,SBI,@gpay,TRANSACTION_TIMEOUT
366.73,17,5.614052612051099,0,ICICI,@upi,TECHNICAL_DECLINE
75276.67,15,77.47052313935275,0,KOTAK,@paytm,BENEFICIARY_NOT_CREDITED
47549.11,14,36.41615017667183,0,SBI,@phonepe,WRONG_DEBIT
8675.74,12,105.34744128845679,0,SBI,@upi,TRANSACTION_TIMEOUT
1187.71,21,9.834971756178778,0,PNB,@okaxis,TECHNICAL_DECLINE
21430.98,15,85.4283515178743,0,PNB,@upi,BENEFICIARY_NOT_CREDITED
90589.48,9,89.40604501668763,0,SBI,@okaxis,BENEFICIARY_NOT_CREDITED
3408.56,18,10.252167492836836,1,KOTAK,@ybl,DUPLICATE_TRANSACTION
3832.34,17,18.018748614241535,1,ICICI,@gpay,DUPLICATE_TRANSACTION
3341.2,19,19.550823597700525,1,AXIS,@gpay,DUPLICATE_TRANSACTION
71925.09,15,154.94259063325552,0,BOB,@upi,BENEFICIARY_NOT_CREDITED
3586.86,15,11.531319116489787,0,PNB,@upi,TECHNICAL_DECLINE
47018.72,12,131.41987930401908,0,PNB,@gpay,BENEFICIARY_NOT_CREDITED
63984.34,15,70.50332584549125,0,HDFC,@paytm,BENEFICIARY_NOT_CREDITED
10462.95,13,101.11572084367945,0,PNB,@ybl,BENEFICIARY_NOT_CREDITED
27387.63,12,62.64640197866066,0,AXIS,@gpay,WRONG_DEBIT
4087.4,12,9.09301648189035,0,PNB,@okaxis,TECHNICAL_DECLINE
4783.07,19,11.603628888971555,0,SBI,@phonepe,TECHNICAL_DECLINE
4481.25,8,10.673925520688861,0,BOB,@gpay,TECHNICAL_DECLINE
1865.11,16,11.484916665605672,0,KOTAK,@upi,TECHNICAL_DECLINE
42000.25,10,39.33450310994615,0,SBI,@phonepe,BENEFICIARY_NOT_CREDITED
42519.71,17,16.405784920372312,0,PNB,@gpay,WRONG_DEBIT
27268.72,17,1.99146998475468,0,AXIS,@okaxis,WRONG_DEBIT
2751.77,14,14.054807794353426,1,BOB,@gpay,DUPLICATE_TRANSACTION
4990.2,15,14.45922749688215,1,BOB,@gpay,DUPLICATE_TRANSACTION
2800.07,0,1.0927073457147727,0,PNB,@gpay,TECHNICAL_DECLINE
9310.76,8,1.8426930401722927,1,ICICI,@paytm,DUPLICATE_TRANSACTION
3845.47,5,0.37295267038677826,0,PNB,@gpay,TECHNICAL_DECLINE
5841.41,13,3.6456601410357523,1,HDFC,@gpay,DUPLICATE_TRANSACTION
8155.52,14,15.291833596204576,1,PNB,@gpay,DUPLICATE_TRANSACTION
14625.33,0,42.74258935331217,0,ICICI,@paytm,WRONG_DEBIT
4901.84,10,5.865750632678247,1,KOTAK,@okaxis,DUPLICATE_TRANSACTION
9729.74,1,174.72906500908977,0,ICICI,@okaxis,TRANSACTION_TIMEOUT
60637.32,12,17.3130950162967,0,BOB,@ybl,BENEFICIARY_NOT_CREDITED
12748.52,12,185.4154036003713,0,PNB,@upi,TRANSACTION_TIMEOUT
489.35,0,49.69882577340541,0,PNB,@okaxis,WRONG_DEBIT
47565.75,12,62.55500132350819,0,BOB,@gpay,WRONG_DEBIT
9396.21,21,7.413778340148778,1,ICICI,@phonepe,DUPLICATE_TRANSACTION
7863.16,16,21.832094689270974,1,AXIS,@paytm,DUPLICATE_TRANSACTION
91357.96,14,48.541260026668795,0,AXIS,@phonepe,BENEFICIARY_NOT_CREDITED
12414.25,3,118.7098087400797,0,PNB,@paytm,TRANSACTION_TIMEOUT
2315.76,4,5.79159237211629,0,KOTAK,@gpay,TECHNICAL_DECLINE
42203.93,1,3.3542663222075175,0,ICICI,@upi,WRONG_DEBIT
147.38,17,11.1971040422103,0,ICICI,@phonepe,TECHNICAL_DECLINE
3243.41,5,10.048506457051207,0,ICICI,@paytm,TECHNICAL_DECLINE
13354.71,0,51.80108851900695,0,BOB,@okaxis,TRANSACTION_TIMEOUT
1861.69,19,1.8259162091704226,1,ICICI,@gpay,DUPLICATE_TRANSACTION
19096.77,16,65.19152951799045,0,SBI,@gpay,BENEFICIARY_NOT_CREDITED
44214.38,2,15.857464373429323,0,HDFC,@ybl,WRONG_DEBIT
11323.59,23,92.10027725379835,0,KOTAK,@upi,TRANSACTION_TIMEOUT
1757.91,14,11.85857850545047,1,HDFC,@paytm,DUPLICATE_TRANSACTION
20104.48,16,7.978802622345557,0,BOB,@ybl,WRONG_DEBIT
15913.84,23,129.62667547567222,0,PNB,@gpay,TRANSACTION_TIMEOUT
134.59,10,1.1502082347654774,0,ICICI,@okaxis,TECHNICAL_DECLINE
17505.99,5,113.71115675008572,0,ICICI,@paytm,TRANSACTION_TIMEOUT
1794.05,17,13.76093518117661,1,HDFC,@ybl,DUPLICATE_TRANSACTION
21267.21,9,48.24651437912717,0,PNB,@paytm,BENEFICIARY_NOT_CREDITED
79298.12,10,102.59184043227344,0,SBI,@paytm,BENEFICIARY_NOT_CREDITED
33270.7,0,32.20982747680946,0,BOB,@phonepe,WRONG_DEBIT
26428.13,16,23.03352150168119,0,KOTAK,@phonepe,WRONG_DEBIT
18588.83,14,57.46728154546096,0,BOB,@ybl,TRANSACTION_TIMEOUT
1327.47,14,7.3196596645239715,0,HDFC,@upi,TECHNICAL_DECLINE
28000.71,23,16.359970269542814,0,HDFC,@upi,WRONG_DEBIT
7914.8,21,92.70553861765737,0,HDFC,@phonepe,TRANSACTION_TIMEOUT
1238.23,10,8.614634057503762,0,HDFC,@paytm,TECHNICAL_DECLINE
18065.12,14,73.38368503073966,0,PNB,@okaxis,TRANSACTION_TIMEOUT
4923.26,23,68.90689566263319,0,ICICI,@okaxis,TRANSACTION_TIMEOUT
5978.46,22,39.39433170378056,0,ICICI,@gpay,WRONG_DEBIT
18114.23,2,54.10126688592739,0,HDFC,@gpay,WRONG_DEBIT
3254.99,12,142.92192429318823,0,KOTAK,@paytm,BENEFICIARY_NOT_CREDITED
44301.17,19,2.8468984529310806,0,HDFC,@gpay,WRONG_DEBIT
4625.01,14,11.724065088077817,0,PNB,@ybl,BENEFICIARY_NOT_CREDITED
85658.17,16,134.92932563994722,0,PNB,@paytm,BENEFICIARY_NOT_CREDITED
1075.57,12,89.27051116672837,0,SBI,@ybl,TRANSACTION_TIMEOUT
2234.59,16,6.673807865876462,0,ICICI,@upi,TECHNICAL_DECLINE
8260.03,8,59.72104027891721,0,AXIS,@upi,WRONG_DEBIT
223.68,20,3.573151100548333,0,PNB,@paytm,TECHNICAL_DECLINE
5469.85,18,12.509174308860956,1,KOTAK,@paytm,DUPLICATE_TRANSACTION
5079.94,8,59.10811842555229,0,SBI,@upi,WRONG_DEBIT
10046.97,22,109.12180023370503,0,AXIS,@ybl,TRANSACTION_TIMEOUT
29265.12,10,9.305733884082375,0,KOTAK,@ybl,WRONG_DEBIT
4912.02,1,40.913588665694405,0,BOB,@paytm,WRONG_DEBIT
8501.1,10,59.415415806039285,0,AXIS,@ybl,TRANSACTION_TIMEOUT
6533.92,4,47.91460805241593,0,KOTAK,@paytm,WRONG_DEBIT
70544.87,14,160.86110100455952,0,SBI,@ybl,BENEFICIARY_NOT_CREDITED
4382.48,14,5.525385855774749,0,ICICI,@phonepe,TECHNICAL_DECLINE
7312.43,8,14.814447805417679,1,SBI,@upi,DUPLICATE_TRANSACTION
3257.23,5,6.385384196141929,0,KOTAK,@okaxis,TECHNICAL_DECLINE
2424.08,7,4.329130921550413,0,KOTAK,@ybl,TECHNICAL_DECLINE
9786.85,10,14.865579773369538,1,ICICI,@gpay,DUPLICATE_TRANSACTION
70208.44,9,28.289315424148974,0,SBI,@paytm,BENEFICIARY_NOT_CREDITED
1289.12,16,4.810606747804123,0,AXIS,@gpay,TECHNICAL_DECLINE
4019.56,9,9.189489160548826,0,SBI,@okaxis,TECHNICAL_DECLINE
27023.43,16,42.4931458516757,0,KOTAK,@gpay,BENEFICIARY_NOT_CREDITED
72422.23,15,133.94275052893786,0,SBI,@gpay,BENEFICIARY_NOT_CREDITED
6067.82,16,17.593025127564133,1,AXIS,@upi,DUPLICATE_TRANSACTION
8164.7,4,119.94481579838032,0,SBI,@gpay,TRANSACTION_TIMEOUT
8583.19,22,0.07135139806448798,1,AXIS,@upi,DUPLICATE_TRANSACTION
659.56,9,9.864273802779932,1,ICICI,@gpay,DUPLICATE_TRANSACTION
78064.67,10,44.721138137751346,0,ICICI,@paytm,BENEFICIARY_NOT_CREDITED
40136.58,12,43.6561363885841,0,PNB,@phonepe,BENEFICIARY_NOT_CREDITED
9725.69,14,5.0827314378890165,1,ICICI,@okaxis,DUPLICATE_TRANSACTION
2155.99,6,2.3394992677364144,0,AXIS,@paytm,TECHNICAL_DECLINE
27955.83,14,61.63265303871412,0,PNB,@paytm,BENEFICIARY_NOT_CREDITED
20736.88,13,156.98055965899522,0,HDFC,@paytm,BENEFICIARY_NOT_CREDITED
23412.71,8,64.0374170650704,0,SBI,@phonepe,WRONG_DEBIT
1729.0,20,3.465826854112794,0,BOB,@paytm,TECHNICAL_DECLINE
2704.25,9,2.155581938292991,0,PNB,@phonepe,TECHNICAL_DECLINE
4828.98,3,184.6831715687908,0,HDFC,@gpay,TRANSACTION_TIMEOUT
645.09,13,3.2773288565067435,0,AXIS,@upi,TECHNICAL_DECLINE
950.82,8,7.927530382936761,0,SBI,@gpay,TECHNICAL_DECLINE
3021.54,16,11.888366321518372,0,ICICI,@phonepe,TECHNICAL_DECLINE
14595.96,10,80.5899662008565,0,KOTAK,@okaxis,TRANSACTION_TIMEOUT
4422.55,11,9.176083145601803,0,KOTAK,@paytm,TECHNICAL_DECLINE
24366.61,9,11.212933909951587,0,SBI,@paytm,BENEFICIARY_NOT_CREDITED
37174.1,10,134.08856115749762,0,ICICI,@phonepe,BENEFICIARY_NOT_CREDITED
17680.52,5,187.44500387072077,0,ICICI,@paytm,TRANSACTION_TIMEOUT
95807.13,17,29.643221053723916,0,SBI,@upi,BENEFICIARY_NOT_CREDITED
9976.66,8,17.38123431858518,1,HDFC,@gpay,DUPLICATE_TRANSACTION
40747.94,13,151.98286979402377,0,ICICI,@upi,BENEFICIARY_NOT_CREDITED
10747.95,21,173.5356181616247,0,AXIS,@gpay,TRANSACTION_TIMEOUT
20956.02,9,165.96026716084032,0,PNB,@paytm,BENEFICIARY_NOT_CREDITED
63374.48,9,72.1042113398013,0,PNB,@upi,BENEFICIARY_NOT_CREDITED
2007.36,23,0.3178194502848277,0,BOB,@okaxis,TECHNICAL_DECLINE
4922.68,14,186.7964727211427,0,KOTAK,@paytm,TRANSACTION_TIMEOUT
8009.9,20,1.532676014698632,1,AXIS,@okaxis,DUPLICATE_TRANSACTION
19349.3,0,30.581325751408286,0,BOB,@phonepe,WRONG_DEBIT
1762.14,18,49.36628490359363,0,HDFC,@gpay,TRANSACTION_TIMEOUT
721.43,12,14.593240531963001,0,HDFC,@paytm,BENEFICIARY_NOT_CREDITED
76273.22,11,153.03086794268398,0,AXIS,@gpay,BENEFICIARY_NOT_CREDITED
4648.94,19,6.493602402415031,0,BOB,@okaxis,TECHNICAL_DECLINE
6424.83,9,22.21207741009928,1,HDFC,@okaxis,DUPLICATE_TRANSACTION
17782.43,8,161.62499203314235,0,KOTAK,@okaxis,TRANSACTION_TIMEOUT
14530.49,9,143.02798275775902,0,KOTAK,@ybl,BENEFICIARY_NOT_CREDITED
12395.94,20,162.37271203595765,0,AXIS,@okaxis,TRANSACTION_TIMEOUT
16810.7,9,109.10432799357142,0,SBI,@paytm,BENEFICIARY_NOT_CREDITED
83895.69,11,43.98383061220385,0,HDFC,@upi,BENEFICIARY_NOT_CREDITED
4534.48,15,73.77614520115421,0,PNB,@okaxis,TRANSACTION_TIMEOUT
1447.82,11,135.97991639352244,0,ICICI,@okaxis,TRANSACTION_TIMEOUT
74116.83,18,46.63451344752214,0,SBI,@upi,BENEFICIARY_NOT_CREDITED
13980.83,6,184.0994479249067,0,AXIS,@upi,TRANSACTION_TIMEOUT
2568.83,18,2.7554647948188866,0,SBI,@phonepe,TECHNICAL_DECLINE
9609.42,15,148.331766938871,0,KOTAK,@upi,TRANSACTION_TIMEOUT
4258.23,6,4.679432223163077,0,AXIS,@paytm,TECHNICAL_DECLINE
6306.47,20,63.15516053240671,0,SBI,@okaxis,TRANSACTION_TIMEOUT
6091.92,19,16.143666303542627,1,HDFC,@phonepe,DUPLICATE_TRANSACTION
38616.85,7,41.02563789493282,0,ICICI,@phonepe,WRONG_DEBIT
14867.28,4,128.67232643101983,0,BOB,@okaxis,TRANSACTION_TIMEOUT
12417.55,12,112.68130508762945,0,HDFC,@okaxis,TRANSACTION_TIMEOUT
4308.43,9,150.83001410317758,0,AXIS,@paytm,TRANSACTION_TIMEOUT
6600.4,2,169.1741717014819,0,HDFC,@paytm,TRANSACTION_TIMEOUT
25070.39,4,28.038232236310915,0,PNB,@gpay,WRONG_DEBIT
6284.95,20,91.42826183930933,0,HDFC,@okaxis,TRANSACTION_TIMEOUT
43834.81,4,61.531587272692164,0,SBI,@okaxis,WRONG_DEBIT
6558.09,14,165.1054819024483,0,KOTAK,@upi,BENEFICIARY_NOT_CREDITED
3284.34,13,5.769665360993051,1,ICICI,@phonepe,DUPLICATE_TRANSACTION
4759.23,15,18.330838274341126,1,KOTAK,@phonepe,DUPLICATE_TRANSACTION
41165.55,23,64.40467952228825,0,PNB,@phonepe,WRONG_DEBIT
46145.37,12,82.13539808396798,0,BOB,@phonepe,BENEFICIARY_NOT_CREDITED
4080.85,23,4.2314374501186975,0,PNB,@gpay,TECHNICAL_DECLINE
8066.83,11,158.50896921209952,0,BOB,@upi,BENEFICIARY_NOT_CREDITED
4164.3,13,5.495582234243398,0,KOTAK,@upi,TECHNICAL_DECLINE
4206.32,15,57.99129884967728,0,BOB,@gpay,WRONG_DEBIT
8533.99,17,18.03632902524522,1,ICICI,@okaxis,DUPLICATE_TRANSACTION
56479.48,15,55.73513904601954,0,ICICI,@gpay,BENEFICIARY_NOT_CREDITED
2047.3,8,8.143722999700142,0,KOTAK,@okaxis,TECHNICAL_DECLINE
358.4,1,9.839191874033556,0,PNB,@okaxis,TECHNICAL_DECLINE
27285.89,16,1.1538798274691657,0,KOTAK,@phonepe,BENEFICIARY_NOT_CREDITED
17190.18,22,5.914666740423654,0,ICICI,@phonepe,WRONG_DEBIT
4207.02,19,7.67709186132888,1,SBI,@gpay,DUPLICATE_TRANSACTION
1769.47,22,11.918285983954341,0,PNB,@okaxis,TECHNICAL_DECLINE
7564.81,7,98.72383070346558,0,KOTAK,@phonepe,TRANSACTION_TIMEOUT
1499.43,4,157.89845533688884,0,PNB,@gpay,TRANSACTION_TIMEOUT
13628.87,16,25.500031010308014,0,HDFC,@ybl,WRONG_DEBIT
2124.48,22,9.782803251069115,1,HDFC,@okaxis,DUPLICATE_TRANSACTION
2541.08,15,2.26626531322213,0,ICICI,@okaxis,TECHNICAL_DECLINE
6542.0,22,8.383880316603186,1,KOTAK,@gpay,DUPLICATE_TRANSACTION
6946.28,8,6.884529608918956,1,PNB,@okaxis,DUPLICATE_TRANSACTION
24100.06,12,3.475418682780677,0,ICICI,@gpay,WRONG_DEBIT
705.44,21,8.968911998011254,1,SBI,@paytm,DUPLICATE_TRANSACTION
3285.51,7,5.035670458021001,0,BOB,@ybl,TECHNICAL_DECLINE
33282.02,21,1.1443025871604924,0,KOTAK,@gpay,WRONG_DEBIT
11203.65,17,38.90068623033248,0,PNB,@gpay,WRONG_DEBIT
1667.61,7,66.94557850000486,0,AXIS,@upi,WRONG_DEBIT
10023.55,14,167.03460841249034,0,AXIS,@gpay,TRANSACTION_TIMEOUT
6907.15,14,105.37622314166344,0,SBI,@phonepe,TRANSACTION_TIMEOUT
33417.01,9,35.74056243734369,0,KOTAK,@paytm,BENEFICIARY_NOT_CREDITED
1721.04,22,3.0014193536677083,0,SBI,@upi,TECHNICAL_DECLINE
5483.15,1,10.059124614975937,0,KOTAK,@gpay,WRONG_DEBIT
1644.16,6,2.820471688144081,0,HDFC,@okaxis,TECHNICAL_DECLINE
3684.76,4,2.3056882641745338,0,ICICI,@gpay,TECHNICAL_DECLINE
10368.17,21,53.65490697923758,0,HDFC,@phonepe,WRONG_DEBIT
1643.01,23,9.425590756102668,0,AXIS,@paytm,TECHNICAL_DECLINE
3827.51,8,10.371951724043111,1,BOB,@ybl,DUPLICATE_TRANSACTION
19336.81,9,51.645697531408814,0,SBI,@upi,WRONG_DEBIT
37342.87,9,22.011095424574506,0,KOTAK,@ybl,WRONG_DEBIT
3228.01,13,193.79592278166618,0,KOTAK,@gpay,TRANSACTION_TIMEOUT
66259.8,16,117.44296479784917,0,BOB,@okaxis,BENEFICIARY_NOT_CREDITED
5060.04,5,136.63610943291175,0,HDFC,@ybl,TRANSACTION_TIMEOUT
1703.24,15,11.018720284301772,0,SBI,@gpay,TECHNICAL_DECLINE
7968.39,23,57.427700458458034,0,SBI,@okaxis,WRONG_DEBIT
1110.6,14,9.220924804656798,0,ICICI,@phonepe,TECHNICAL_DECLINE
985.61,8,6.368661134215944,0,BOB,@okaxis,TECHNICAL_DECLINE
4480.66,18,8.038763155669432,0,BOB,@upi,TECHNICAL_DECLINE
4773.21,9,9.961816066803072,0,SBI,@paytm,TECHNICAL_DECLINE
13606.1,10,142.99099058301272,0,HDFC,@upi,TRANSACTION_TIMEOUT
1453.86,12,7.881736099699711,0,SBI,@phonepe,TECHNICAL_DECLINE
5103.28,10,69.94570526640858,0,BOB,@okaxis,TRANSACTION_TIMEOUT
1605.6,2,69.73450239501068,0,ICICI,@phonepe,WRONG_DEBIT
9785.1,22,20.491540921464065,1,KOTAK,@ybl,DUPLICATE_TRANSACTION
10813.06,10,86.85817297580834,0,HDFC,@paytm,TRANSACTION_TIMEOUT
2980.82,15,7.189395608379851,0,SBI,@paytm,TECHNICAL_DECLINE
44675.19,9,27.054038170745493,0,HDFC,@upi,WRONG_DEBIT
3427.44,7,5.082228585191895,0,ICICI,@upi,TECHNICAL_DECLINE
90417.92,11,152.5669722637976,0,PNB,@paytm,BENEFICIARY_NOT_CREDITED
39893.1,9,47.95425746980072,0,AXIS,@ybl,WRONG_DEBIT
41449.91,15,17.374570693293055,0,PNB,@ybl,WRONG_DEBIT
33678.75,3,29.7795893478213,0,ICICI,@upi,WRONG_DEBIT
1751.4,16,99.09671102627992,0,ICICI,@upi,BENEFICIARY_NOT_CREDITED
19328.52,8,25.203616519742198,0,SBI,@gpay,WRONG_DEBIT
6971.69,20,75.2356977244375,0,KOTAK,@upi,TRANSACTION_TIMEOUT
8705.12,20,13.477162198026742,1,AXIS,@ybl,DUPLICATE_TRANSACTION
1758.41,2,11.513663055454808,0,PNB,@paytm,TECHNICAL_DECLINE
18154.67,12,127.20243434758196,0,KOTAK,@paytm,TRANSACTION_TIMEOUT
36178.1,16,19.338542466304943,0,SBI,@phonepe,BENEFICIARY_NOT_CREDITED
13579.13,2,178.65983581578683,0,AXIS,@okaxis,TRANSACTION_TIMEOUT
4468.28,1,6.788077912287162,0,AXIS,@upi,TECHNICAL_DECLINE
3941.3,14,15.34143984570819,1,SBI,@okaxis,DUPLICATE_TRANSACTION
31701.57,15,20.466706374468714,0,HDFC,@gpay,BENEFICIARY_NOT_CREDITED
5911.42,14,23.619733784415665,1,ICICI,@gpay,DUPLICATE_TRANSACTION
90676.77,10,86.29688938569012,0,SBI,@ybl,BENEFICIARY_NOT_CREDITED
2080.05,18,1.543911076920406,0,ICICI,@upi,TECHNICAL_DECLINE
18080.46,14,176.5410401250385,0,SBI,@okaxis,TRANSACTION_TIMEOUT
11636.7,17,94.2342252723154,0,AXIS,@okaxis,TRANSACTION_TIMEOUT
3174.62,13,8.874309468108141,0,HDFC,@okaxis,TECHNICAL_DECLINE
18601.31,1,100.82068366281332,0,AXIS,@upi,TRANSACTION_TIMEOUT
13067.55,6,27.985044249077532,0,BOB,@gpay,WRONG_DEBIT
7642.99,21,13.521570813377146,1,HDFC,@ybl,DUPLICATE_TRANSACTION
13748.14,9,158.1956700542847,0,ICICI,@ybl,BENEFICIARY_NOT_CREDITED
40833.97,9,19.469575103165234,0,AXIS,@gpay,BENEFICIARY_NOT_CREDITED
37681.98,2,41.088099982110144,0,KOTAK,@ybl,WRONG_DEBIT
4720.24,18,15.638054254706969,1,BOB,@okaxis,DUPLICATE_TRANSACTION
66902.02,12,136.65475563591116,0,HDFC,@ybl,BENEFICIARY_NOT_CREDITED
1820.39,8,9.917472515445315,1,SBI,@ybl,DUPLICATE_TRANSACTION
4201.09,23,101.62340076662957,0,AXIS,@phonepe,TRANSACTION_TIMEOUT
12444.8,9,73.26259747509191,0,KOTAK,@okaxis,TRANSACTION_TIMEOUT
80138.57,9,134.47630679429142,0,HDFC,@upi,BENEFICIARY_NOT_CREDITED
10932.69,23,11.473002864060595,0,ICICI,@paytm,WRONG_DEBIT
7548.73,12,18.407746468262847,1,ICICI,@upi,DUPLICATE_TRANSACTION
6161.66,22,198.0176658176067,0,ICICI,@upi,TRANSACTION_TIMEOUT
13168.81,12,132.43677082685593,0,BOB,@ybl,BENEFICIARY_NOT_CREDITED
5885.2,16,49.716135488460196,0,ICICI,@paytm,WRONG_DEBIT
8364.57,16,0.07934111715537107,1,BOB,@ybl,DUPLICATE_TRANSACTION
1714.62,21,11.819618262029778,0,ICICI,@upi,TECHNICAL_DECLINE
28152.88,6,66.13045530587081,0,PNB,@paytm,WRONG_DEBIT
4784.97,5,36.18119489306075,0,HDFC,@ybl,WRONG_DEBIT
15923.86,0,171.04996948515625,0,ICICI,@upi,TRANSACTION_TIMEOUT
8535.59,12,82.73734709342568,0,PNB,@upi,TRANSACTION_TIMEOUT
1588.22,5,6.085418886569532,0,PNB,@gpay,TECHNICAL_DECLINE
4200.04,21,7.8328617062889005,1,KOTAK,@phonepe,DUPLICATE_TRANSACTION
1512.01,12,164.18868328784433,0,AXIS,@okaxis,BENEFICIARY_NOT_CREDITED
35884.56,21,47.809513951001,0,SBI,@paytm,WRONG_DEBIT
4956.62,11,8.280867689777937,1,PNB,@gpay,DUPLICATE_TRANSACTION
33041.5,4,51.155554488802046,0,PNB,@phonepe,WRONG_DEBIT
8469.7,15,22.868499700187947,1,SBI,@ybl,DUPLICATE_TRANSACTION
16626.3,18,143.96663573406744,0,HDFC,@upi,TRANSACTION_TIMEOUT
639.69,14,12.031805358190798,1,KOTAK,@paytm,DUPLICATE_TRANSACTION
15814.76,4,154.55334373142404,0,BOB,@ybl,TRANSACTION_TIMEOUT
15600.39,18,49.78235664848752,0,KOTAK,@okaxis,BENEFICIARY_NOT_CREDITED
25074.82,5,57.551211327853856,0,KOTAK,@okaxis,WRONG_DEBIT
5126.02,22,4.0619593100529165,1,HDFC,@upi,DUPLICATE_TRANSACTION
16467.51,8,42.271296215131585,0,AXIS,@ybl,WRONG_DEBIT
5438.11,2,85.40596733088586,0,PNB,@paytm,TRANSACTION_TIMEOUT
17156.66,14,110.91750234030215,0,SBI,@gpay,TRANSACTION_TIMEOUT
4520.91,5,11.505681943942099,0,PNB,@ybl,TECHNICAL_DECLINE
42000.09,20,23.60084545069575,0,SBI,@upi,WRONG_DEBIT
3365.41,0,10.672444032795847,0,ICICI,@okaxis,TECHNICAL_DECLINE
56408.94,13,97.92700212480308,0,SBI,@gpay,BENEFICIARY_NOT_CREDITED
74165.2,14,77.48906962724833,0,BOB,@ybl,BENEFICIARY_NOT_CREDITED
1628.8,7,187.6206582966035,0,KOTAK,@ybl,TRANSACTION_TIMEOUT
62720.73,9,130.74961225722552,0,HDFC,@upi,BENEFICIARY_NOT_CREDITED
4268.99,22,4.410048508137873,0,SBI,@upi,TECHNICAL_DECLINE
14921.8,16,76.50123004265393,0,ICICI,@okaxis,TRANSACTION_TIMEOUT
95947.75,18,127.35469618768235,0,AXIS,@paytm,BENEFICIARY_NOT_CREDITED
29000.75,9,6.261143349892406,0,PNB,@ybl,WRONG_DEBIT
20811.91,3,40.45829313844507,0,SBI,@upi,WRONG_DEBIT
4156.65,19,12.745269923100935,1,KOTAK,@paytm,DUPLICATE_TRANSACTION
2802.66,21,69.25790641023443,0,BOB,@gpay,TRANSACTION_TIMEOUT
5550.75,16,2.404748966128153,1,HDFC,@gpay,DUPLICATE_TRANSACTION
37941.75,18,44.4819932486004,0,AXIS,@ybl,WRONG_DEBIT
19572.18,14,72.91155010109566,0,HDFC,@gpay,TRANSACTION_TIMEOUT
4548.55,8,124.49963821482581,0,AXIS,@phonepe,TRANSACTION_TIMEOUT
9711.96,14,145.37105792237332,0,KOTAK,@upi,TRANSACTION_TIMEOUT
17440.59,21,61.71230381332575,0,AXIS,@phonepe,WRONG_DEBIT
5930.64,15,11.479588872307648,1,SBI,@phonepe,DUPLICATE_TRANSACTION
16392.14,6,139.35757038806594,0,HDFC,@ybl,TRANSACTION_TIMEOUT
72717.41,9,99.5873777346881,0,PNB,@phonepe,BENEFICIARY_NOT_CREDITED
98779.47,17,110.18500682679979,0,AXIS,@upi,BENEFICIARY_NOT_CREDITED
7214.95,8,18.121278289637594,1,KOTAK,@okaxis,DUPLICATE_TRANSACTION
10722.62,1,177.17490333650898,0,SBI,@gpay,TRANSACTION_TIMEOUT
6916.26,18,57.65789750724295,0,AXIS,@ybl,WRONG_DEBIT
3230.74,15,18.656522066901523,1,HDFC,@upi,DUPLICATE_TRANSACTION
28221.18,16,3.7259167881426407,0,HDFC,@paytm,WRONG_DEBIT
38917.49,14,102.60220409561772,0,AXIS,@upi,BENEFICIARY_NOT_CREDITED
2140.18,2,65.97827370280997,0,PNB,@paytm,WRONG_DEBIT
22592.16,16,36.465689923981515,0,SBI,@phonepe,WRONG_DEBIT
8876.46,22,83.23246556432716,0,SBI,@upi,TRANSACTION_TIMEOUT
5732.84,12,162.4920962379364,0,ICICI,@okaxis,TRANSACTION_TIMEOUT
27768.16,8,7.533684724331536,0,HDFC,@okaxis,WRONG_DEBIT
1657.99,18,4.535556927127615,0,HDFC,@okaxis,TECHNICAL_DECLINE
1520.17,11,23.017362179745255,1,SBI,@phonepe,DUPLICATE_TRANSACTION
9331.89,16,15.297625646552877,1,PNB,@upi,DUPLICATE_TRANSACTION
3648.77,9,2.4855505382871392,1,KOTAK,@upi,DUPLICATE_TRANSACTION
9896.31,11,43.28378711355236,0,BOB,@upi,WRONG_DEBIT
28933.39,5,47.65186978558983,0,SBI,@paytm,WRONG_DEBIT
3203.78,15,14.91474270072974,1,PNB,@okaxis,DUPLICATE_TRANSACTION
36462.03,7,54.74395024445055,0,ICICI,@gpay,WRONG_DEBIT
2756.98,14,8.152576305157336,0,AXIS,@ybl,TECHNICAL_DECLINE
821.85,20,106.8608648655669,0,ICICI,@upi,TRANSACTION_TIMEOUT
2928.47,10,10.75527298408927,0,BOB,@paytm,TECHNICAL_DECLINE
7832.89,21,7.433816674356779,1,PNB,@gpay,DUPLICATE_TRANSACTION
3098.28,15,6.601359595465731,0,KOTAK,@ybl,TECHNICAL_DECLINE
29374.56,12,4.564980962752684,0,HDFC,@okaxis,BENEFICIARY_NOT_CREDITED
4133.92,10,16.57394416741623,1,KOTAK,@upi,DUPLICATE_TRANSACTION
6373.03,21,16.418007162620697,1,AXIS,@upi,DUPLICATE_TRANSACTION
9099.99,12,17.449621176016002,0,ICICI,@paytm,WRONG_DEBIT
2535.93,9,133.0045478056104,0,KOTAK,@phonepe,TRANSACTION_TIMEOUT
11200.85,3,5.592890638969663,0,AXIS,@okaxis,WRONG_DEBIT
1223.96,14,174.03966769769494,0,AXIS,@ybl,TRANSACTION_TIMEOUT
1522.37,4,198.1058224667646,0,BOB,@upi,TRANSACTION_TIMEOUT
2808.09,4,9.15887189209784,0,BOB,@gpay,TECHNICAL_DECLINE
46101.18,16,69.84888391751606,0,AXIS,@phonepe,WRONG_DEBIT
5469.34,11,124.52917962435896,0,BOB,@gpay,TRANSACTION_TIMEOUT
6827.8,8,5.021140769299095,1,HDFC,@ybl,DUPLICATE_TRANSACTION
9827.19,15,64.83616103518224,0,BOB,@upi,TRANSACTION_TIMEOUT
2736.26,17,11.331573783586663,1,ICICI,@ybl,DUPLICATE_TRANSACTION
34489.56,16,11.712106783839014,0,AXIS,@phonepe,BENEFICIARY_NOT_CREDITED
4223.49,15,11.376305245646563,0,PNB,@phonepe,TECHNICAL_DECLINE
34749.76,9,22.777561012501423,0,AXIS,@phonepe,WRONG_DEBIT
3618.9,19,7.210760946135857,1,BOB,@phonepe,DUPLICATE_TRANSACTION
2706.03,10,1.6739511537820717,0,AXIS,@upi,TECHNICAL_DECLINE
2909.88,1,8.486353854462672,0,BOB,@okaxis,TECHNICAL_DECLINE
94853.76,10,137.76207660690147,0,SBI,@upi,BENEFICIARY_NOT_CREDITED
9578.83,7,167.6766621716169,0,KOTAK,@phonepe,TRANSACTION_TIMEOUT
16056.37,13,20.653140164867466,0,AXIS,@ybl,WRONG_DEBIT
32485.57,1,47.593350334368374,0,BOB,@okaxis,WRONG_DEBIT
48530.7,17,14.563700529101112,0,PNB,@gpay,WRONG_DEBIT
42988.1,7,18.660735601500342,0,SBI,@upi,WRONG_DEBIT
8956.13,15,23.04275599612647,0,AXIS,@paytm,WRONG_DEBIT
9225.22,12,17.917298688688092,1,SBI,@ybl,DUPLICATE_TRANSACTION
6912.69,21,4.957649906413378,1,KOTAK,@okaxis,DUPLICATE_TRANSACTION
2517.68,17,23.317650655341787,1,SBI,@gpay,DUPLICATE_TRANSACTION
77046.02,16,9.950621572235946,0,HDFC,@phonepe,BENEFICIARY_NOT_CREDITED
72385.5,17,157.74070845618672,0,PNB,@gpay,BENEFICIARY_NOT_CREDITED
3928.33,17,49.14855126463534,0,PNB,@gpay,TRANSACTION_TIMEOUT
9618.99,18,17.735654689167045,1,ICICI,@ybl,DUPLICATE_TRANSACTION
18939.05,21,37.82410101455268,0,PNB,@ybl,WRONG_DEBIT
7181.04,19,12.269973619450536,1,PNB,@ybl,DUPLICATE_TRANSACTION
4684.07,23,3.0112473501027988,0,AXIS,@upi,TECHNICAL_DECLINE
9531.48,11,15.182287657748388,1,HDFC,@gpay,DUPLICATE_TRANSACTION
1788.26,8,5.635005762600873,0,BOB,@ybl,TECHNICAL_DECLINE
4190.76,9,13.699142752446583,1,BOB,@gpay,DUPLICATE_TRANSACTION
39846.62,4,12.877423197933197,0,KOTAK,@phonepe,WRONG_DEBIT
38617.47,22,69.33685836680583,0,PNB,@gpay,WRONG_DEBIT
5153.24,19,0.023433005876598578,1,BOB,@ybl,DUPLICATE_TRANSACTION
3550.32,18,13.91437236977324,1,BOB,@upi,DUPLICATE_TRANSACTION
45580.66,11,19.7693756863793,0,SBI,@phonepe,WRONG_DEBIT
42181.29,19,11.821435145418537,0,KOTAK,@okaxis,WRONG_DEBIT
946.83,20,0.08640433272706627,1,ICICI,@phonepe,DUPLICATE_TRANSACTION
4570.69,6,185.4959986437708,0,ICICI,@okaxis,TRANSACTION_TIMEOUT
4367.82,11,7.8332036139496415,1,SBI,@okaxis,DUPLICATE_TRANSACTION
15486.75,14,41.72918118953214,0,BOB,@okaxis,WRONG_DEBIT
7269.76,3,112.84811393845372,0,BOB,@okaxis,TRANSACTION_TIMEOUT
3597.58,20,1.6713806473355155,0,ICICI,@gpay,TECHNICAL_DECLINE
6438.42,15,29.827386513519876,0,KOTAK,@ybl,BENEFICIARY_NOT_CREDITED
1637.27,9,11.524987276653066,0,ICICI,@phonepe,TECHNICAL_DECLINE
7793.37,21,151.37266969401713,0,BOB,@okaxis,TRANSACTION_TIMEOUT
2187.91,17,4.079963538236313,1,SBI,@okaxis,DUPLICATE_TRANSACTION
3624.16,19,168.2964949828547,0,PNB,@phonepe,TRANSACTION_TIMEOUT
9389.93,21,80.44719990883475,0,ICICI,@paytm,TRANSACTION_TIMEOUT
4126.91,0,177.49337986278974,0,SBI,@ybl,TRANSACTION_TIMEOUT
5246.08,5,53.58382436914347,0,ICICI,@okaxis,WRONG_DEBIT
11857.27,6,50.471908570227114,0,AXIS,@phonepe,WRONG_DEBIT
340.6,9,9.394673724735718,0,PNB,@ybl,TECHNICAL_DECLINE
57310.84,10,73.32890419491683,0,ICICI,@phonepe,BENEFICIARY_NOT_CREDITED
8598.63,18,0.8296662978061482,1,HDFC,@paytm,DUPLICATE_TRANSACTION
19470.64,7,55.339447640067874,0,AXIS,@gpay,WRONG_DEBIT
5289.2,13,20.090058324006876,1,SBI,@paytm,DUPLICATE_TRANSACTION
75137.98,17,107.15538218859987,0,AXIS,@okaxis,BENEFICIARY_NOT_CREDITED
3130.04,18,101.50328972596516,0,BOB,@paytm,TRANSACTION_TIMEOUT
25621.36,16,30.743244809996447,0,HDFC,@ybl,WRONG_DEBIT
14974.4,23,148.2933008085044,0,HDFC,@gpay,TRANSACTION_TIMEOUT
17831.1,9,111.66352982709518,0,HDFC,@upi,TRANSACTION_TIMEOUT
22165.66,19,47.528816343516354,0,ICICI,@okaxis,WRONG_DEBIT
619.17,23,4.556818475533245,0,BOB,@gpay,TECHNICAL_DECLINE
28106.9,9,70.54100163236164,0,PNB,@ybl,BENEFICIARY_NOT_CREDITED
2767.3,10,11.841014606115667,0,BOB,@gpay,TECHNICAL_DECLINE
9100.86,14,8.3795001010856,1,BOB,@gpay,DUPLICATE_TRANSACTION
15711.19,12,130.28920702373173,0,KOTAK,@gpay,BENEFICIARY_NOT_CREDITED
26974.64,13,142.47200017811045,0,HDFC,@ybl,BENEFICIARY_NOT_CREDITED
40032.62,20,66.60033989774018,0,PNB,@ybl,WRONG_DEBIT
6203.79,13,0.5754772726769524,1,ICICI,@upi,DUPLICATE_TRANSACTION
49524.43,20,66.96946911461721,0,HDFC,@ybl,WRONG_DEBIT
8945.68,8,130.21501776317024,0,ICICI,@gpay,TRANSACTION_TIMEOUT
7784.41,15,18.335024371250675,1,SBI,@ybl,DUPLICATE_TRANSACTION
3825.75,11,3.065612262684915,0,BOB,@paytm,TECHNICAL_DECLINE
5672.78,20,20.792789081168756,1,PNB,@gpay,DUPLICATE_TRANSACTION
75497.43,18,30.688112148303997,0,HDFC,@gpay,BENEFICIARY_NOT_CREDITED
4795.22,17,0.8666992804292954,0,BOB,@upi,TECHNICAL_DECLINE
570.83,17,20.628624021901103,1,PNB,@phonepe,DUPLICATE_TRANSACTION
1195.56,15,20.950547109688998,1,KOTAK,@paytm,DUPLICATE_TRANSACTION
48612.25,5,30.027993826001637,0,AXIS,@gpay,WRONG_DEBIT
96503.62,14,127.79367257302,0,AXIS,@upi,BENEFICIARY_NOT_CREDITED
9869.83,10,6.685379460424597,1,KOTAK,@paytm,DUPLICATE_TRANSACTION
8885.27,12,5.726634810121705,1,ICICI,@upi,DUPLICATE_TRANSACTION
3717.21,19,18.135989636490315,1,AXIS,@phonepe,DUPLICATE_TRANSACTION
2047.42,4,9.459925887570456,0,ICICI,@okaxis,TECHNICAL_DECLINE
5107.7,12,7.096507438529651,1,BOB,@upi,DUPLICATE_TRANSACTION
4870.13,14,8.514722095171932,1,ICICI,@okaxis,DUPLICATE_TRANSACTION
3000.17,4,10.115720873893105,0,KOTAK,@phonepe,TECHNICAL_DECLINE
193.87,7,11.824077221122426,0,KOTAK,@ybl,TECHNICAL_DECLINE
82202.54,13,93.95639436479362,0,PNB,@gpay,BENEFICIARY_NOT_CREDITED
5948.75,8,12.368216035245066,1,BOB,@paytm,DUPLICATE_TRANSACTION
97472.43,13,157.5380911981224,0,KOTAK,@ybl,BENEFICIARY_NOT_CREDITED
16795.54,0,60.21127687898741,0,HDFC,@okaxis,WRONG_DEBIT
9121.92,15,11.717438787888668,1,HDFC,@paytm,DUPLICATE_TRANSACTION
354.73,8,3.4672835699160918,0,AXIS,@okaxis,TECHNICAL_DECLINE
5723.2,19,1.7213377603886455,1,HDFC,@ybl,DUPLICATE_TRANSACTION
85483.95,9,5.936968128892421,0,PNB,@phonepe,BENEFICIARY_NOT_CREDITED
39751.22,17,115.86357917089657,0,KOTAK,@ybl,BENEFICIARY_NOT_CREDITED
67583.74,16,126.97011565233718,0,AXIS,@phonepe,BENEFICIARY_NOT_CREDITED
60088.11,15,63.96519820332528,0,HDFC,@ybl,BENEFICIARY_NOT_CREDITED
2269.31,14,17.510669241795114,1,BOB,@phonepe,DUPLICATE_TRANSACTION
5340.0,4,49.01536581565434,0,HDFC,@okaxis,TRANSACTION_TIMEOUT
9728.73,16,42.78326808788498,0,KOTAK,@upi,WRONG_DEBIT
3620.34,21,3.186209820005363,1,KOTAK,@upi,DUPLICATE_TRANSACTION
3163.23,0,3.6736335947464425,0,KOTAK,@gpay,TECHNICAL_DECLINE
12138.19,9,23.83430498182225,0,KOTAK,@upi,BENEFICIARY_NOT_CREDITED
48573.54,16,63.369074740339606,0,PNB,@ybl,BENEFICIARY_NOT_CREDITED
11256.71,17,190.1688355788633,0,ICICI,@upi,TRANSACTION_TIMEOUT
21424.95,12,33.83138654882656,0,HDFC,@ybl,WRONG_DEBIT
15372.23,17,12.198333684343217,0,SBI,@gpay,BENEFICIARY_NOT_CREDITED
7770.93,8,71.82326928296499,0,BOB,@okaxis,TRANSACTION_TIMEOUT
7583.07,11,0.2741774098621921,1,KOTAK,@phonepe,DUPLICATE_TRANSACTION
6034.21,10,17.771932607564956,1,BOB,@ybl,DUPLICATE_TRANSACTION
26143.74,17,70.68128997752268,0,ICICI,@gpay,WRONG_DEBIT
4048.39,14,10.555968067354542,0,SBI,@upi,TECHNICAL_DECLINE
4740.31,8,44.5968923143816,0,KOTAK,@ybl,WRONG_DEBIT
45802.07,14,46.4798775277647,0,AXIS,@gpay,BENEFICIARY_NOT_CREDITED
17138.65,1,89.86983552313868,0,KOTAK,@okaxis,TRANSACTION_TIMEOUT
28838.59,13,33.03511004484206,0,HDFC,@okaxis,WRONG_DEBIT
36777.1,15,164.10262143352134,0,SBI,@okaxis,BENEFICIARY_NOT_CREDITED
18921.58,7,140.6590351053461,0,HDFC,@paytm,TRANSACTION_TIMEOUT
7755.82,12,0.5096873658519501,1,AXIS,@gpay,DUPLICATE_TRANSACTION
10874.55,23,136.2446941038876,0,HDFC,@okaxis,TRANSACTION_TIMEOUT
14737.56,3,50.81484067856401,0,AXIS,@phonepe,WRONG_DEBIT
12535.5,8,183.341884021578,0,HDFC,@ybl,TRANSACTION_TIMEOUT
8070.66,22,16.432885319505907,1,PNB,@okaxis,DUPLICATE_TRANSACTION
13268.94,2,150.9693772589725,0,AXIS,@okaxis,TRANSACTION_TIMEOUT
594.25,10,6.075607043140577,0,ICICI,@gpay,TECHNICAL_DECLINE
5020.22,2,66.04463861041914,0,SBI,@okaxis,TRANSACTION_TIMEOUT
44245.54,17,154.17222156537585,0,AXIS,@ybl,BENEFICIARY_NOT_CREDITED
47050.37,12,23.59380956190538,0,AXIS,@upi,WRONG_DEBIT
5537.25,9,13.277451032781427,1,ICICI,@okaxis,DUPLICATE_TRANSACTION
8395.69,15,54.58607262730071,0,KOTAK,@upi,WRONG_DEBIT
2593.57,20,1.9752586714853018,0,KOTAK,@upi,TECHNICAL_DECLINE
413.51,12,0.3099960957326777,0,KOTAK,@phonepe,TECHNICAL_DECLINE
35980.23,11,48.77188110318763,0,KOTAK,@phonepe,WRONG_DEBIT
19733.46,12,11.305849596323528,0,BOB,@phonepe,BENEFICIARY_NOT_CREDITED
4611.76,14,4.876843593832007,1,KOTAK,@phonepe,DUPLICATE_TRANSACTION
56765.8,16,4.640359888518781,0,BOB,@paytm,BENEFICIARY_NOT_CREDITED
15052.38,8,86.80089064844222,0,PNB,@paytm,TRANSACTION_TIMEOUT
75098.57,9,1.7979157408426722,0,PNB,@upi,BENEFICIARY_NOT_CREDITED
4102.82,16,62.72179168849943,0,HDFC,@gpay,BENEFICIARY_NOT_CREDITED
7764.83,9,1.2219875562044793,1,AXIS,@phonepe,DUPLICATE_TRANSACTION
22282.2,19,35.011249329457414,0,KOTAK,@ybl,WRONG_DEBIT
3728.86,5,8.79571746842409,0,KOTAK,@upi,TECHNICAL_DECLINE
75041.24,13,26.696090480137634,0,ICICI,@upi,BENEFICIARY_NOT_CREDITED
26233.0,18,119.76733956534939,0,KOTAK,@upi,BENEFICIARY_NOT_CREDITED
831.09,11,1.378888946500024,0,BOB,@upi,TECHNICAL_DECLINE
2454.16,6,9.749373562131609,0,AXIS,@upi,TECHNICAL_DECLINE
99182.89,16,123.37159384728447,0,SBI,@okaxis,BENEFICIARY_NOT_CREDITED
16742.67,22,196.71288030507478,0,PNB,@upi,TRANSACTION_TIMEOUT
9552.02,15,21.83486939673307,1,HDFC,@upi,DUPLICATE_TRANSACTION
19157.67,18,125.39096281087605,0,ICICI,@phonepe,BENEFICIARY_NOT_CREDITED
370.2,13,8.318423313491138,0,AXIS,@ybl,TECHNICAL_DECLINE
27956.44,6,51.4595046408009,0,HDFC,@upi,WRONG_DEBIT
23825.65,7,50.44608164907606,0,SBI,@paytm,WRONG_DEBIT
3566.92,20,1.4129376495018064,1,SBI,@paytm,DUPLICATE_TRANSACTION
9013.76,14,16.369856428536018,1,BOB,@ybl,DUPLICATE_TRANSACTION
7107.24,15,166.01447379550694,0,HDFC,@ybl,TRANSACTION_TIMEOUT
49531.57,14,41.44703060006727,0,PNB,@upi,WRONG_DEBIT
2141.46,13,80.3745998790559,0,SBI,@paytm,TRANSACTION_TIMEOUT
17479.58,9,75.12408000183325,0,PNB,@ybl,TRANSACTION_TIMEOUT
5737.75,17,22.002579335602725,1,PNB,@phonepe,DUPLICATE_TRANSACTION
5166.04,18,2.4166026390339264,1,PNB,@ybl,DUPLICATE_TRANSACTION
8013.02,5,176.92429356531596,0,AXIS,@paytm,TRANSACTION_TIMEOUT
7408.6,12,5.917792430655062,1,HDFC,@ybl,DUPLICATE_TRANSACTION
5788.08,13,12.246602352079263,1,AXIS,@phonepe,DUPLICATE_TRANSACTION
2609.6,13,56.23519955259928,0,SBI,@ybl,TRANSACTION_TIMEOUT
19777.7,16,71.95143113378117,0,PNB,@paytm,TRANSACTION_TIMEOUT
4414.79,8,9.378742699689512,1,HDFC,@phonepe,DUPLICATE_TRANSACTION
3765.04,11,66.60945935560628,0,HDFC,@gpay,BENEFICIARY_NOT_CREDITED
3436.42,18,146.4315687153228,0,AXIS,@gpay,BENEFICIARY_NOT_CREDITED
43270.36,4,57.093338962627364,0,PNB,@paytm,WRONG_DEBIT
7739.17,13,109.70362457231761,0,SBI,@phonepe,TRANSACTION_TIMEOUT
16283.66,23,45.71459153943298,0,SBI,@gpay,WRONG_DEBIT
34611.14,13,70.40424794475858,0,SBI,@gpay,WRONG_DEBIT
22754.53,11,158.82294452469804,0,KOTAK,@upi,BENEFICIARY_NOT_CREDITED
18278.4,14,131.6227565196192,0,HDFC,@phonepe,TRANSACTION_TIMEOUT
4458.39,7,11.711972591312184,0,KOTAK,@paytm,TECHNICAL_DECLINE
45581.86,11,20.32933946950381,0,AXIS,@ybl,BENEFICIARY_NOT_CREDITED
3810.32,20,6.721092079715387,0,SBI,@phonepe,TECHNICAL_DECLINE
83299.8,11,69.26323555712149,0,SBI,@paytm,BENEFICIARY_NOT_CREDITED
22079.33,23,25.040203570744236,0,SBI,@ybl,WRONG_DEBIT
18272.09,5,44.848402054095025,0,SBI,@paytm,WRONG_DEBIT
2052.54,15,10.67380372862608,0,SBI,@phonepe,TECHNICAL_DECLINE
6422.7,6,24.74444349738815,0,PNB,@okaxis,WRONG_DEBIT
4203.12,22,6.553953014850014,0,AXIS,@upi,TECHNICAL_DECLINE
9334.5,13,13.471593152966413,1,KOTAK,@gpay,DUPLICATE_TRANSACTION
5005.53,13,51.79325811057356,0,AXIS,@upi,TRANSACTION_TIMEOUT
3413.79,13,1.509806579268778,1,HDFC,@ybl,DUPLICATE_TRANSACTION
4375.52,14,8.337446357499502,0,SBI,@paytm,TECHNICAL_DECLINE
1083.71,16,3.0055684972967134,0,SBI,@gpay,TECHNICAL_DECLINE
41772.04,5,32.71265609404669,0,ICICI,@phonepe,WRONG_DEBIT
80819.85,14,89.50338409798646,0,HDFC,@upi,BENEFICIARY_NOT_CREDITED
31258.18,15,30.46394993003963,0,ICICI,@paytm,WRONG_DEBIT
9385.38,14,18.31906129524344,1,AXIS,@phonepe,DUPLICATE_TRANSACTION
1631.21,4,190.65327967991465,0,BOB,@ybl,TRANSACTION_TIMEOUT
25201.98,11,22.293570707920356,0,PNB,@phonepe,BENEFICIARY_NOT_CREDITED
878.61,21,125.52881054883171,0,HDFC,@paytm,TRANSACTION_TIMEOUT
53038.54,10,29.02656892938485,0,PNB,@ybl,BENEFICIARY_NOT_CREDITED
30809.64,17,19.617809259417168,0,BOB,@okaxis,WRONG_DEBIT
4410.64,21,3.012843511664141,0,AXIS,@phonepe,TECHNICAL_DECLINE
3363.53,20,8.728884710556889,0,PNB,@paytm,TECHNICAL_DECLINE
8952.99,16,2.6391757406354293,1,BOB,@okaxis,DUPLICATE_TRANSACTION
182.03,8,12.508695397080896,1,HDFC,@phonepe,DUPLICATE_TRANSACTION
2755.02,18,7.296304274137908,0,HDFC,@phonepe,TECHNICAL_DECLINE
304.82,3,3.2132484927247975,0,ICICI,@gpay,TECHNICAL_DECLINE
71383.64,9,57.76601525390781,0,HDFC,@okaxis,BENEFICIARY_NOT_CREDITED
34774.42,1,24.415424668186557,0,PNB,@gpay,WRONG_DEBIT
95741.02,17,121.34991511360936,0,PNB,@ybl,BENEFICIARY_NOT_CREDITED
2992.46,20,2.2125336493340573,0,HDFC,@gpay,TECHNICAL_DECLINE
4950.95,22,29.86856222841506,0,SBI,@ybl,WRONG_DEBIT
44496.45,20,5.406216588429779,0,SBI,@ybl,WRONG_DEBIT
16606.26,8,69.91637185863749,0,HDFC,@gpay,TRANSACTION_TIMEOUT
56815.21,12,67.22200943390573,0,ICICI,@paytm,BENEFICIARY_NOT_CREDITED
16383.1,8,142.52789113972884,0,BOB,@okaxis,TRANSACTION_TIMEOUT
58686.4,14,101.00265406444841,0,BOB,@gpay,BENEFICIARY_NOT_CREDITED
189.55,18,70.59258794839769,0,ICICI,@gpay,TRANSACTION_TIMEOUT
36227.29,8,53.64626997081157,0,SBI,@ybl,WRONG_DEBIT
49795.91,10,127.75508768162241,0,AXIS,@phonepe,BENEFICIARY_NOT_CREDITED
17027.35,16,144.02119873967592,0,ICICI,@paytm,TRANSACTION_TIMEOUT
98007.36,18,58.67572010937256,0,HDFC,@phonepe,BENEFICIARY_NOT_CREDITED
9278.46,17,16.209893301809117,1,AXIS,@phonepe,DUPLICATE_TRANSACTION
19956.99,11,2.841458484844493,0,AXIS,@gpay,WRONG_DEBIT
4399.79,6,9.531681676598266,0,ICICI,@gpay,TECHNICAL_DECLINE
327.37,10,23.83722196898744,1,PNB,@okaxis,DUPLICATE_TRANSACTION
7772.41,3,187.36181637886975,0,AXIS,@paytm,TRANSACTION_TIMEOUT
6728.06,17,8.737788107647283,1,BOB,@phonepe,DUPLICATE_TRANSACTION
5100.78,17,108.32283844070615,0,KOTAK,@upi,TRANSACTION_TIMEOUT
34422.68,16,14.405587565271762,0,ICICI,@phonepe,WRONG_DEBIT
25952.1,11,19.53325830110331,0,BOB,@phonepe,WRONG_DEBIT
6785.76,15,12.358996247720837,1,SBI,@okaxis,DUPLICATE_TRANSACTION
4646.59,3,7.074134156583364,0,HDFC,@ybl,TECHNICAL_DECLINE
1977.06,12,7.358696597469853,0,ICICI,@phonepe,TECHNICAL_DECLINE
2132.46,4,11.422469925148842,0,AXIS,@upi,TECHNICAL_DECLINE
1474.68,14,12.932939929239096,1,HDFC,@gpay,DUPLICATE_TRANSACTION
6875.08,8,66.6604092786338,0,ICICI,@okaxis,TRANSACTION_TIMEOUT
3548.22,11,11.58302328043113,0,PNB,@ybl,TECHNICAL_DECLINE
4123.84,1,1.9319904063718152,0,BOB,@gpay,TECHNICAL_DECLINE
186.96,14,5.965602196514521,0,PNB,@paytm,TECHNICAL_DECLINE
2685.89,9,103.15390923520278,0,HDFC,@gpay,TRANSACTION_TIMEOUT
13244.75,18,91.512047116856,0,AXIS,@gpay,TRANSACTION_TIMEOUT
66861.13,13,16.945563539823798,0,BOB,@upi,BENEFICIARY_NOT_CREDITED
69803.47,18,13.228314825286532,0,PNB,@gpay,BENEFICIARY_NOT_CREDITED
9502.83,19,16.805319092934656,1,BOB,@okaxis,DUPLICATE_TRANSACTION
16775.79,23,112.89673181535662,0,AXIS,@okaxis,TRANSACTION_TIMEOUT
44432.94,13,46.06063904626198,0,PNB,@phonepe,WRONG_DEBIT
9693.2,20,68.63299228381878,0,HDFC,@upi,TRANSACTION_TIMEOUT
4065.71,1,21.259831310142946,0,KOTAK,@gpay,WRONG_DEBIT
1326.58,23,5.619301275567805,0,KOTAK,@gpay,TECHNICAL_DECLINE
455.09,2,145.64646597974814,0,AXIS,@ybl,TRANSACTION_TIMEOUT
15738.38,11,145.9412217266611,0,ICICI,@upi,TRANSACTION_TIMEOUT
14675.47,14,36.361126056134445,0,ICICI,@okaxis,BENEFICIARY_NOT_CREDITED
1425.93,10,8.642001965952973,1,BOB,@ybl,DUPLICATE_TRANSACTION
9075.14,5,117.31017611429496,0,SBI,@phonepe,TRANSACTION_TIMEOUT
13521.61,1,73.05803751393252,0,HDFC,@upi,TRANSACTION_TIMEOUT
2675.15,11,2.240415581455928,0,HDFC,@phonepe,TECHNICAL_DECLINE
1614.16,1,2.727291468767116,0,AXIS,@gpay,TECHNICAL_DECLINE
1228.44,12,8.538049289512234,0,KOTAK,@ybl,TECHNICAL_DECLINE
4177.71,9,2.116151941836057,0,BOB,@paytm,TECHNICAL_DECLINE
46481.08,18,129.9003151923005,0,ICICI,@phonepe,BENEFICIARY_NOT_CREDITED
3978.82,9,5.364887394262827,0,AXIS,@paytm,TECHNICAL_DECLINE
11566.94,23,174.06757990386393,0,PNB,@okaxis,TRANSACTION_TIMEOUT
5309.62,11,3.1392545065666475,1,PNB,@paytm,DUPLICATE_TRANSACTION
9908.73,22,7.613579984394295,1,AXIS,@paytm,DUPLICATE_TRANSACTION
14282.5,22,146.1017420297751,0,KOTAK,@phonepe,TRANSACTION_TIMEOUT
14948.0,14,146.0163942928828,0,KOTAK,@upi,TRANSACTION_TIMEOUT
26038.89,18,37.20820469180152,0,AXIS,@gpay,WRONG_DEBIT
14951.22,2,180.71251244972214,0,BOB,@okaxis,TRANSACTION_TIMEOUT
62030.82,13,131.3047590435645,0,SBI,@okaxis,BENEFICIARY_NOT_CREDITED
7072.2,9,2.754384883464966,1,KOTAK,@phonepe,DUPLICATE_TRANSACTION
3541.04,20,98.4926488556522,0,PNB,@paytm,TRANSACTION_TIMEOUT
30976.76,14,15.391020920810913,0,AXIS,@okaxis,WRONG_DEBIT
2839.02,21,77.89871416082677,0,BOB,@okaxis,TRANSACTION_TIMEOUT
17678.49,11,92.3930771082648,0,KOTAK,@okaxis,TRANSACTION_TIMEOUT
13611.43,18,61.055981066942266,0,AXIS,@okaxis,TRANSACTION_TIMEOUT
8119.9,20,3.2434898651227844,1,HDFC,@okaxis,DUPLICATE_TRANSACTION
1259.74,0,7.014044027399673,0,SBI,@gpay,WRONG_DEBIT
4103.29,21,4.994602882517928,0,HDFC,@ybl,TECHNICAL_DECLINE
3265.39,13,11.722624240522926,1,KOTAK,@phonepe,DUPLICATE_TRANSACTION
12742.57,18,55.23977051930429,0,BOB,@paytm,WRONG_DEBIT
3526.5,14,1.1778593330800393,0,PNB,@upi,TECHNICAL_DECLINE
33223.62,0,0.11267300954781767,0,SBI,@upi,WRONG_DEBIT
51727.02,16,151.3352171452834,0,SBI,@gpay,BENEFICIARY_NOT_CREDITED
4889.33,18,21.595375056465336,1,SBI,@upi,DUPLICATE_TRANSACTION
4797.16,13,4.194851670006254,0,PNB,@gpay,TECHNICAL_DECLINE
1557.31,16,2.3804989326132087,0,HDFC,@phonepe,TECHNICAL_DECLINE
22886.25,18,33.4618991850374,0,PNB,@phonepe,WRONG_DEBIT
9084.07,6,62.25444616024312,0,SBI,@gpay,WRONG_DEBIT
3342.71,14,11.119098253215286,1,PNB,@ybl,DUPLICATE_TRANSACTION
10004.36,6,86.10499853854242,0,PNB,@gpay,TRANSACTION_TIMEOUT
16003.41,10,128.86893375098322,0,AXIS,@phonepe,TRANSACTION_TIMEOUT
10420.17,2,0.6534061250691598,0,PNB,@upi,WRONG_DEBIT
2244.26,2,3.0811288655706774,0,AXIS,@ybl,TECHNICAL_DECLINE
31514.45,21,45.19811073785733,0,BOB,@okaxis,WRONG_DEBIT
47783.0,13,6.14441242595531,0,PNB,@okaxis,WRONG_DEBIT
272.63,8,11.957385277240995,0,AXIS,@upi,TECHNICAL_DECLINE
12124.53,15,174.54380188593956,0,SBI,@ybl,TRANSACTION_TIMEOUT
7957.18,22,21.998713508244798,1,HDFC,@ybl,DUPLICATE_TRANSACTION
37559.86,5,20.86782901957146,0,ICICI,@phonepe,WRONG_DEBIT
8521.59,21,171.06954036084517,0,BOB,@upi,TRANSACTION_TIMEOUT
10979.39,11,54.51612685769978,0,AXIS,@okaxis,WRONG_DEBIT
71655.29,14,55.42943211531011,0,AXIS,@upi,BENEFICIARY_NOT_CREDITED
9843.44,10,158.85285480021713,0,AXIS,@okaxis,TRANSACTION_TIMEOUT
37331.27,21,35.94377723829257,0,KOTAK,@upi,WRONG_DEBIT
6559.34,12,19.48061396978826,1,BOB,@ybl,DUPLICATE_TRANSACTION
94755.09,15,126.11045108212257,0,HDFC,@gpay,BENEFICIARY_NOT_CREDITED
1854.53,19,154.04572827465586,0,BOB,@okaxis,TRANSACTION_TIMEOUT
6596.98,18,22.36885396895441,1,HDFC,@okaxis,DUPLICATE_TRANSACTION
3603.49,14,98.72936204044774,0,PNB,@phonepe,TRANSACTION_TIMEOUT
22685.03,9,98.37244569634402,0,HDFC,@upi,BENEFICIARY_NOT_CREDITED
4200.51,12,10.664087980281678,0,AXIS,@gpay,TECHNICAL_DECLINE
3177.05,12,14.461307138837295,0,ICICI,@upi,WRONG_DEBIT
39647.86,1,25.826615995729224,0,HDFC,@ybl,WRONG_DEBIT
6120.4,17,78.20753439002637,0,PNB,@upi,BENEFICIARY_NOT_CREDITED
43567.64,16,7.782781411031087,0,ICICI,@upi,WRONG_DEBIT
76632.2,12,146.89870996531488,0,PNB,@upi,BENEFICIARY_NOT_CREDITED
14997.63,21,143.91173712494628,0,KOTAK,@ybl,TRANSACTION_TIMEOUT
93135.46,16,154.9595697371486,0,ICICI,@okaxis,BENEFICIARY_NOT_CREDITED
58284.12,17,66.55869225108137,0,AXIS,@ybl,BENEFICIARY_NOT_CREDITED
16798.49,9,37.211685021789016,0,KOTAK,@upi,WRONG_DEBIT
23762.75,5,49.92444540800681,0,KOTAK,@ybl,WRONG_DEBIT
3851.34,3,3.907896485248925,0,PNB,@okaxis,TECHNICAL_DECLINE
9742.14,15,0.22717292004096112,1,PNB,@gpay,DUPLICATE_TRANSACTION
1311.71,22,9.904499808389176,0,ICICI,@gpay,TECHNICAL_DECLINE
10235.36,6,119.58669307780535,0,SBI,@ybl,TRANSACTION_TIMEOUT
7914.54,7,31.288236249721155,0,KOTAK,@okaxis,WRONG_DEBIT
8036.37,16,81.49894113808764,0,PNB,@gpay,BENEFICIARY_NOT_CREDITED
4955.05,16,3.1909532701475887,0,PNB,@upi,TECHNICAL_DECLINE
6780.87,18,59.98331659298393,0,AXIS,@paytm,BENEFICIARY_NOT_CREDITED
8771.09,11,99.07148126372843,0,KOTAK,@gpay,TRANSACTION_TIMEOUT
2279.13,13,8.67674640707551,1,ICICI,@upi,DUPLICATE_TRANSACTION
1683.5,15,8.018170776292564,0,BOB,@ybl,TECHNICAL_DECLINE
156.85,18,3.6326729836068337,1,ICICI,@okaxis,DUPLICATE_TRANSACTION
6122.69,11,19.137076777613906,1,SBI,@gpay,DUPLICATE_TRANSACTION
4283.92,16,7.34959562103626,0,HDFC,@phonepe,TECHNICAL_DECLINE
3572.42,22,14.367043134376699,1,AXIS,@phonepe,DUPLICATE_TRANSACTION
18870.09,13,127.98970703003323,0,SBI,@upi,TRANSACTION_TIMEOUT
5395.04,8,150.73500387899804,0,SBI,@paytm,TRANSACTION_TIMEOUT
13720.52,16,85.29921185680982,0,BOB,@paytm,TRANSACTION_TIMEOUT
49935.66,11,52.27015579692417,0,HDFC,@okaxis,WRONG_DEBIT
340.68,17,5.762196896918892,0,AXIS,@upi,TECHNICAL_DECLINE
81973.07,14,126.27801176360848,0,PNB,@upi,BENEFICIARY_NOT_CREDITED
54522.19,9,54.45010150576584,0,HDFC,@paytm,BENEFICIARY_NOT_CREDITED
28144.4,20,40.036232591084705,0,PNB,@ybl,WRONG_DEBIT
11931.36,8,86.55308517762525,0,AXIS,@paytm,TRANSACTION_TIMEOUT
1139.51,17,9.735828885908271,0,PNB,@okaxis,TECHNICAL_DECLINE
7600.86,12,167.44250595843778,0,SBI,@ybl,TRANSACTION_TIMEOUT
24602.57,12,40.07303787885768,0,BOB,@ybl,BENEFICIARY_NOT_CREDITED
5602.39,18,110.08042606754722,0,ICICI,@gpay,TRANSACTION_TIMEOUT
11585.43,4,71.74498057788975,0,BOB,@upi,TRANSACTION_TIMEOUT
18405.56,5,124.3037901028647,0,KOTAK,@paytm,TRANSACTION_TIMEOUT
551.59,12,81.98218700631244,0,ICICI,@okaxis,BENEFICIARY_NOT_CREDITED
4972.99,10,55.642369695872894,0,ICICI,@paytm,TRANSACTION_TIMEOUT
1519.98,10,10.899405387049473,0,HDFC,@phonepe,TECHNICAL_DECLINE
2698.23,13,52.01593541276216,0,AXIS,@upi,TRANSACTION_TIMEOUT
2192.63,19,0.9124224427057439,0,SBI,@okaxis,TECHNICAL_DECLINE
9072.85,13,105.4026754680526,0,KOTAK,@okaxis,TRANSACTION_TIMEOUT
58269.73,18,93.9605273571115,0,AXIS,@phonepe,BENEFICIARY_NOT_CREDITED
19541.97,7,107.10777743344933,0,SBI,@gpay,TRANSACTION_TIMEOUT
2261.98,16,6.325838179893023,0,KOTAK,@ybl,TECHNICAL_DECLINE
50843.53,18,115.06436252262542,0,SBI,@upi,BENEFICIARY_NOT_CREDITED
45541.99,12,19.909658175444417,0,PNB,@okaxis,BENEFICIARY_NOT_CREDITED
1340.51,8,3.1673525832381086,0,BOB,@upi,TECHNICAL_DECLINE
4670.26,2,11.025827804369392,0,ICICI,@okaxis,TECHNICAL_DECLINE
18518.49,16,42.912719478739525,0,AXIS,@ybl,BENEFICIARY_NOT_CREDITED
24081.82,11,14.252932426689098,0,ICICI,@okaxis,BENEFICIARY_NOT_CREDITED
51763.72,16,62.65483374925344,0,BOB,@paytm,BENEFICIARY_NOT_CREDITED
498.78,17,9.071446320067531,0,BOB,@okaxis,TECHNICAL_DECLINE
6708.99,15,138.0793644511096,0,PNB,@okaxis,TRANSACTION_TIMEOUT
1355.65,10,19.535417424675604,1,HDFC,@upi,DUPLICATE_TRANSACTION
45915.42,10,42.42199963990792,0,SBI,@phonepe,WRONG_DEBIT
74074.16,16,39.42916008400867,0,SBI,@okaxis,BENEFICIARY_NOT_CREDITED
28796.06,14,122.80261418025893,0,HDFC,@okaxis,BENEFICIARY_NOT_CREDITED
2844.77,22,4.437706820449208,1,AXIS,@gpay,DUPLICATE_TRANSACTION
2152.66,4,76.64346203752079,0,ICICI,@gpay,TRANSACTION_TIMEOUT
38761.35,13,24.208900399846385,0,ICICI,@phonepe,WRONG_DEBIT
8780.15,13,14.700773110071864,1,AXIS,@phonepe,DUPLICATE_TRANSACTION
3385.68,0,6.843860453005262,0,BOB,@gpay,TECHNICAL_DECLINE
1010.93,22,1.4404585892925748,0,AXIS,@paytm,TECHNICAL_DECLINE
2501.43,15,9.166885581243568,0,SBI,@upi,TECHNICAL_DECLINE
10134.52,17,70.2376239768912,0,PNB,@ybl,TRANSACTION_TIMEOUT
4704.19,14,5.941222795379537,1,KOTAK,@ybl,DUPLICATE_TRANSACTION
4467.9,20,171.56911294424282,0,PNB,@gpay,TRANSACTION_TIMEOUT
16926.32,13,52.13824408144716,0,AXIS,@upi,TRANSACTION_TIMEOUT
4979.26,16,9.724962949088503,0,SBI,@paytm,TECHNICAL_DECLINE
34337.29,9,19.97578060409908,0,SBI,@upi,WRONG_DEBIT
22240.15,4,43.24330083117298,0,ICICI,@okaxis,WRONG_DEBIT
34344.81,0,66.8937534077757,0,KOTAK,@gpay,WRONG_DEBIT
6928.39,10,9.714274827663733,1,ICICI,@ybl,DUPLICATE_TRANSACTION
875.86,9,4.629733017468612,0,HDFC,@phonepe,TECHNICAL_DECLINE
1591.02,2,8.854032965114301,0,AXIS,@ybl,TECHNICAL_DECLINE
3477.62,14,23.00311868367616,0,KOTAK,@okaxis,WRONG_DEBIT
3375.35,20,95.99118229858277,0,HDFC,@upi,TRANSACTION_TIMEOUT
3953.97,17,5.524237782114396,0,HDFC,@okaxis,TECHNICAL_DECLINE
1590.38,15,3.9519698660230653,0,SBI,@gpay,TECHNICAL_DECLINE
4051.43,11,2.3495593734074456,0,AXIS,@phonepe,TECHNICAL_DECLINE
3170.61,4,5.248544232986008,0,ICICI,@okaxis,TECHNICAL_DECLINE
3807.06,16,124.70690818579376,0,HDFC,@phonepe,BENEFICIARY_NOT_CREDITED
39895.46,1,29.42971154773764,0,AXIS,@ybl,WRONG_DEBIT
741.78,10,12.833503265397052,1,SBI,@ybl,DUPLICATE_TRANSACTION
1287.43,14,9.376649739869857,0,BOB,@gpay,TECHNICAL_DECLINE
17314.55,16,190.4042054616441,0,ICICI,@ybl,TRANSACTION_TIMEOUT
4399.36,17,9.250884993874326,0,HDFC,@phonepe,TECHNICAL_DECLINE
936.18,2,2.6723380809843973,0,HDFC,@ybl,TECHNICAL_DECLINE
124.97,22,10.226490084258888,1,ICICI,@okaxis,DUPLICATE_TRANSACTION
41460.96,16,26.782486008182406,0,ICICI,@paytm,WRONG_DEBIT
11229.42,21,188.04190764041763,0,ICICI,@ybl,TRANSACTION_TIMEOUT
4651.44,13,5.316545262505103,0,ICICI,@okaxis,TECHNICAL_DECLINE
8568.78,21,110.89204310611663,0,AXIS,@ybl,TRANSACTION_TIMEOUT
7490.73,11,133.7465193127872,0,AXIS,@gpay,TRANSACTION_TIMEOUT
29415.76,9,54.18138698156766,0,PNB,@upi,BENEFICIARY_NOT_CREDITED
9679.68,21,67.88746689093351,0,HDFC,@phonepe,TRANSACTION_TIMEOUT
9023.89,22,59.40578938887326,0,PNB,@okaxis,WRONG_DEBIT
3713.2,17,0.7763023697546969,0,PNB,@okaxis,TECHNICAL_DECLINE
80689.47,17,75.74153058423492,0,ICICI,@phonepe,BENEFICIARY_NOT_CREDITED
10126.63,11,167.19638436913408,0,PNB,@gpay,TRANSACTION_TIMEOUT
26367.11,4,20.74536320393064,0,HDFC,@paytm,WRONG_DEBIT
9021.89,9,132.7979895619662,0,PNB,@phonepe,BENEFICIARY_NOT_CREDITED
1299.01,12,4.547701211015339,0,KOTAK,@upi,TECHNICAL_DECLINE
21463.3,21,59.1939234752193,0,HDFC,@phonepe,WRONG_DEBIT
63153.8,15,15.918526310994931,0,PNB,@phonepe,BENEFICIARY_NOT_CREDITED
35260.94,14,47.776684814074244,0,SBI,@paytm,WRONG_DEBIT
2167.42,9,24.171491263387374,0,SBI,@paytm,WRONG_DEBIT
2977.09,4,7.514319194336923,0,HDFC,@ybl,TECHNICAL_DECLINE
3152.56,1,11.122233836425924,0,AXIS,@phonepe,TECHNICAL_DECLINE
3969.2,19,2.903953522327561,0,AXIS,@upi,TECHNICAL_DECLINE
74040.65,17,158.88741776198344,0,PNB,@gpay,BENEFICIARY_NOT_CREDITED
4302.2,6,109.32438859729436,0,AXIS,@gpay,TRANSACTION_TIMEOUT
3113.57,13,18.509170623419372,1,PNB,@paytm,DUPLICATE_TRANSACTION
863.79,23,81.58153506985526,0,SBI,@paytm,TRANSACTION_TIMEOUT
87182.21,11,44.525999877218446,0,PNB,@upi,BENEFICIARY_NOT_CREDITED
3190.29,22,4.883658921841764,0,PNB,@gpay,TECHNICAL_DECLINE
272.57,1,8.755574318903648,0,SBI,@phonepe,TECHNICAL_DECLINE
5957.81,19,13.170551601322568,1,SBI,@upi,DUPLICATE_TRANSACTION
4352.12,17,9.588389104900621,0,AXIS,@ybl,TECHNICAL_DECLINE
8437.47,9,7.238186897679372,1,PNB,@okaxis,DUPLICATE_TRANSACTION
2278.84,14,55.74131093787844,0,KOTAK,@okaxis,TRANSACTION_TIMEOUT
4294.06,15,173.3444938221169,0,KOTAK,@okaxis,TRANSACTION_TIMEOUT
44388.24,13,69.06578593252523,0,KOTAK,@paytm,WRONG_DEBIT
8943.85,11,20.590336494452966,1,KOTAK,@phonepe,DUPLICATE_TRANSACTION
12094.49,21,75.45623150115024,0,HDFC,@phonepe,TRANSACTION_TIMEOUT
5147.28,8,23.437078139184795,0,AXIS,@ybl,WRONG_DEBIT
3759.96,11,2.6808645405985487,1,BOB,@phonepe,DUPLICATE_TRANSACTION
4274.87,10,10.593003166157256,1,KOTAK,@okaxis,DUPLICATE_TRANSACTION
7953.78,5,167.56808318867695,0,KOTAK,@phonepe,TRANSACTION_TIMEOUT
15856.43,20,136.82283597556022,0,SBI,@ybl,TRANSACTION_TIMEOUT
36704.07,17,11.007827470863553,0,KOTAK,@upi,BENEFICIARY_NOT_CREDITED
3122.79,14,1.4367958426100573,0,ICICI,@upi,TECHNICAL_DECLINE
986.56,13,18.576156645304422,1,HDFC,@ybl,DUPLICATE_TRANSACTION
44700.93,5,27.55112740042239,0,BOB,@paytm,WRONG_DEBIT
83510.57,13,75.78215019124076,0,AXIS,@phonepe,BENEFICIARY_NOT_CREDITED
42423.4,8,55.1564124788701,0,SBI,@gpay,WRONG_DEBIT
5298.59,11,151.69244602515462,0,KOTAK,@upi,TRANSACTION_TIMEOUT
6035.99,20,9.938098443485572,1,KOTAK,@phonepe,DUPLICATE_TRANSACTION
26066.67,18,134.29297271028372,0,HDFC,@gpay,BENEFICIARY_NOT_CREDITED
11198.33,8,138.430443323472,0,AXIS,@ybl,TRANSACTION_TIMEOUT
307.09,11,19.454028465911325,1,BOB,@gpay,DUPLICATE_TRANSACTION
5005.96,12,189.49795211434315,0,PNB,@gpay,TRANSACTION_TIMEOUT
89945.95,16,112.90960268394355,0,HDFC,@upi,BENEFICIARY_NOT_CREDITED
5698.23,21,66.40191065721905,0,AXIS,@phonepe,TRANSACTION_TIMEOUT
838.49,11,73.700201033526,0,HDFC,@gpay,BENEFICIARY_NOT_CREDITED
19532.53,11,55.36685124775791,0,SBI,@ybl,BENEFICIARY_NOT_CREDITED
27893.63,4,58.84237000357608,0,AXIS,@upi,WRONG_DEBIT
8328.11,11,12.800698802917806,1,HDFC,@upi,DUPLICATE_TRANSACTION
34795.41,9,97.13179628842482,0,SBI,@phonepe,BENEFICIARY_NOT_CREDITED
8720.26,18,8.68866719711989,1,ICICI,@ybl,DUPLICATE_TRANSACTION
1159.51,15,151.73679829668214,0,KOTAK,@upi,BENEFICIARY_NOT_CREDITED
25576.63,8,46.600625329692996,0,KOTAK,@gpay,WRONG_DEBIT
21986.23,15,5.171107015709453,0,AXIS,@gpay,WRONG_DEBIT
3137.85,19,15.935017380296731,1,PNB,@okaxis,DUPLICATE_TRANSACTION
4938.26,22,2.5276856541579624,1,BOB,@gpay,DUPLICATE_TRANSACTION
4126.43,10,10.83124802961198,1,ICICI,@gpay,DUPLICATE_TRANSACTION
2594.95,14,187.2152809321296,0,AXIS,@ybl,TRANSACTION_TIMEOUT
43724.52,18,57.06909998673189,0,KOTAK,@okaxis,BENEFICIARY_NOT_CREDITED
29073.64,9,54.88677337546537,0,KOTAK,@ybl,WRONG_DEBIT
15076.01,18,152.2713054937078,0,KOTAK,@phonepe,TRANSACTION_TIMEOUT
60906.15,12,132.4899993775656,0,ICICI,@ybl,BENEFICIARY_NOT_CREDITED
6996.9,15,71.8614311680558,0,BOB,@upi,TRANSACTION_TIMEOUT
8236.5,8,155.81614962128901,0,KOTAK,@paytm,TRANSACTION_TIMEOUT
23376.02,15,150.89326343190928,0,PNB,@okaxis,BENEFICIARY_NOT_CREDITED
7656.24,8,4.59335125845235,1,AXIS,@paytm,DUPLICATE_TRANSACTION
8755.52,15,10.804428505338365,1,HDFC,@phonepe,DUPLICATE_TRANSACTION
3093.83,22,4.976927260383035,1,PNB,@okaxis,DUPLICATE_TRANSACTION
1975.17,9,15.700443384450317,1,BOB,@upi,DUPLICATE_TRANSACTION
25653.33,3,28.656943954547266,0,SBI,@okaxis,WRONG_DEBIT
7960.22,13,9.732381751520059,0,HDFC,@paytm,WRONG_DEBIT
1188.2,16,10.03858903286963,0,PNB,@okaxis,TECHNICAL_DECLINE
95526.09,10,19.428224876918684,0,SBI,@upi,BENEFICIARY_NOT_CREDITED
5677.34,16,21.818125801249845,1,SBI,@ybl,DUPLICATE_TRANSACTION
2674.9,9,20.646123168025166,1,KOTAK,@paytm,DUPLICATE_TRANSACTION
33720.13,13,0.8864730299098831,0,AXIS,@gpay,WRONG_DEBIT
7185.67,13,1.4305108111567035,1,AXIS,@paytm,DUPLICATE_TRANSACTION
4162.94,18,4.190142239881595,1,ICICI,@phonepe,DUPLICATE_TRANSACTION
11088.68,19,68.03777842208984,0,SBI,@paytm,TRANSACTION_TIMEOUT
4966.34,4,10.425900753583372,0,AXIS,@upi,TECHNICAL_DECLINE
47143.96,7,24.289258205175912,0,AXIS,@gpay,WRONG_DEBIT
3111.24,9,2.3879385409640683,0,SBI,@ybl,WRONG_DEBIT
4461.04,15,11.078751920307635,0,HDFC,@ybl,TECHNICAL_DECLINE
7120.06,22,12.562881063990986,1,HDFC,@okaxis,DUPLICATE_TRANSACTION
2440.31,11,2.2072258174948707,0,AXIS,@okaxis,TECHNICAL_DECLINE
8426.15,11,55.54187230061153,0,KOTAK,@gpay,TRANSACTION_TIMEOUT
11091.66,12,132.68727086006322,0,BOB,@upi,TRANSACTION_TIMEOUT
1225.74,8,10.620592645493414,1,ICICI,@ybl,DUPLICATE_TRANSACTION
633.78,18,23.36788620711151,1,HDFC,@phonepe,DUPLICATE_TRANSACTION
5827.78,11,14.858901681306087,1,KOTAK,@gpay,DUPLICATE_TRANSACTION
45679.2,10,60.87736994709114,0,PNB,@upi,WRONG_DEBIT
3623.94,1,121.32112509835765,0,PNB,@gpay,TRANSACTION_TIMEOUT
49497.55,17,138.82923762875177,0,PNB,@ybl,BENEFICIARY_NOT_CREDITED
2664.83,17,10.117399382261926,0,KOTAK,@gpay,TECHNICAL_DECLINE
11628.72,14,16.445671963485772,0,HDFC,@phonepe,WRONG_DEBIT
1611.49,20,19.828301884033635,1,ICICI,@gpay,DUPLICATE_TRANSACTION
2322.22,21,2.0958461133305057,0,BOB,@phonepe,TECHNICAL_DECLINE
4198.68,13,99.97403460009411,0,BOB,@upi,BENEFICIARY_NOT_CREDITED
5551.61,21,21.43003469033353,1,AXIS,@phonepe,DUPLICATE_TRANSACTION
23855.08,10,85.47861085593587,0,AXIS,@phonepe,BENEFICIARY_NOT_CREDITED
60215.32,16,92.19505782948966,0,HDFC,@ybl,BENEFICIARY_NOT_CREDITED
951.13,8,9.042253770992467,0,ICICI,@ybl,TECHNICAL_DECLINE
19741.1,16,84.81165457265237,0,BOB,@phonepe,TRANSACTION_TIMEOUT
97817.95,14,109.27010144181824,0,SBI,@phonepe,BENEFICIARY_NOT_CREDITED
1295.64,15,4.330442551257532,0,HDFC,@upi,TECHNICAL_DECLINE
14978.77,1,141.7950207018904,0,HDFC,@upi,TRANSACTION_TIMEOUT
1244.14,20,3.4754526784997832,1,PNB,@paytm,DUPLICATE_TRANSACTION
7682.26,17,16.958720237074637,1,HDFC,@phonepe,DUPLICATE_TRANSACTION
2173.83,9,19.3484374446921,1,SBI,@upi,DUPLICATE_TRANSACTION
11655.66,8,50.794747841066375,0,HDFC,@paytm,TRANSACTION_TIMEOUT
40867.69,10,149.07151315525485,0,PNB,@gpay,BENEFICIARY_NOT_CREDITED
3336.07,8,20.380979049672796,1,AXIS,@gpay,DUPLICATE_TRANSACTION
8113.58,14,1.30940521119396,1,KOTAK,@gpay,DUPLICATE_TRANSACTION
49485.65,23,19.89558423603033,0,BOB,@ybl,WRONG_DEBIT
16773.8,7,83.12762261762953,0,AXIS,@paytm,TRANSACTION_TIMEOUT
5722.25,17,160.22367941647252,0,ICICI,@paytm,BENEFICIARY_NOT_CREDITED
3283.95,2,49.75903994082824,0,HDFC,@okaxis,WRONG_DEBIT
1546.01,14,11.05488733099147,0,SBI,@paytm,TECHNICAL_DECLINE
76359.77,18,112.20157044643327,0,KOTAK,@phonepe,BENEFICIARY_NOT_CREDITED
27748.57,19,64.51108130143658,0,HDFC,@paytm,WRONG_DEBIT
41600.4,16,134.25344662394536,0,ICICI,@upi,BENEFICIARY_NOT_CREDITED
16151.12,15,167.62335801656377,0,SBI,@okaxis,BENEFICIARY_NOT_CREDITED
9159.31,15,40.85140650251778,0,ICICI,@phonepe,BENEFICIARY_NOT_CREDITED
12066.42,0,10.805210729881466,0,ICICI,@okaxis,WRONG_DEBIT
9630.85,3,56.257015320074316,0,AXIS,@phonepe,TRANSACTION_TIMEOUT
531.87,9,136.3301664700855,0,ICICI,@phonepe,TRANSACTION_TIMEOUT
8861.98,9,60.33530626425502,0,SBI,@okaxis,TRANSACTION_TIMEOUT
18423.7,2,35.88305050338382,0,ICICI,@gpay,WRONG_DEBIT
7162.21,21,16.374469153412253,1,KOTAK,@ybl,DUPLICATE_TRANSACTION
16739.86,10,53.75671253350534,0,AXIS,@okaxis,BENEFICIARY_NOT_CREDITED
3545.39,16,7.13731114332797,0,PNB,@paytm,TECHNICAL_DECLINE
16331.87,17,179.0037507853636,0,HDFC,@ybl,TRANSACTION_TIMEOUT
15930.7,3,6.740371978296132,0,SBI,@gpay,WRONG_DEBIT
12042.95,13,118.18704056439067,0,KOTAK,@phonepe,BENEFICIARY_NOT_CREDITED
88740.2,15,74.41327090718744,0,HDFC,@upi,BENEFICIARY_NOT_CREDITED
4492.32,22,17.785730207555826,1,BOB,@upi,DUPLICATE_TRANSACTION
9694.61,9,114.95966253763287,0,AXIS,@okaxis,BENEFICIARY_NOT_CREDITED
31371.4,14,110.32722863506748,0,KOTAK,@phonepe,BENEFICIARY_NOT_CREDITED
14831.51,0,77.19254403288124,0,HDFC,@paytm,TRANSACTION_TIMEOUT
46663.66,12,63.57116509420915,0,HDFC,@ybl,WRONG_DEBIT
19408.93,6,46.81809186288971,0,HDFC,@paytm,WRONG_DEBIT
33637.95,14,15.351636993308077,0,ICICI,@paytm,WRONG_DEBIT
3194.18,20,1.054174970544313,0,ICICI,@paytm,TECHNICAL_DECLINE
9651.62,15,14.09115160358202,1,SBI,@ybl,DUPLICATE_TRANSACTION
1715.43,10,96.14597618325634,0,PNB,@upi,BENEFICIARY_NOT_CREDITED
29431.56,11,131.4514517307387,0,PNB,@paytm,BENEFICIARY_NOT_CREDITED
11103.81,4,177.4736629442722,0,HDFC,@paytm,TRANSACTION_TIMEOUT
17414.38,6,89.22766145966844,0,PNB,@gpay,TRANSACTION_TIMEOUT
96059.19,10,140.64805518382394,0,SBI,@ybl,BENEFICIARY_NOT_CREDITED
87826.19,15,158.4190202422081,0,ICICI,@phonepe,BENEFICIARY_NOT_CREDITED
814.69,7,11.427982077863112,0,HDFC,@upi,TECHNICAL_DECLINE
17901.66,9,67.19698697951621,0,HDFC,@paytm,TRANSACTION_TIMEOUT
18419.25,8,108.85036838301829,0,ICICI,@okaxis,TRANSACTION_TIMEOUT
4063.85,3,7.53496238902449,0,SBI,@okaxis,TECHNICAL_DECLINE
2456.85,22,16.546670870048306,1,AXIS,@phonepe,DUPLICATE_TRANSACTION
739.83,20,11.885917118780188,1,AXIS,@phonepe,DUPLICATE_TRANSACTION
19238.33,12,17.457770184247384,0,AXIS,@phonepe,BENEFICIARY_NOT_CREDITED
3983.3,0,5.161777588760797,0,BOB,@phonepe,TECHNICAL_DECLINE
10788.32,12,80.45944608544376,0,PNB,@paytm,BENEFICIARY_NOT_CREDITED
6454.42,12,15.37841703151916,1,PNB,@gpay,DUPLICATE_TRANSACTION
37870.02,0,68.14649578734023,0,KOTAK,@okaxis,WRONG_DEBIT
31984.82,17,30.832948338355042,0,BOB,@upi,WRONG_DEBIT
45560.48,15,9.936677013460326,0,KOTAK,@okaxis,BENEFICIARY_NOT_CREDITED
9840.87,12,2.555465822607202,1,PNB,@phonepe,DUPLICATE_TRANSACTION
64053.21,16,52.175781443080965,0,AXIS,@gpay,BENEFICIARY_NOT_CREDITED
2747.9,11,8.906866011451992,1,PNB,@upi,DUPLICATE_TRANSACTION
2397.11,13,9.108677441148306,0,AXIS,@paytm,TECHNICAL_DECLINE
33276.2,16,55.56708724750625,0,ICICI,@phonepe,WRONG_DEBIT
857.38,20,20.201581603715518,1,AXIS,@phonepe,DUPLICATE_TRANSACTION
12780.24,0,57.251719538663664,0,ICICI,@ybl,WRONG_DEBIT
4222.06,23,8.32142607361413,0,SBI,@okaxis,WRONG_DEBIT
11184.48,22,116.0486655297665,0,PNB,@paytm,TRANSACTION_TIMEOUT
1856.5,18,0.2549534732893384,0,PNB,@upi,TECHNICAL_DECLINE
3734.68,14,81.67646884861601,0,KOTAK,@gpay,BENEFICIARY_NOT_CREDITED
430.36,8,5.362951016121043,0,ICICI,@ybl,TECHNICAL_DECLINE
10156.0,12,191.84158884908587,0,PNB,@okaxis,TRANSACTION_TIMEOUT
3212.02,5,3.456241346326299,0,AXIS,@upi,TECHNICAL_DECLINE
4610.23,11,62.05217077879168,0,HDFC,@upi,WRONG_DEBIT
3632.29,15,125.94553513977142,0,KOTAK,@paytm,TRANSACTION_TIMEOUT
4887.67,23,8.941532640707107,0,HDFC,@ybl,TECHNICAL_DECLINE
4015.39,2,9.145659696108533,0,ICICI,@upi,TECHNICAL_DECLINE
23071.46,18,23.92107381964217,0,ICICI,@okaxis,WRONG_DEBIT
7807.22,22,3.844572760403266,1,ICICI,@paytm,DUPLICATE_TRANSACTION
3360.3,15,11.960860515297055,1,SBI,@paytm,DUPLICATE_TRANSACTION
5239.12,13,22.628997043967573,1,AXIS,@paytm,DUPLICATE_TRANSACTION
3579.78,14,154.29419786968327,0,SBI,@paytm,TRANSACTION_TIMEOUT
2864.76,10,11.92332130420981,1,PNB,@ybl,DUPLICATE_TRANSACTION
1525.34,13,15.613394646387896,1,ICICI,@upi,DUPLICATE_TRANSACTION
17272.06,5,186.0466901602043,0,HDFC,@upi,TRANSACTION_TIMEOUT
72381.72,9,102.73665551237258,0,ICICI,@paytm,BENEFICIARY_NOT_CREDITED
11918.98,15,87.65740800659258,0,SBI,@upi,TRANSACTION_TIMEOUT
2331.19,19,8.50690945533902,0,SBI,@gpay,TECHNICAL_DECLINE
5516.22,14,167.39460612548905,0,ICICI,@upi,BENEFICIARY_NOT_CREDITED
23009.39,9,145.20707389664864,0,KOTAK,@phonepe,BENEFICIARY_NOT_CREDITED
69064.17,17,83.11329982101795,0,KOTAK,@upi,BENEFICIARY_NOT_CREDITED
1196.31,9,8.056871007415882,0,ICICI,@ybl,TECHNICAL_DECLINE
4657.29,13,10.891956594400785,1,ICICI,@okaxis,DUPLICATE_TRANSACTION
21171.55,21,56.511030384320776,0,HDFC,@gpay,WRONG_DEBIT
828.08,7,3.8474345597924664,0,HDFC,@upi,TECHNICAL_DECLINE
12045.05,6,3.652190265783225,0,HDFC,@ybl,WRONG_DEBIT
19178.52,9,30.746051393688585,0,SBI,@ybl,BENEFICIARY_NOT_CREDITED
1466.71,16,9.987426171558766,0,BOB,@phonepe,TECHNICAL_DECLINE
8609.48,4,59.23986682674664,0,ICICI,@gpay,WRONG_DEBIT
8575.41,22,0.801121036597948,1,AXIS,@gpay,DUPLICATE_TRANSACTION
3787.78,22,10.32127724337548,0,AXIS,@paytm,TECHNICAL_DECLINE
1591.59,18,9.971596047320734,0,HDFC,@gpay,TECHNICAL_DECLINE
337.56,16,196.19164512824455,0,KOTAK,@ybl,TRANSACTION_TIMEOUT
1105.0,19,2.033471893420261,0,ICICI,@paytm,TECHNICAL_DECLINE
16333.58,23,132.19175431312743,0,ICICI,@ybl,TRANSACTION_TIMEOUT
25841.63,19,71.67698897644124,0,KOTAK,@gpay,WRONG_DEBIT
1445.36,3,142.93844273125035,0,HDFC,@ybl,TRANSACTION_TIMEOUT
1577.82,22,7.182815779250673,0,KOTAK,@gpay,TECHNICAL_DECLINE
115.26,14,7.655392820683677,0,PNB,@ybl,TECHNICAL_DECLINE
5482.92,9,5.3599694597072745,1,ICICI,@ybl,DUPLICATE_TRANSACTION
33590.05,18,19.1939506865261,0,ICICI,@phonepe,WRONG_DEBIT
31659.39,9,74.41674439613331,0,AXIS,@paytm,BENEFICIARY_NOT_CREDITED
16111.56,7,66.11169470576597,0,SBI,@upi,WRONG_DEBIT
2642.04,6,11.006633186084116,0,KOTAK,@upi,TECHNICAL_DECLINE
33390.09,16,1.9752166277018537,0,KOTAK,@gpay,WRONG_DEBIT
3294.36,7,6.209692954340493,0,SBI,@paytm,TECHNICAL_DECLINE
7318.68,16,6.727978973177922,1,AXIS,@okaxis,DUPLICATE_TRANSACTION
3842.46,10,6.185342474549503,0,PNB,@phonepe,TECHNICAL_DECLINE
4698.52,13,10.22804649534425,1,SBI,@paytm,DUPLICATE_TRANSACTION
88483.06,12,37.13293014589951,0,HDFC,@ybl,BENEFICIARY_NOT_CREDITED
19128.15,13,49.036544264871814,0,AXIS,@paytm,WRONG_DEBIT
4341.97,7,61.77282732114285,0,KOTAK,@paytm,TRANSACTION_TIMEOUT
13969.54,3,198.3596949158867,0,KOTAK,@phonepe,TRANSACTION_TIMEOUT
74484.54,9,100.36000569834398,0,AXIS,@gpay,BENEFICIARY_NOT_CREDITED
42067.07,8,49.33287748775784,0,ICICI,@ybl,WRONG_DEBIT
12493.1,14,49.28003649146457,0,ICICI,@ybl,TRANSACTION_TIMEOUT
3192.02,6,0.32977870829421185,0,HDFC,@okaxis,TECHNICAL_DECLINE
771.92,1,10.753873856178016,0,SBI,@phonepe,TECHNICAL_DECLINE
734.99,15,1.7265651947067022,0,HDFC,@ybl,TECHNICAL_DECLINE
8298.44,15,23.370581691164844,1,SBI,@gpay,DUPLICATE_TRANSACTION
43444.11,13,156.59016638887195,0,ICICI,@gpay,BENEFICIARY_NOT_CREDITED
87968.28,14,11.123517723513901,0,AXIS,@phonepe,BENEFICIARY_NOT_CREDITED
5797.78,17,0.5778594616571571,1,PNB,@gpay,DUPLICATE_TRANSACTION
16160.66,14,142.88929546350118,0,HDFC,@gpay,TRANSACTION_TIMEOUT
40740.8,5,65.26982146956827,0,PNB,@upi,WRONG_DEBIT
31107.78,15,39.508781511445996,0,PNB,@okaxis,WRONG_DEBIT
42370.59,10,50.06328426466779,0,PNB,@phonepe,WRONG_DEBIT
46027.62,17,7.107555932720415,0,KOTAK,@ybl,WRONG_DEBIT
4312.53,23,3.1566451440166823,0,SBI,@ybl,TECHNICAL_DECLINE
95170.46,16,167.81592734512816,0,PNB,@upi,BENEFICIARY_NOT_CREDITED
3920.98,23,5.367152297217242,0,SBI,@gpay,TECHNICAL_DECLINE
48489.67,8,3.9982933008029855,0,PNB,@phonepe,WRONG_DEBIT
48689.87,11,66.47333444443761,0,PNB,@phonepe,WRONG_DEBIT
9738.47,8,49.46220378372395,0,BOB,@gpay,TRANSACTION_TIMEOUT
5940.46,12,46.511180429800184,0,BOB,@phonepe,WRONG_DEBIT
3707.98,21,2.912812832185777,0,HDFC,@paytm,TECHNICAL_DECLINE
8854.21,21,15.064102663714579,1,SBI,@paytm,DUPLICATE_TRANSACTION
73903.82,17,9.711264600820499,0,PNB,@ybl,BENEFICIARY_NOT_CREDITED
28588.47,8,56.40681469838464,0,SBI,@ybl,WRONG_DEBIT
31278.26,13,1.9280837777079523,0,HDFC,@paytm,BENEFICIARY_NOT_CREDITED
44484.05,1,1.6198977611064063,0,PNB,@ybl,WRONG_DEBIT
85000.85,13,105.08610882720093,0,AXIS,@okaxis,BENEFICIARY_NOT_CREDITED
3027.34,16,19.433488626608817,1,SBI,@gpay,DUPLICATE_TRANSACTION
40925.67,13,166.91837723176974,0,KOTAK,@okaxis,BENEFICIARY_NOT_CREDITED
795.65,9,4.755784787982609,0,ICICI,@phonepe,TECHNICAL_DECLINE
8498.83,2,194.8607696685735,0,KOTAK,@paytm,TRANSACTION_TIMEOUT
12088.52,23,60.026221257112084,0,KOTAK,@paytm,TRANSACTION_TIMEOUT
6709.12,9,19.02287485857505,1,AXIS,@phonepe,DUPLICATE_TRANSACTION
6844.51,13,1.4370790523659283,1,PNB,@paytm,DUPLICATE_TRANSACTION
56831.34,18,4.756775136903036,0,ICICI,@paytm,BENEFICIARY_NOT_CREDITED
94038.29,16,145.95902841520487,0,BOB,@paytm,BENEFICIARY_NOT_CREDITED
5208.78,20,113.79132020422762,0,SBI,@ybl,TRANSACTION_TIMEOUT
17149.45,23,148.51820459117323,0,ICICI,@paytm,TRANSACTION_TIMEOUT
34569.98,7,55.93632843535574,0,ICICI,@upi,WRONG_DEBIT
1304.23,15,9.648013556923257,1,HDFC,@gpay,DUPLICATE_TRANSACTION
31075.27,15,17.639913588913046,0,KOTAK,@phonepe,BENEFICIARY_NOT_CREDITED
28167.34,18,71.04319948134584,0,SBI,@upi,BENEFICIARY_NOT_CREDITED
3074.0,5,3.015542657659994,0,SBI,@paytm,TECHNICAL_DECLINE
1216.86,16,10.736783335147344,0,HDFC,@paytm,TECHNICAL_DECLINE
8653.07,18,3.0478849897127542,1,PNB,@upi,DUPLICATE_TRANSACTION
76858.67,18,137.44246265746838,0,ICICI,@okaxis,BENEFICIARY_NOT_CREDITED
14988.51,10,196.82821702475556,0,HDFC,@upi,TRANSACTION_TIMEOUT
91587.13,13,163.2253211554551,0,KOTAK,@phonepe,BENEFICIARY_NOT_CREDITED
44464.61,18,47.55956892882734,0,AXIS,@phonepe,WRONG_DEBIT
1349.84,12,2.815530349192259,0,BOB,@okaxis,TECHNICAL_DECLINE
6479.17,12,13.448397649786013,1,BOB,@okaxis,DUPLICATE_TRANSACTION
11246.98,20,193.55045503707086,0,BOB,@gpay,TRANSACTION_TIMEOUT
8006.21,20,150.38314481409466,0,AXIS,@ybl,TRANSACTION_TIMEOUT
85443.21,16,155.51395588640048,0,AXIS,@okaxis,BENEFICIARY_NOT_CREDITED
16149.29,8,61.665777047404084,0,SBI,@paytm,WRONG_DEBIT
588.12,17,5.454941611524162,0,AXIS,@gpay,TECHNICAL_DECLINE
2901.08,9,5.298478910495376,0,BOB,@ybl,TECHNICAL_DECLINE
8559.55,12,162.53952766001603,0,PNB,@okaxis,TRANSACTION_TIMEOUT
29457.54,19,13.660313430258707,0,SBI,@gpay,WRONG_DEBIT
16788.21,4,100.06175958874525,0,PNB,@upi,TRANSACTION_TIMEOUT
1131.91,14,5.2227411447171495,0,KOTAK,@ybl,TECHNICAL_DECLINE
26594.27,11,30.273139760984364,0,BOB,@ybl,WRONG_DEBIT
57728.61,9,105.93456943024877,0,BOB,@upi,BENEFICIARY_NOT_CREDITED
14699.81,6,169.0685408073578,0,PNB,@okaxis,TRANSACTION_TIMEOUT
9750.24,21,94.05766393296143,0,SBI,@ybl,TRANSACTION_TIMEOUT
19322.85,3,89.29714445155534,0,SBI,@ybl,TRANSACTION_TIMEOUT
18898.34,1,68.48491855955142,0,SBI,@upi,TRANSACTION_TIMEOUT
34890.88,11,26.53400800611972,0,SBI,@phonepe,WRONG_DEBIT
1482.65,20,9.968685309669874,0,KOTAK,@upi,TECHNICAL_DECLINE
4402.49,10,5.4994913767793,0,SBI,@gpay,TECHNICAL_DECLINE
39249.55,12,82.9321160178051,0,SBI,@upi,BENEFICIARY_NOT_CREDITED
1418.53,10,8.790754467561436,0,PNB,@upi,TECHNICAL_DECLINE
7868.49,21,110.32006990909052,0,ICICI,@phonepe,TRANSACTION_TIMEOUT
97170.15,9,119.33324845196253,0,SBI,@paytm,BENEFICIARY_NOT_CREDITED
4502.64,6,9.364163429426942,0,PNB,@ybl,TECHNICAL_DECLINE
4757.17,19,11.2835798497333,1,KOTAK,@upi,DUPLICATE_TRANSACTION
4800.55,17,7.847633005187169,1,KOTAK,@okaxis,DUPLICATE_TRANSACTION
1297.81,22,132.4090248966399,0,SBI,@gpay,TRANSACTION_TIMEOUT
16356.44,0,83.68280039937608,0,AXIS,@okaxis,TRANSACTION_TIMEOUT
252.45,20,2.2488058606864323,0,AXIS,@ybl,TECHNICAL_DECLINE
26788.19,11,108.11795350198636,0,BOB,@okaxis,BENEFICIARY_NOT_CREDITED
20056.33,14,8.71260544998717,0,AXIS,@okaxis,BENEFICIARY_NOT_CREDITED
16059.16,13,101.94284029333289,0,AXIS,@ybl,TRANSACTION_TIMEOUT
13647.19,8,69.2141054442928,0,AXIS,@paytm,TRANSACTION_TIMEOUT
19875.63,18,199.2363122837521,0,KOTAK,@paytm,TRANSACTION_TIMEOUT
3941.59,21,113.10569924455264,0,SBI,@paytm,TRANSACTION_TIMEOUT
16076.06,10,140.3224740828697,0,SBI,@paytm,TRANSACTION_TIMEOUT
19471.04,2,25.105187466372577,0,KOTAK,@ybl,WRONG_DEBIT
403.69,19,6.115497005753856,0,ICICI,@paytm,TECHNICAL_DECLINE
13430.82,0,127.63064641969989,0,ICICI,@gpay,TRANSACTION_TIMEOUT
82570.33,18,4.069914524383764,0,ICICI,@ybl,BENEFICIARY_NOT_CREDITED
23553.99,15,96.89444771182923,0,PNB,@gpay,BENEFICIARY_NOT_CREDITED
62540.02,10,93.21751646422891,0,HDFC,@upi,BENEFICIARY_NOT_CREDITED
13487.54,20,101.57364536791471,0,KOTAK,@okaxis,TRANSACTION_TIMEOUT
5987.38,22,12.567190238908973,0,BOB,@phonepe,WRONG_DEBIT
18032.12,1,85.58614583583204,0,HDFC,@okaxis,TRANSACTION_TIMEOUT
5577.65,17,21.73631949921226,1,SBI,@ybl,DUPLICATE_TRANSACTION
59217.29,10,164.20655490243584,0,PNB,@gpay,BENEFICIARY_NOT_CREDITED
40505.06,7,40.527535457754865,0,PNB,@paytm,WRONG_DEBIT
60472.39,15,165.30524282292268,0,PNB,@ybl,BENEFICIARY_NOT_CREDITED
1343.66,6,6.88749870188049,0,SBI,@gpay,TECHNICAL_DECLINE
3410.76,23,5.780054064742933,0,BOB,@upi,TECHNICAL_DECLINE
88718.18,17,84.65180845621904,0,AXIS,@gpay,BENEFICIARY_NOT_CREDITED
14418.17,7,94.58665120174632,0,KOTAK,@upi,TRANSACTION_TIMEOUT
5844.22,12,2.624686437257642,0,PNB,@gpay,BENEFICIARY_NOT_CREDITED
9550.47,4,151.93523919969257,0,HDFC,@ybl,TRANSACTION_TIMEOUT
1101.31,2,4.812373562906699,0,SBI,@paytm,TECHNICAL_DECLINE
35573.78,11,71.89460428108933,0,KOTAK,@okaxis,BENEFICIARY_NOT_CREDITED
2851.42,21,15.711209470096989,1,SBI,@upi,DUPLICATE_TRANSACTION
1305.8,14,1.7229958529390381,0,KOTAK,@upi,TECHNICAL_DECLINE
15269.69,15,137.55592726564447,0,ICICI,@upi,TRANSACTION_TIMEOUT
4410.47,16,6.832746758948055,0,SBI,@okaxis,TECHNICAL_DECLINE
40086.7,16,69.66165524278877,0,AXIS,@gpay,WRONG_DEBIT
2489.21,8,5.974361102740707,0,KOTAK,@ybl,TECHNICAL_DECLINE
508.98,9,0.2161440649432138,0,AXIS,@upi,TECHNICAL_DECLINE
6008.4,21,14.890291206335611,1,BOB,@ybl,DUPLICATE_TRANSACTION
18672.78,13,17.755433620441732,0,SBI,@ybl,BENEFICIARY_NOT_CREDITED
835.66,16,1.2046943558559757,1,HDFC,@phonepe,DUPLICATE_TRANSACTION
13267.24,22,64.49881840178745,0,AXIS,@paytm,WRONG_DEBIT
438.4,19,9.307101113004128,0,SBI,@gpay,TECHNICAL_DECLINE
4618.27,22,4.320777908980827,1,SBI,@ybl,DUPLICATE_TRANSACTION
4623.5,9,7.443886166422761,0,ICICI,@phonepe,TECHNICAL_DECLINE
3481.44,18,35.98872266557268,0,ICICI,@paytm,BENEFICIARY_NOT_CREDITED
1614.49,3,51.78786974607088,0,KOTAK,@phonepe,WRONG_DEBIT
39868.87,12,160.3834441093515,0,HDFC,@gpay,BENEFICIARY_NOT_CREDITED
1244.98,1,158.03271438179672,0,PNB,@paytm,TRANSACTION_TIMEOUT
5577.12,6,62.025878202832736,0,AXIS,@phonepe,TRANSACTION_TIMEOUT
19036.34,15,199.83673849291375,0,HDFC,@gpay,TRANSACTION_TIMEOUT
35311.6,22,71.87227374190894,0,BOB,@ybl,WRONG_DEBIT
4586.13,11,20.01163058201635,1,AXIS,@upi,DUPLICATE_TRANSACTION
4263.03,0,7.034878310248833,0,SBI,@okaxis,WRONG_DEBIT
4195.94,9,19.850065970223966,1,KOTAK,@okaxis,DUPLICATE_TRANSACTION
9201.46,10,22.783124815101857,1,PNB,@phonepe,DUPLICATE_TRANSACTION
49142.99,13,5.568877034094615,0,KOTAK,@ybl,WRONG_DEBIT
27357.42,18,72.20146728852339,0,AXIS,@paytm,BENEFICIARY_NOT_CREDITED
9163.94,13,20.524141803683356,1,SBI,@gpay,DUPLICATE_TRANSACTION
54477.3,9,140.3680923448261,0,BOB,@ybl,BENEFICIARY_NOT_CREDITED
3300.81,17,51.20785627846454,0,HDFC,@paytm,WRONG_DEBIT
34226.7,10,150.32889898675492,0,PNB,@gpay,BENEFICIARY_NOT_CREDITED
35415.81,18,67.94842529009591,0,KOTAK,@upi,WRONG_DEBIT
1256.55,4,121.25169269552563,0,KOTAK,@gpay,TRANSACTION_TIMEOUT
79770.77,16,167.44721527360932,0,KOTAK,@ybl,BENEFICIARY_NOT_CREDITED
1088.74,10,87.01361312524001,0,KOTAK,@phonepe,TRANSACTION_TIMEOUT
3078.42,15,101.19050432183553,0,BOB,@phonepe,TRANSACTION_TIMEOUT
1876.68,14,20.757940339017924,1,BOB,@paytm,DUPLICATE_TRANSACTION
11854.19,8,148.7645732865977,0,PNB,@okaxis,TRANSACTION_TIMEOUT
15161.74,23,163.53238286665103,0,SBI,@phonepe,TRANSACTION_TIMEOUT
36962.63,5,35.90228807893872,0,AXIS,@paytm,WRONG_DEBIT
15075.45,17,59.56828618637491,0,HDFC,@ybl,WRONG_DEBIT
18517.79,17,1.5164104417116855,0,HDFC,@okaxis,WRONG_DEBIT
13456.17,10,101.82638617153617,0,AXIS,@paytm,TRANSACTION_TIMEOUT
934.98,15,8.856202711022075,0,AXIS,@phonepe,TECHNICAL_DECLINE
13206.39,23,20.857829917828848,0,SBI,@phonepe,WRONG_DEBIT
6278.9,22,6.253845649794345,1,ICICI,@upi,DUPLICATE_TRANSACTION
9924.34,20,50.8549117488063,0,KOTAK,@paytm,TRANSACTION_TIMEOUT
84880.88,10,55.84382767823548,0,HDFC,@gpay,BENEFICIARY_NOT_CREDITED
13414.72,21,111.08774379548629,0,BOB,@gpay,TRANSACTION_TIMEOUT
10245.97,19,191.99962621242327,0,AXIS,@paytm,TRANSACTION_TIMEOUT
14726.47,10,69.63375315948122,0,KOTAK,@upi,BENEFICIARY_NOT_CREDITED
670.35,4,10.489170483336238,0,HDFC,@ybl,TECHNICAL_DECLINE
13223.36,2,114.74904962862988,0,HDFC,@paytm,TRANSACTION_TIMEOUT
10744.01,8,81.43440014676925,0,SBI,@okaxis,TRANSACTION_TIMEOUT
3167.81,7,138.5871980915382,0,PNB,@ybl,TRANSACTION_TIMEOUT
8281.22,3,151.84190660119407,0,SBI,@phonepe,TRANSACTION_TIMEOUT
43290.77,2,23.216114422072664,0,HDFC,@ybl,WRONG_DEBIT
376.66,22,174.42035863062677,0,AXIS,@phonepe,TRANSACTION_TIMEOUT
35546.9,17,63.40159428439734,0,HDFC,@ybl,WRONG_DEBIT
11116.58,5,125.04937186211464,0,SBI,@phonepe,TRANSACTION_TIMEOUT
8792.34,16,143.02007270634115,0,AXIS,@ybl,TRANSACTION_TIMEOUT
21730.08,15,9.44834126189528,0,HDFC,@okaxis,WRONG_DEBIT
8003.97,10,13.277609245727646,1,ICICI,@phonepe,DUPLICATE_TRANSACTION
4334.26,8,2.463619709969148,0,PNB,@okaxis,TECHNICAL_DECLINE
1196.37,10,10.859401873121492,1,ICICI,@upi,DUPLICATE_TRANSACTION
62404.88,17,38.082009939689904,0,AXIS,@ybl,BENEFICIARY_NOT_CREDITED
78621.99,9,150.5163052341903,0,PNB,@okaxis,BENEFICIARY_NOT_CREDITED
8611.84,1,24.861062010352452,0,KOTAK,@phonepe,WRONG_DEBIT
68963.34,15,99.67987603443787,0,BOB,@okaxis,BENEFICIARY_NOT_CREDITED
243.36,5,8.054076144773505,0,ICICI,@phonepe,TECHNICAL_DECLINE
15972.19,1,128.88178677006908,0,AXIS,@paytm,TRANSACTION_TIMEOUT
42998.86,17,2.7577282988129177,0,SBI,@ybl,WRONG_DEBIT
39627.14,12,62.999613573574294,0,ICICI,@upi,WRONG_DEBIT
36787.7,12,51.71543074659227,0,AXIS,@paytm,WRONG_DEBIT
9025.13,22,8.089223853180702,1,SBI,@okaxis,DUPLICATE_TRANSACTION
15970.18,12,31.54403055257182,0,AXIS,@paytm,WRONG_DEBIT
14135.11,4,197.3496519850654,0,AXIS,@phonepe,TRANSACTION_TIMEOUT
4312.29,23,2.314347927489315,0,BOB,@paytm,TECHNICAL_DECLINE
7827.43,11,23.539616679261712,1,AXIS,@okaxis,DUPLICATE_TRANSACTION
3841.35,4,171.02648408124753,0,KOTAK,@gpay,TRANSACTION_TIMEOUT
3329.65,12,8.630083688378438,1,BOB,@okaxis,DUPLICATE_TRANSACTION
19421.8,8,1.3205757446758213,0,AXIS,@okaxis,WRONG_DEBIT
16405.67,20,179.0381935011189,0,AXIS,@paytm,TRANSACTION_TIMEOUT
4582.36,20,10.665342475847112,0,HDFC,@paytm,TECHNICAL_DECLINE
32022.12,13,28.044714147062244,0,KOTAK,@phonepe,WRONG_DEBIT
1507.26,7,10.21980050607058,0,BOB,@okaxis,TECHNICAL_DECLINE
9551.09,20,0.13957952439544474,1,AXIS,@paytm,DUPLICATE_TRANSACTION
7045.47,13,20.076996919531865,1,PNB,@ybl,DUPLICATE_TRANSACTION
35475.12,19,50.134520451623615,0,PNB,@ybl,WRONG_DEBIT
19252.27,18,62.07861123335839,0,PNB,@gpay,WRONG_DEBIT
7521.96,0,91.26345124068314,0,AXIS,@okaxis,TRANSACTION_TIMEOUT
31809.08,10,53.82551294505934,0,BOB,@gpay,WRONG_DEBIT
13213.95,0,9.10715397579433,0,PNB,@okaxis,WRONG_DEBIT
215.64,14,5.105434053798199,0,SBI,@paytm,TECHNICAL_DECLINE
143.39,20,1.146361885185537,1,PNB,@paytm,DUPLICATE_TRANSACTION
44761.66,17,66.78793087947894,0,SBI,@ybl,WRONG_DEBIT
30228.84,12,151.7848436499637,0,KOTAK,@paytm,BENEFICIARY_NOT_CREDITED
1485.47,15,3.6894823930586917,0,AXIS,@gpay,TECHNICAL_DECLINE
906.59,10,9.40868523740786,0,AXIS,@gpay,TECHNICAL_DECLINE
31816.01,11,3.1956583698494714,0,PNB,@gpay,BENEFICIARY_NOT_CREDITED
1867.57,10,10.106541249435606,0,HDFC,@paytm,TECHNICAL_DECLINE
3361.81,12,11.234760775677088,1,HDFC,@ybl,DUPLICATE_TRANSACTION
2599.71,21,9.12923142137787,0,BOB,@phonepe,TECHNICAL_DECLINE
36005.74,3,14.995018234877202,0,BOB,@okaxis,WRONG_DEBIT
43874.31,20,19.240792619594288,0,KOTAK,@paytm,WRONG_DEBIT
74991.42,13,18.00536349593334,0,HDFC,@upi,BENEFICIARY_NOT_CREDITED
24681.41,20,66.60196747633408,0,SBI,@upi,WRONG_DEBIT
7240.68,15,97.93969571455659,0,BOB,@gpay,BENEFICIARY_NOT_CREDITED
8041.96,10,11.347725821822731,1,PNB,@okaxis,DUPLICATE_TRANSACTION
7867.48,14,13.482129616453339,1,KOTAK,@phonepe,DUPLICATE_TRANSACTION
4599.91,14,175.27947185178306,0,ICICI,@paytm,TRANSACTION_TIMEOUT
4684.8,21,4.435590700343315,0,BOB,@gpay,TECHNICAL_DECLINE
337.34,1,4.40361056442047,0,ICICI,@ybl,TECHNICAL_DECLINE
22003.01,4,21.720202890929063,0,BOB,@paytm,WRONG_DEBIT
4824.1,17,20.287636094762775,1,KOTAK,@paytm,DUPLICATE_TRANSACTION
6487.29,16,23.723157730239897,1,HDFC,@okaxis,DUPLICATE_TRANSACTION
8946.51,14,13.886459699958191,1,BOB,@gpay,DUPLICATE_TRANSACTION
6019.86,13,101.19155036698538,0,PNB,@gpay,TRANSACTION_TIMEOUT
32923.59,23,69.74845253444049,0,PNB,@okaxis,WRONG_DEBIT
37596.84,15,93.17119658012055,0,HDFC,@phonepe,BENEFICIARY_NOT_CREDITED
37731.96,18,23.012249346381243,0,HDFC,@phonepe,WRONG_DEBIT
14054.68,20,189.22119311076108,0,HDFC,@okaxis,TRANSACTION_TIMEOUT
12385.65,18,120.79631290857455,0,AXIS,@gpay,TRANSACTION_TIMEOUT
9759.74,20,1.1128413907398729,1,ICICI,@paytm,DUPLICATE_TRANSACTION
15987.63,12,41.19290930599282,0,ICICI,@upi,BENEFICIARY_NOT_CREDITED
2673.25,7,1.243737071282983,0,KOTAK,@ybl,TECHNICAL_DECLINE
38448.96,10,1.9508176145101128,0,PNB,@upi,WRONG_DEBIT
5007.03,12,0.13842577175810433,1,BOB,@phonepe,DUPLICATE_TRANSACTION
7770.35,16,22.005764264258723,1,AXIS,@ybl,DUPLICATE_TRANSACTION
1585.74,1,9.741367176143342,0,PNB,@gpay,TECHNICAL_DECLINE
952.21,5,118.54453831762582,0,AXIS,@upi,TRANSACTION_TIMEOUT
3069.28,13,2.430446989535652,0,KOTAK,@paytm,TECHNICAL_DECLINE
20913.3,16,33.31984797489595,0,HDFC,@okaxis,BENEFICIARY_NOT_CREDITED
4882.9,4,2.4149686565912307,0,BOB,@paytm,TECHNICAL_DECLINE
2355.93,2,7.304469805700396,0,KOTAK,@okaxis,TECHNICAL_DECLINE
3016.59,15,1.209021025461789,1,PNB,@ybl,DUPLICATE_TRANSACTION
10377.92,15,24.147643330843795,0,HDFC,@okaxis,BENEFICIARY_NOT_CREDITED
3335.12,20,9.953683278076541,0,AXIS,@gpay,TECHNICAL_DECLINE
9261.85,21,74.42777810122021,0,PNB,@upi,TRANSACTION_TIMEOUT
43980.04,17,68.21524406467807,0,AXIS,@paytm,WRONG_DEBIT
18982.24,12,61.453393646135524,0,KOTAK,@upi,WRONG_DEBIT
410.15,5,5.83612351906241,0,HDFC,@phonepe,TECHNICAL_DECLINE
3757.9,16,16.127630579398737,1,AXIS,@phonepe,DUPLICATE_TRANSACTION
4651.61,13,6.551178733370506,0,HDFC,@upi,TECHNICAL_DECLINE
11975.98,5,143.95699026728943,0,HDFC,@upi,TRANSACTION_TIMEOUT
3087.26,14,11.920846903726838,0,AXIS,@paytm,TECHNICAL_DECLINE
1320.78,16,1.4949198122929115,1,ICICI,@phonepe,DUPLICATE_TRANSACTION
3651.91,19,6.552820525835491,0,BOB,@phonepe,TECHNICAL_DECLINE
26112.46,17,165.67510397107162,0,KOTAK,@okaxis,BENEFICIARY_NOT_CREDITED
47211.73,8,64.61142823092324,0,KOTAK,@gpay,WRONG_DEBIT
2624.28,22,19.10198169678199,1,KOTAK,@ybl,DUPLICATE_TRANSACTION
18328.12,20,68.59561862652927,0,HDFC,@gpay,TRANSACTION_TIMEOUT
10905.91,21,71.69939384097984,0,PNB,@paytm,WRONG_DEBIT
14094.33,23,158.52375643762457,0,SBI,@paytm,TRANSACTION_TIMEOUT
92229.05,18,148.65177261471408,0,AXIS,@upi,BENEFICIARY_NOT_CREDITED
22645.76,9,89.71112089814908,0,PNB,@okaxis,BENEFICIARY_NOT_CREDITED
42109.02,6,32.04947279193055,0,ICICI,@upi,WRONG_DEBIT
70750.85,12,74.28213336210598,0,ICICI,@ybl,BENEFICIARY_NOT_CREDITED
2684.76,0,3.447973429526741,0,HDFC,@phonepe,TECHNICAL_DECLINE
48917.82,10,40.2341247238263,0,PNB,@ybl,BENEFICIARY_NOT_CREDITED
7172.61,12,19.645172089413727,1,HDFC,@ybl,DUPLICATE_TRANSACTION
39075.91,11,46.10679101377068,0,KOTAK,@okaxis,BENEFICIARY_NOT_CREDITED
96565.05,13,42.124059414846286,0,BOB,@paytm,BENEFICIARY_NOT_CREDITED
19523.04,5,116.3366187390449,0,PNB,@paytm,TRANSACTION_TIMEOUT
65103.36,18,80.75798252388765,0,AXIS,@gpay,BENEFICIARY_NOT_CREDITED
26441.06,0,66.35430402719169,0,AXIS,@okaxis,WRONG_DEBIT
71640.78,15,43.262124454817574,0,HDFC,@paytm,BENEFICIARY_NOT_CREDITED
44500.68,13,68.84916119335264,0,AXIS,@gpay,BENEFICIARY_NOT_CREDITED
30034.95,22,34.97608522170673,0,PNB,@phonepe,WRONG_DEBIT
6924.6,4,96.04652739502296,0,SBI,@upi,TRANSACTION_TIMEOUT
15394.05,14,94.89016111670044,0,AXIS,@ybl,BENEFICIARY_NOT_CREDITED
3573.02,5,135.02817693560883,0,HDFC,@ybl,TRANSACTION_TIMEOUT
1439.18,19,10.080564464124267,1,KOTAK,@phonepe,DUPLICATE_TRANSACTION
21729.39,0,7.120305945271471,0,BOB,@phonepe,WRONG_DEBIT
11460.46,5,31.557097104515265,0,ICICI,@okaxis,WRONG_DEBIT
13451.3,16,81.23194585987451,0,ICICI,@okaxis,TRANSACTION_TIMEOUT
8054.5,21,12.873388349963829,1,BOB,@okaxis,DUPLICATE_TRANSACTION
2012.36,4,4.297818182131564,0,SBI,@ybl,TECHNICAL_DECLINE
3724.24,5,6.755957848931534,0,AXIS,@paytm,TECHNICAL_DECLINE
11410.11,12,26.850624828048854,0,SBI,@upi,WRONG_DEBIT
353.85,9,2.409254058356211,0,PNB,@paytm,TECHNICAL_DECLINE
83327.08,18,27.87557433202791,0,ICICI,@ybl,BENEFICIARY_NOT_CREDITED
6306.28,8,15.54065079667366,1,HDFC,@paytm,DUPLICATE_TRANSACTION
7517.43,13,29.706529602764306,0,SBI,@ybl,WRONG_DEBIT
29315.02,13,5.433770451705919,0,KOTAK,@paytm,WRONG_DEBIT
4544.67,2,0.07625833573550711,0,KOTAK,@paytm,TECHNICAL_DECLINE
7905.33,21,138.11745909375628,0,SBI,@phonepe,TRANSACTION_TIMEOUT
94305.37,12,7.470236056531606,0,HDFC,@ybl,BENEFICIARY_NOT_CREDITED
4359.51,12,1.5635165561310678,0,PNB,@ybl,TECHNICAL_DECLINE
86288.46,11,135.33387604591934,0,HDFC,@upi,BENEFICIARY_NOT_CREDITED
18499.35,11,57.75909434326543,0,PNB,@okaxis,BENEFICIARY_NOT_CREDITED
2581.59,14,8.238221072910733,0,BOB,@gpay,TECHNICAL_DECLINE
25003.84,6,11.364903210464943,0,AXIS,@ybl,WRONG_DEBIT
82185.42,15,96.1149033834571,0,HDFC,@paytm,BENEFICIARY_NOT_CREDITED
1276.45,17,151.17084799342553,0,AXIS,@paytm,TRANSACTION_TIMEOUT
40706.85,2,15.364728928834825,0,SBI,@paytm,WRONG_DEBIT
3640.24,8,9.771496344161237,1,ICICI,@gpay,DUPLICATE_TRANSACTION
19879.56,8,85.27030532909143,0,BOB,@okaxis,TRANSACTION_TIMEOUT
76397.22,15,57.51806936714644,0,AXIS,@upi,BENEFICIARY_NOT_CREDITED
6556.79,14,163.51689632342337,0,SBI,@ybl,BENEFICIARY_NOT_CREDITED
13471.03,8,60.088851246367724,0,AXIS,@paytm,TRANSACTION_TIMEOUT
5132.62,19,13.752320744493591,1,SBI,@gpay,DUPLICATE_TRANSACTION
2733.67,15,4.120341482086502,0,KOTAK,@upi,TECHNICAL_DECLINE
2518.36,10,6.7653604685062305,0,PNB,@gpay,TECHNICAL_DECLINE
13090.44,2,48.46361071457773,0,SBI,@gpay,WRONG_DEBIT
3715.0,5,9.152403047241023,0,HDFC,@paytm,TECHNICAL_DECLINE
18480.27,8,158.73722233705797,0,HDFC,@upi,TRANSACTION_TIMEOUT
6309.06,10,14.474290602126844,1,AXIS,@ybl,DUPLICATE_TRANSACTION
29843.78,13,38.952997781779736,0,BOB,@upi,BENEFICIARY_NOT_CREDITED
5972.12,12,8.28122300132011,1,AXIS,@okaxis,DUPLICATE_TRANSACTION
18979.13,15,153.3707131879039,0,PNB,@phonepe,TRANSACTION_TIMEOUT
14817.26,15,67.90259981690464,0,ICICI,@phonepe,WRONG_DEBIT
14415.5,19,121.08564018347597,0,BOB,@upi,TRANSACTION_TIMEOUT
1134.34,9,1.2332938816774268,0,BOB,@paytm,TECHNICAL_DECLINE
9068.58,21,180.28529580921284,0,HDFC,@paytm,TRANSACTION_TIMEOUT
2904.3,17,3.4989023469299547,0,ICICI,@okaxis,TECHNICAL_DECLINE
908.71,18,2.9715657293225513,0,AXIS,@upi,TECHNICAL_DECLINE
13547.88,11,84.96141794435768,0,AXIS,@phonepe,BENEFICIARY_NOT_CREDITED
1808.4,19,5.63800576057529,0,BOB,@paytm,TECHNICAL_DECLINE
2913.44,17,1.7145327332791522,1,SBI,@upi,DUPLICATE_TRANSACTION
47222.46,18,95.83527157303062,0,SBI,@okaxis,BENEFICIARY_NOT_CREDITED
23245.18,14,150.0037225878027,0,SBI,@paytm,BENEFICIARY_NOT_CREDITED
9939.61,11,6.883714772088885,1,SBI,@phonepe,DUPLICATE_TRANSACTION
35864.41,14,49.8079288745783,0,KOTAK,@paytm,WRONG_DEBIT
17081.05,6,58.80957990049143,0,PNB,@gpay,TRANSACTION_TIMEOUT
1711.02,20,3.5095137869104738,0,SBI,@ybl,TECHNICAL_DECLINE
3772.64,20,10.996561759962043,0,BOB,@phonepe,TECHNICAL_DECLINE
200.69,15,2.5112546679510293,0,PNB,@upi,TECHNICAL_DECLINE
7886.74,5,5.279346748267111,0,HDFC,@paytm,WRONG_DEBIT
3995.15,18,3.6525269320001135,1,PNB,@okaxis,DUPLICATE_TRANSACTION
16034.86,8,55.30804171932185,0,KOTAK,@okaxis,WRONG_DEBIT
1165.31,14,7.6277644310821024,0,AXIS,@paytm,TECHNICAL_DECLINE
1258.97,0,115.48016860947766,0,KOTAK,@phonepe,TRANSACTION_TIMEOUT
31959.2,4,27.707759679471213,0,ICICI,@gpay,WRONG_DEBIT
8152.82,8,156.49675562850618,0,BOB,@gpay,TRANSACTION_TIMEOUT
4331.38,15,3.670142412778733,1,BOB,@ybl,DUPLICATE_TRANSACTION
2673.85,8,8.864531054296073,0,HDFC,@ybl,TECHNICAL_DECLINE
3145.41,23,10.172558037113145,0,ICICI,@ybl,TECHNICAL_DECLINE
4630.59,15,5.9355835911834145,0,SBI,@gpay,TECHNICAL_DECLINE
6241.13,17,10.43179443522741,1,BOB,@gpay,DUPLICATE_TRANSACTION
11357.68,3,171.23561667587737,0,SBI,@phonepe,TRANSACTION_TIMEOUT
27136.75,18,92.07300917428651,0,ICICI,@okaxis,BENEFICIARY_NOT_CREDITED
45511.23,18,26.653210089060767,0,ICICI,@ybl,BENEFICIARY_NOT_CREDITED
7449.43,8,2.414610997332857,1,BOB,@phonepe,DUPLICATE_TRANSACTION
15852.41,23,41.56484465735652,0,ICICI,@ybl,WRONG_DEBIT
44910.15,17,139.80612753886106,0,AXIS,@paytm,BENEFICIARY_NOT_CREDITED
64456.67,12,33.24222243218017,0,ICICI,@paytm,BENEFICIARY_NOT_CREDITED
11525.23,7,58.8274017016052,0,PNB,@gpay,TRANSACTION_TIMEOUT
81819.61,14,150.75618591865978,0,HDFC,@okaxis,BENEFICIARY_NOT_CREDITED
15013.86,14,105.67790108053264,0,PNB,@paytm,TRANSACTION_TIMEOUT
1214.34,8,19.24250847466009,1,BOB,@paytm,DUPLICATE_TRANSACTION
5037.25,14,7.384610056205709,1,KOTAK,@okaxis,DUPLICATE_TRANSACTION
88836.59,17,112.94430784021402,0,BOB,@ybl,BENEFICIARY_NOT_CREDITED
38445.65,11,8.68496952822779,0,ICICI,@phonepe,WRONG_DEBIT
5176.09,18,1.2817715182162166,1,PNB,@ybl,DUPLICATE_TRANSACTION
1045.98,19,0.06711429314119588,1,ICICI,@ybl,DUPLICATE_TRANSACTION
19726.92,6,73.93189459285178,0,KOTAK,@ybl,TRANSACTION_TIMEOUT
4543.63,21,2.0131780840978744,0,BOB,@ybl,TECHNICAL_DECLINE
67714.55,15,130.3762180379045,0,ICICI,@ybl,BENEFICIARY_NOT_CREDITED
3413.99,15,3.807111846903097,0,HDFC,@paytm,TECHNICAL_DECLINE
16770.11,13,127.8620174859897,0,ICICI,@okaxis,BENEFICIARY_NOT_CREDITED
2766.55,21,51.995707836448354,0,SBI,@ybl,TRANSACTION_TIMEOUT
1044.79,3,3.725772666434826,0,PNB,@phonepe,TECHNICAL_DECLINE
65586.88,13,136.13845709533072,0,BOB,@paytm,BENEFICIARY_NOT_CREDITED
3561.76,12,7.917114550188117,0,SBI,@upi,TECHNICAL_DECLINE
4858.87,20,4.612369284851319,0,PNB,@phonepe,TECHNICAL_DECLINE
5573.35,8,23.180513007885104,1,PNB,@gpay,DUPLICATE_TRANSACTION
8990.44,21,59.318310501106495,0,SBI,@ybl,TRANSACTION_TIMEOUT
6691.06,14,12.670618295326216,1,HDFC,@upi,DUPLICATE_TRANSACTION
1269.96,21,64.69083255638387,0,KOTAK,@gpay,TRANSACTION_TIMEOUT
9322.99,10,132.9813561819232,0,ICICI,@paytm,BENEFICIARY_NOT_CREDITED
2229.36,4,11.966609449887988,0,AXIS,@phonepe,TECHNICAL_DECLINE
616.53,8,9.944058424992921,0,SBI,@ybl,TECHNICAL_DECLINE
19030.16,2,142.12457005712147,0,BOB,@ybl,TRANSACTION_TIMEOUT
13757.31,0,195.2317149491696,0,PNB,@phonepe,TRANSACTION_TIMEOUT
35847.37,7,19.5919747324737,0,HDFC,@paytm,WRONG_DEBIT
49363.37,12,47.09135880162444,0,SBI,@ybl,WRONG_DEBIT
13918.27,14,104.26158755813904,0,BOB,@upi,TRANSACTION_TIMEOUT
7318.79,14,182.12556670063896,0,PNB,@gpay,TRANSACTION_TIMEOUT
3250.13,15,11.689818915801691,0,HDFC,@paytm,TECHNICAL_DECLINE
770.12,17,55.1791245683238,0,HDFC,@upi,BENEFICIARY_NOT_CREDITED
2488.9,8,14.686984738723254,1,SBI,@ybl,DUPLICATE_TRANSACTION
1261.06,19,11.645522767865877,1,HDFC,@ybl,DUPLICATE_TRANSACTION
41900.99,10,15.861696758739871,0,BOB,@ybl,WRONG_DEBIT
8379.97,20,0.30462425744133803,1,ICICI,@phonepe,DUPLICATE_TRANSACTION
5477.41,8,22.822542695535574,1,PNB,@okaxis,DUPLICATE_TRANSACTION
31783.77,13,10.723166180195301,0,ICICI,@paytm,WRONG_DEBIT
4035.12,12,1.3371871726170368,0,BOB,@paytm,TECHNICAL_DECLINE
2319.91,1,113.63826862356093,0,HDFC,@ybl,TRANSACTION_TIMEOUT
367.45,13,10.168371218746607,0,AXIS,@paytm,TECHNICAL_DECLINE
57829.91,13,20.775049753318395,0,AXIS,@upi,BENEFICIARY_NOT_CREDITED
3234.95,21,5.631375739848474,0,KOTAK,@ybl,TECHNICAL_DECLINE
1128.7,17,23.490099063830613,1,AXIS,@ybl,DUPLICATE_TRANSACTION
28428.96,19,27.88145524608474,0,HDFC,@okaxis,WRONG_DEBIT
5495.79,13,173.76438428850787,0,BOB,@gpay,TRANSACTION_TIMEOUT
6090.35,22,12.270523348865733,1,HDFC,@okaxis,DUPLICATE_TRANSACTION
10867.01,9,156.2467439122637,0,AXIS,@okaxis,TRANSACTION_TIMEOUT
2591.36,16,1.8375677397220005,0,BOB,@gpay,TECHNICAL_DECLINE
7029.49,12,197.90385205087375,0,PNB,@ybl,TRANSACTION_TIMEOUT
3464.14,5,5.363898842320996,0,SBI,@okaxis,TECHNICAL_DECLINE
9394.24,11,0.29304436553278457,1,BOB,@paytm,DUPLICATE_TRANSACTION
3593.84,2,10.792581020991797,0,SBI,@ybl,TECHNICAL_DECLINE
59245.75,14,3.664542565609004,0,BOB,@gpay,BENEFICIARY_NOT_CREDITED
3907.98,21,3.6332997191232277,1,PNB,@paytm,DUPLICATE_TRANSACTION
41780.97,12,32.11759995713582,0,PNB,@okaxis,WRONG_DEBIT
13923.47,17,11.475405821600328,0,KOTAK,@gpay,WRONG_DEBIT
75357.71,15,52.53376510500618,0,KOTAK,@upi,BENEFICIARY_NOT_CREDITED
32071.56,14,5.740489171818694,0,BOB,@phonepe,WRONG_DEBIT
28438.15,21,46.07100293094129,0,PNB,@gpay,WRONG_DEBIT
18747.64,18,29.39854805160595,0,ICICI,@ybl,WRONG_DEBIT
520.38,7,1.4179452254164202,0,PNB,@okaxis,TECHNICAL_DECLINE
18292.45,16,52.35305128521012,0,PNB,@gpay,WRONG_DEBIT
16162.27,0,52.00265546081045,0,AXIS,@okaxis,TRANSACTION_TIMEOUT
15262.8,23,21.97986242370601,0,KOTAK,@phonepe,WRONG_DEBIT
38522.37,21,57.98952066403503,0,HDFC,@phonepe,WRONG_DEBIT
30281.92,7,44.36836512652826,0,ICICI,@ybl,WRONG_DEBIT
2866.7,2,11.995896208170644,0,PNB,@upi,TECHNICAL_DECLINE
31150.27,21,11.558466071256088,0,BOB,@okaxis,WRONG_DEBIT
366.3,19,6.006394014706334,0,AXIS,@upi,TECHNICAL_DECLINE
32060.56,16,5.22826582389184,0,BOB,@phonepe,WRONG_DEBIT
86083.44,15,150.7121398945198,0,AXIS,@upi,BENEFICIARY_NOT_CREDITED
2010.74,15,163.40449320467278,0,PNB,@gpay,TRANSACTION_TIMEOUT
1463.7,0,4.910738637022025,0,BOB,@ybl,TECHNICAL_DECLINE
27900.29,0,24.644605139697447,0,KOTAK,@upi,WRONG_DEBIT
55659.94,13,167.82120753290573,0,HDFC,@phonepe,BENEFICIARY_NOT_CREDITED
3272.91,15,8.540264071598507,0,KOTAK,@upi,TECHNICAL_DECLINE
70315.65,11,48.57355604874853,0,HDFC,@paytm,BENEFICIARY_NOT_CREDITED
681.33,9,8.772004913896334,1,PNB,@okaxis,DUPLICATE_TRANSACTION
1938.04,11,137.6007632380327,0,KOTAK,@ybl,TRANSACTION_TIMEOUT
7754.44,18,7.4427750010680285,1,SBI,@upi,DUPLICATE_TRANSACTION
8444.96,20,193.874324733631,0,KOTAK,@phonepe,TRANSACTION_TIMEOUT
4829.8,11,10.366140470450068,0,ICICI,@gpay,TECHNICAL_DECLINE
7990.69,18,7.329088716352553,0,HDFC,@gpay,BENEFICIARY_NOT_CREDITED
4724.87,8,189.7042102713886,0,BOB,@gpay,TRANSACTION_TIMEOUT
4486.36,20,11.671847766165442,1,BOB,@ybl,DUPLICATE_TRANSACTION
26622.04,18,22.027960637390926,0,PNB,@gpay,WRONG_DEBIT
10172.47,7,141.7842089245136,0,PNB,@phonepe,TRANSACTION_TIMEOUT
26759.98,13,43.763352721041514,0,BOB,@gpay,BENEFICIARY_NOT_CREDITED
12127.98,20,0.3012207183064133,0,HDFC,@phonepe,WRONG_DEBIT
47990.16,18,47.16951639979353,0,HDFC,@upi,BENEFICIARY_NOT_CREDITED
87074.45,10,36.19041665619793,0,KOTAK,@phonepe,BENEFICIARY_NOT_CREDITED
80695.47,12,27.234723063152593,0,ICICI,@ybl,BENEFICIARY_NOT_CREDITED
1885.51,12,102.8355311428029,0,ICICI,@paytm,BENEFICIARY_NOT_CREDITED
6460.37,5,172.0032634184231,0,ICICI,@upi,TRANSACTION_TIMEOUT
1557.35,11,6.026767855644665,1,ICICI,@paytm,DUPLICATE_TRANSACTION
5732.49,20,17.81194576309085,1,BOB,@okaxis,DUPLICATE_TRANSACTION
6585.33,13,73.19863542809779,0,HDFC,@ybl,TRANSACTION_TIMEOUT
8876.15,13,0.4561209104625732,1,AXIS,@upi,DUPLICATE_TRANSACTION
85740.23,14,129.80660568515776,0,PNB,@okaxis,BENEFICIARY_NOT_CREDITED
49950.97,9,56.29864482085211,0,ICICI,@okaxis,WRONG_DEBIT
4645.88,17,27.592411233026006,0,AXIS,@gpay,BENEFICIARY_NOT_CREDITED
73599.78,17,74.5944737419422,0,ICICI,@okaxis,BENEFICIARY_NOT_CREDITED
8686.18,19,10.843376581066499,1,BOB,@ybl,DUPLICATE_TRANSACTION
6337.36,13,20.854410142893762,1,AXIS,@upi,DUPLICATE_TRANSACTION
3867.24,16,1.4516979516488746,1,SBI,@okaxis,DUPLICATE_TRANSACTION
8281.56,10,10.033563162733092,1,BOB,@gpay,DUPLICATE_TRANSACTION
48600.8,14,26.87584153668327,0,HDFC,@paytm,WRONG_DEBIT
18567.61,4,45.78556373537394,0,AXIS,@upi,WRONG_DEBIT
49411.44,6,60.15922538677851,0,BOB,@paytm,WRONG_DEBIT
93752.52,16,80.62549077312525,0,SBI,@ybl,BENEFICIARY_NOT_CREDITED
2595.69,21,5.057155717451332,0,PNB,@ybl,TECHNICAL_DECLINE
11894.85,14,71.10718252128417,0,KOTAK,@okaxis,WRONG_DEBIT
257.24,0,178.98220469754867,0,PNB,@phonepe,TRANSACTION_TIMEOUT
5108.19,16,22.440729185937226,1,KOTAK,@upi,DUPLICATE_TRANSACTION
39924.91,22,10.802537077215405,0,BOB,@gpay,WRONG_DEBIT
2012.7,10,5.434810789340683,0,PNB,@phonepe,TECHNICAL_DECLINE
7618.72,15,19.010406510770267,1,AXIS,@phonepe,DUPLICATE_TRANSACTION
33551.44,11,105.58601100537591,0,AXIS,@gpay,BENEFICIARY_NOT_CREDITED
1616.6,16,23.152877904791584,1,PNB,@gpay,DUPLICATE_TRANSACTION
77275.24,13,113.99340505819175,0,BOB,@gpay,BENEFICIARY_NOT_CREDITED
2872.31,23,4.639728527250043,0,ICICI,@okaxis,TECHNICAL_DECLINE
22433.64,17,48.799911733954104,0,AXIS,@paytm,WRONG_DEBIT
11448.99,20,78.76755020016674,0,KOTAK,@phonepe,TRANSACTION_TIMEOUT
7886.73,15,110.88988680964772,0,KOTAK,@gpay,BENEFICIARY_NOT_CREDITED
3630.16,19,1.6906743112745781,0,AXIS,@gpay,TECHNICAL_DECLINE
2629.85,23,4.5325495911875056,0,SBI,@upi,TECHNICAL_DECLINE
4898.96,13,16.826366989975856,1,BOB,@paytm,DUPLICATE_TRANSACTION
12348.77,20,13.726862651455127,0,HDFC,@phonepe,WRONG_DEBIT
12010.09,20,192.92658217904983,0,BOB,@ybl,TRANSACTION_TIMEOUT
3228.19,8,16.477933212745874,1,AXIS,@okaxis,DUPLICATE_TRANSACTION
7795.16,12,54.290339746136844,0,KOTAK,@okaxis,BENEFICIARY_NOT_CREDITED
3110.82,21,9.523163243199384,0,HDFC,@upi,TECHNICAL_DECLINE
4458.96,16,11.23177540751691,0,BOB,@paytm,TECHNICAL_DECLINE
436.09,0,5.524677613329491,0,SBI,@okaxis,TECHNICAL_DECLINE
9149.46,11,16.89577038292658,1,HDFC,@gpay,DUPLICATE_TRANSACTION
10275.64,16,146.8233577215782,0,KOTAK,@upi,TRANSACTION_TIMEOUT
1502.4,8,2.5130421640472087,0,BOB,@ybl,TECHNICAL_DECLINE
7817.76,21,4.761696727356783,1,AXIS,@upi,DUPLICATE_TRANSACTION
19872.25,13,80.28691032027155,0,KOTAK,@gpay,TRANSACTION_TIMEOUT
35783.65,2,49.24431355596272,0,KOTAK,@paytm,WRONG_DEBIT
23677.04,13,117.63756049569967,0,HDFC,@okaxis,BENEFICIARY_NOT_CREDITED
11442.89,15,98.0764175184087,0,BOB,@ybl,TRANSACTION_TIMEOUT
3608.25,8,2.1189183101574947,0,KOTAK,@paytm,TECHNICAL_DECLINE
3820.29,1,0.7884804735244866,0,KOTAK,@upi,TECHNICAL_DECLINE
5657.54,5,138.95474640956076,0,PNB,@upi,TRANSACTION_TIMEOUT
1137.49,10,23.148573408087458,1,SBI,@okaxis,DUPLICATE_TRANSACTION
6252.47,0,81.01493061113209,0,ICICI,@upi,TRANSACTION_TIMEOUT
1158.19,9,11.743710731474952,1,HDFC,@ybl,DUPLICATE_TRANSACTION
15490.16,22,17.60384677755624,0,ICICI,@ybl,WRONG_DEBIT
52825.34,17,16.346042899579604,0,HDFC,@okaxis,BENEFICIARY_NOT_CREDITED
61297.81,11,5.037379087674158,0,ICICI,@paytm,BENEFICIARY_NOT_CREDITED
12076.68,14,22.758136462697916,0,AXIS,@gpay,BENEFICIARY_NOT_CREDITED
1879.67,18,63.64420516395545,0,KOTAK,@phonepe,TRANSACTION_TIMEOUT
1058.95,8,0.44646548752297655,1,BOB,@paytm,DUPLICATE_TRANSACTION
12079.13,5,163.17610300500553,0,HDFC,@gpay,TRANSACTION_TIMEOUT
17362.08,5,71.72736178066722,0,KOTAK,@upi,TRANSACTION_TIMEOUT
3850.56,21,32.31235150068454,0,HDFC,@gpay,WRONG_DEBIT
42543.53,20,63.888462724699224,0,BOB,@paytm,WRONG_DEBIT
1627.51,2,10.386941127408651,0,BOB,@phonepe,TECHNICAL_DECLINE
12361.0,2,179.5265327922,0,ICICI,@ybl,TRANSACTION_TIMEOUT
46789.99,15,10.28344714941673,0,AXIS,@gpay,WRONG_DEBIT
31675.15,9,26.2412240169698,0,PNB,@upi,WRONG_DEBIT
4784.03,0,5.206859594805935,0,BOB,@gpay,TECHNICAL_DECLINE
23254.69,12,61.52410895039245,0,HDFC,@ybl,BENEFICIARY_NOT_CREDITED
4270.01,13,23.37921167640119,1,HDFC,@phonepe,DUPLICATE_TRANSACTION
1433.32,3,5.824194631956835,0,HDFC,@phonepe,TECHNICAL_DECLINE
40525.78,10,7.23562531843554,0,ICICI,@upi,WRONG_DEBIT
390.25,14,10.635122216286863,1,HDFC,@okaxis,DUPLICATE_TRANSACTION
3004.82,8,11.466212387573616,1,HDFC,@upi,DUPLICATE_TRANSACTION
3445.88,18,16.32659329526554,1,AXIS,@phonepe,DUPLICATE_TRANSACTION
2441.36,8,5.335113965634769,1,AXIS,@gpay,DUPLICATE_TRANSACTION
4784.1,11,5.766182209070063,0,ICICI,@gpay,TECHNICAL_DECLINE
595.78,10,10.483113930020071,0,HDFC,@upi,TECHNICAL_DECLINE
1480.46,17,21.487997228964858,0,AXIS,@gpay,WRONG_DEBIT
9814.04,1,62.06346753561473,0,SBI,@ybl,TRANSACTION_TIMEOUT
1281.72,3,3.215880130946216,0,SBI,@paytm,TECHNICAL_DECLINE
11334.93,8,55.3347431837395,0,SBI,@phonepe,WRONG_DEBIT
3611.39,23,8.62272262131546,0,SBI,@ybl,TECHNICAL_DECLINE
64461.87,9,17.312646886965275,0,HDFC,@upi,BENEFICIARY_NOT_CREDITED
204.16,6,2.0301879646352488,0,HDFC,@ybl,TECHNICAL_DECLINE
10963.48,17,92.44039705045613,0,KOTAK,@paytm,BENEFICIARY_NOT_CREDITED
14908.18,19,65.03785974867523,0,AXIS,@phonepe,TRANSACTION_TIMEOUT
22876.23,10,8.638871089950975,0,PNB,@okaxis,WRONG_DEBIT
3959.84,22,11.075444067685673,1,PNB,@phonepe,DUPLICATE_TRANSACTION
14100.13,3,63.7485929443283,0,PNB,@gpay,WRONG_DEBIT
6769.03,22,12.364859573953368,1,SBI,@gpay,DUPLICATE_TRANSACTION
3401.95,11,5.099711496048981,0,PNB,@upi,TECHNICAL_DECLINE
4174.96,20,5.988444577269309,0,ICICI,@paytm,TECHNICAL_DECLINE
8893.8,12,20.287595803112126,1,KOTAK,@ybl,DUPLICATE_TRANSACTION
44499.34,7,27.608655872759392,0,PNB,@phonepe,WRONG_DEBIT
2914.62,14,18.049933128718294,1,HDFC,@phonepe,DUPLICATE_TRANSACTION
78626.9,16,20.2046017989522,0,KOTAK,@ybl,BENEFICIARY_NOT_CREDITED
34043.02,10,145.2259435618747,0,SBI,@okaxis,BENEFICIARY_NOT_CREDITED
35835.47,17,161.47733897346382,0,HDFC,@gpay,BENEFICIARY_NOT_CREDITED
4498.89,13,8.626789532548445,0,SBI,@phonepe,TECHNICAL_DECLINE
3996.41,10,112.55824913466896,0,SBI,@gpay,TRANSACTION_TIMEOUT
13789.76,18,86.63934647199162,0,AXIS,@upi,TRANSACTION_TIMEOUT
1997.25,19,1.7859379106423345,0,KOTAK,@gpay,WRONG_DEBIT
32678.46,17,20.44343074491203,0,PNB,@ybl,BENEFICIARY_NOT_CREDITED
44474.32,11,140.6185131228302,0,AXIS,@paytm,BENEFICIARY_NOT_CREDITED
5982.47,15,57.0057830156501,0,AXIS,@paytm,TRANSACTION_TIMEOUT
1817.26,10,8.05502688699963,1,ICICI,@upi,DUPLICATE_TRANSACTION
9491.56,23,6.7180556685305115,0,AXIS,@gpay,WRONG_DEBIT
5505.3,22,13.823943319278008,1,SBI,@paytm,DUPLICATE_TRANSACTION
7462.53,21,52.80019651818739,0,AXIS,@gpay,TRANSACTION_TIMEOUT
12319.78,11,165.24659642207212,0,SBI,@okaxis,TRANSACTION_TIMEOUT
5581.72,15,4.510277261775399,1,ICICI,@gpay,DUPLICATE_TRANSACTION
3740.19,19,7.567013016683333,0,HDFC,@paytm,TECHNICAL_DECLINE
901.81,18,5.079417644595226,0,PNB,@phonepe,TECHNICAL_DECLINE
19049.24,4,171.45233930094417,0,BOB,@ybl,TRANSACTION_TIMEOUT
38953.13,15,140.7319184496016,0,AXIS,@ybl,BENEFICIARY_NOT_CREDITED
46621.86,14,64.86322252689827,0,SBI,@paytm,BENEFICIARY_NOT_CREDITED
1381.27,11,0.6956249843250695,0,PNB,@paytm,TECHNICAL_DECLINE
25157.43,18,97.91830332815017,0,ICICI,@phonepe,BENEFICIARY_NOT_CREDITED
17667.46,18,136.00062452547158,0,ICICI,@okaxis,TRANSACTION_TIMEOUT
2484.14,4,127.18698993579595,0,PNB,@phonepe,TRANSACTION_TIMEOUT
12619.13,16,48.685263378911955,0,ICICI,@phonepe,WRONG_DEBIT
14525.05,12,32.00485613036727,0,PNB,@upi,BENEFICIARY_NOT_CREDITED
3830.04,10,9.994569948114675,0,HDFC,@okaxis,TECHNICAL_DECLINE
43068.89,18,56.99920419987968,0,KOTAK,@paytm,WRONG_DEBIT
18974.8,12,136.15667638175103,0,BOB,@paytm,BENEFICIARY_NOT_CREDITED
19878.79,15,82.66070091445299,0,HDFC,@upi,BENEFICIARY_NOT_CREDITED
1202.4,1,2.7239642645727757,0,KOTAK,@phonepe,TECHNICAL_DECLINE
5319.71,13,45.888957278299756,0,AXIS,@ybl,WRONG_DEBIT
797.37,22,10.451869553193482,0,KOTAK,@upi,TECHNICAL_DECLINE
36749.29,10,0.9145382405153581,0,AXIS,@paytm,WRONG_DEBIT
2345.17,19,4.247946111405159,0,AXIS,@phonepe,TECHNICAL_DECLINE
35160.8,13,5.091320223313253,0,AXIS,@okaxis,BENEFICIARY_NOT_CREDITED
44492.41,7,36.70809966870432,0,BOB,@ybl,WRONG_DEBIT
4224.47,20,94.38866464304807,0,HDFC,@upi,TRANSACTION_TIMEOUT
74638.5,14,69.99633514673718,0,AXIS,@okaxis,BENEFICIARY_NOT_CREDITED
60146.64,16,105.36359916854157,0,KOTAK,@ybl,BENEFICIARY_NOT_CREDITED
7394.93,11,3.93755734848916,1,AXIS,@gpay,DUPLICATE_TRANSACTION
9636.57,11,11.736657099016785,1,HDFC,@gpay,DUPLICATE_TRANSACTION
486.35,21,11.859512243296809,0,SBI,@ybl,TECHNICAL_DECLINE
15319.31,21,170.4748784027792,0,HDFC,@phonepe,TRANSACTION_TIMEOUT
34292.87,9,13.765915822357822,0,AXIS,@ybl,WRONG_DEBIT
3294.2,7,1.8037574841968511,0,KOTAK,@okaxis,TECHNICAL_DECLINE
7754.54,22,131.19106832928313,0,PNB,@upi,TRANSACTION_TIMEOUT
764.53,11,171.17316470733658,0,PNB,@paytm,TRANSACTION_TIMEOUT
606.04,0,1.9217093897498985,0,SBI,@gpay,TECHNICAL_DECLINE
4334.82,11,10.594477996293179,1,PNB,@upi,DUPLICATE_TRANSACTION
4678.72,16,1.0862193824140807,1,ICICI,@paytm,DUPLICATE_TRANSACTION
4976.97,6,3.4469132490519483,0,ICICI,@phonepe,TECHNICAL_DECLINE
14343.37,13,161.94095383102996,0,ICICI,@ybl,TRANSACTION_TIMEOUT
3362.44,23,71.91411850348423,0,AXIS,@ybl,WRONG_DEBIT
349.21,11,6.12812348507582,1,KOTAK,@ybl,DUPLICATE_TRANSACTION
7356.56,12,2.905008545023887,1,BOB,@phonepe,DUPLICATE_TRANSACTION
79453.4,15,146.42718189200951,0,AXIS,@gpay,BENEFICIARY_NOT_CREDITED
32630.17,12,36.85361545110511,0,SBI,@okaxis,WRONG_DEBIT
4104.8,11,11.362048859075552,1,PNB,@paytm,DUPLICATE_TRANSACTION
27317.33,20,37.63318359804728,0,KOTAK,@phonepe,WRONG_DEBIT
5533.31,8,2.9898101624631614,1,KOTAK,@upi,DUPLICATE_TRANSACTION
47655.29,10,68.56834884269706,0,AXIS,@paytm,BENEFICIARY_NOT_CREDITED
2694.62,1,10.680448175474233,0,BOB,@phonepe,TECHNICAL_DECLINE
25461.95,19,2.71779803988335,0,PNB,@gpay,WRONG_DEBIT
28791.11,15,135.67365362871783,0,ICICI,@okaxis,BENEFICIARY_NOT_CREDITED
3930.57,13,0.7872239173014526,0,ICICI,@phonepe,TECHNICAL_DECLINE
776.29,17,117.54174704152766,0,BOB,@ybl,TRANSACTION_TIMEOUT
874.11,17,4.683522049703733,1,HDFC,@okaxis,DUPLICATE_TRANSACTION
9580.26,4,54.94421436580049,0,KOTAK,@upi,WRONG_DEBIT
5248.97,8,7.332691730146922,1,HDFC,@upi,DUPLICATE_TRANSACTION
132.52,22,15.412522588608962,1,BOB,@upi,DUPLICATE_TRANSACTION
2844.12,9,15.708769633932285,1,AXIS,@phonepe,DUPLICATE_TRANSACTION
8307.14,18,76.10807721505992,0,AXIS,@gpay,TRANSACTION_TIMEOUT
3483.14,13,6.659797025611123,0,HDFC,@gpay,TECHNICAL_DECLINE
9265.83,15,15.575409316687566,1,PNB,@gpay,DUPLICATE_TRANSACTION
16215.64,17,63.696292317333786,0,HDFC,@phonepe,TRANSACTION_TIMEOUT
89858.27,18,31.96232456685819,0,PNB,@okaxis,BENEFICIARY_NOT_CREDITED
1320.44,5,1.0604718804446676,0,AXIS,@ybl,TECHNICAL_DECLINE
20463.64,20,17.173573982665495,0,KOTAK,@phonepe,WRONG_DEBIT
45702.09,15,54.664283674355495,0,AXIS,@ybl,WRONG_DEBIT
7811.57,15,22.303519390859055,0,HDFC,@ybl,WRONG_DEBIT
4195.01,19,16.457026407279145,1,KOTAK,@okaxis,DUPLICATE_TRANSACTION
289.65,22,2.1803088327426243,0,KOTAK,@paytm,WRONG_DEBIT
9667.36,2,74.39237088505203,0,KOTAK,@upi,TRANSACTION_TIMEOUT
4497.87,18,5.3134499076135135,1,PNB,@okaxis,DUPLICATE_TRANSACTION
90617.88,18,38.289849879407974,0,BOB,@paytm,BENEFICIARY_NOT_CREDITED
4474.53,5,9.445766369823076,0,PNB,@okaxis,TECHNICAL_DECLINE
13767.36,18,25.08278234299112,0,KOTAK,@phonepe,WRONG_DEBIT
8292.6,14,14.161448392256982,1,PNB,@gpay,DUPLICATE_TRANSACTION
9469.58,20,4.184029348386084,1,AXIS,@gpay,DUPLICATE_TRANSACTION
81514.85,15,17.5552008344884,0,PNB,@paytm,BENEFICIARY_NOT_CREDITED
43465.6,11,39.61022242082359,0,HDFC,@upi,BENEFICIARY_NOT_CREDITED
10016.12,0,57.80671482707712,0,KOTAK,@phonepe,TRANSACTION_TIMEOUT
9875.14,2,90.09647806711959,0,HDFC,@gpay,TRANSACTION_TIMEOUT
4448.14,0,3.0638792480397807,0,AXIS,@paytm,TECHNICAL_DECLINE
467.77,16,4.837105886450055,1,AXIS,@gpay,DUPLICATE_TRANSACTION
55075.65,13,85.13307948458429,0,AXIS,@gpay,BENEFICIARY_NOT_CREDITED
8181.16,16,15.516967530577283,1,KOTAK,@ybl,DUPLICATE_TRANSACTION
24034.4,7,57.814870906484664,0,ICICI,@ybl,WRONG_DEBIT
19380.35,0,154.93158751155627,0,BOB,@gpay,TRANSACTION_TIMEOUT
4392.42,21,3.9818980372508213,0,HDFC,@upi,TECHNICAL_DECLINE
4135.63,17,20.63549666085175,1,HDFC,@ybl,DUPLICATE_TRANSACTION
77374.18,13,13.433651242944192,0,AXIS,@okaxis,BENEFICIARY_NOT_CREDITED
1329.94,7,11.496510465834604,0,AXIS,@ybl,TECHNICAL_DECLINE
6787.02,15,17.7920960487667,1,BOB,@phonepe,DUPLICATE_TRANSACTION
15643.02,16,89.39853308900388,0,ICICI,@phonepe,TRANSACTION_TIMEOUT
9112.44,22,123.38701795904171,0,KOTAK,@phonepe,TRANSACTION_TIMEOUT
776.67,19,3.3188993601088495,0,SBI,@okaxis,TECHNICAL_DECLINE
4198.59,16,23.351017656530292,1,BOB,@okaxis,DUPLICATE_TRANSACTION
4454.14,12,12.991841890128185,1,KOTAK,@gpay,DUPLICATE_TRANSACTION
7609.97,22,23.74741805386479,1,HDFC,@phonepe,DUPLICATE_TRANSACTION
2759.86,13,0.1043188302067124,1,SBI,@ybl,DUPLICATE_TRANSACTION
12844.59,4,66.32242999886229,0,AXIS,@okaxis,TRANSACTION_TIMEOUT
6216.7,20,23.030505285450396,1,KOTAK,@okaxis,DUPLICATE_TRANSACTION
45665.62,3,52.0764774102157,0,ICICI,@ybl,WRONG_DEBIT
4245.63,5,137.54319969077702,0,HDFC,@gpay,TRANSACTION_TIMEOUT
4964.9,23,11.482969525243302,0,SBI,@gpay,TECHNICAL_DECLINE
5183.68,20,71.82813312434091,0,KOTAK,@okaxis,TRANSACTION_TIMEOUT
25674.12,12,22.9553389472481,0,BOB,@paytm,WRONG_DEBIT
26248.06,3,44.25975045142843,0,KOTAK,@ybl,WRONG_DEBIT
43344.63,23,53.733021230813556,0,ICICI,@okaxis,WRONG_DEBIT
6816.33,11,3.06972198888335,1,SBI,@paytm,DUPLICATE_TRANSACTION
6794.85,20,8.811407552013318,1,SBI,@gpay,DUPLICATE_TRANSACTION
90227.01,10,149.18760179772084,0,AXIS,@phonepe,BENEFICIARY_NOT_CREDITED
7352.38,10,120.16630677725863,0,KOTAK,@ybl,TRANSACTION_TIMEOUT
6382.56,16,1.709803814746766,1,HDFC,@upi,DUPLICATE_TRANSACTION
13425.8,0,167.20087906579636,0,AXIS,@paytm,TRANSACTION_TIMEOUT
99077.86,16,36.1001800105195,0,PNB,@upi,BENEFICIARY_NOT_CREDITED
12021.88,18,68.58935003062427,0,BOB,@paytm,BENEFICIARY_NOT_CREDITED
18569.35,3,110.01907680591765,0,BOB,@upi,TRANSACTION_TIMEOUT
33033.57,6,70.80655972442494,0,AXIS,@ybl,WRONG_DEBIT
514.85,22,73.0076217396483,0,SBI,@upi,TRANSACTION_TIMEOUT
37972.12,16,118.29752071580653,0,HDFC,@okaxis,BENEFICIARY_NOT_CREDITED
14738.25,7,54.658599627868064,0,BOB,@ybl,WRONG_DEBIT
4878.06,10,5.49804857364891,0,BOB,@phonepe,TECHNICAL_DECLINE
39623.28,9,65.21242216193124,0,ICICI,@phonepe,BENEFICIARY_NOT_CREDITED
4237.42,13,4.664547127866802,1,BOB,@okaxis,DUPLICATE_TRANSACTION
871.27,20,3.7235475726128153,0,PNB,@okaxis,TECHNICAL_DECLINE
11808.87,12,158.34208452423817,0,KOTAK,@upi,TRANSACTION_TIMEOUT
25743.29,10,37.26204240344574,0,HDFC,@phonepe,WRONG_DEBIT
14527.39,0,13.89333973952083,0,ICICI,@phonepe,WRONG_DEBIT
2280.07,10,1.2635767881375766,0,BOB,@upi,TECHNICAL_DECLINE
2506.7,18,181.73494551071758,0,BOB,@ybl,TRANSACTION_TIMEOUT
376.96,5,1.8979869474430089,0,PNB,@okaxis,TECHNICAL_DECLINE
8803.82,17,15.51754737279051,1,SBI,@phonepe,DUPLICATE_TRANSACTION
9443.16,9,16.476177363990338,1,HDFC,@gpay,DUPLICATE_TRANSACTION
99366.54,14,56.16993362340075,0,AXIS,@okaxis,BENEFICIARY_NOT_CREDITED
3023.18,1,5.705549793142572,0,SBI,@ybl,TECHNICAL_DECLINE
15654.67,17,121.73725238390443,0,ICICI,@paytm,TRANSACTION_TIMEOUT
12848.64,13,100.96562209654816,0,BOB,@okaxis,TRANSACTION_TIMEOUT
4476.4,9,15.536421897592053,1,SBI,@paytm,DUPLICATE_TRANSACTION
14312.43,7,28.7233656866036,0,AXIS,@ybl,WRONG_DEBIT
19935.72,19,102.91321350850504,0,KOTAK,@upi,TRANSACTION_TIMEOUT
7459.49,19,22.851941788065464,1,SBI,@okaxis,DUPLICATE_TRANSACTION
9640.86,14,60.093901586396285,0,AXIS,@ybl,TRANSACTION_TIMEOUT
33179.37,16,98.29771082819657,0,HDFC,@gpay,BENEFICIARY_NOT_CREDITED
41890.52,9,24.082765243992146,0,PNB,@paytm,WRONG_DEBIT
5427.12,17,21.201632503464758,1,SBI,@phonepe,DUPLICATE_TRANSACTION
5642.2,19,12.67972722141395,1,AXIS,@okaxis,DUPLICATE_TRANSACTION
8133.28,8,193.30605461004754,0,ICICI,@upi,TRANSACTION_TIMEOUT
7798.95,8,164.51292409730695,0,KOTAK,@ybl,TRANSACTION_TIMEOUT
3061.24,18,4.690176540838808,0,BOB,@paytm,TECHNICAL_DECLINE
3853.45,16,5.086516073222024,0,KOTAK,@paytm,TECHNICAL_DECLINE
12659.09,12,55.03320173578179,0,HDFC,@upi,BENEFICIARY_NOT_CREDITED
1497.98,1,8.243984456192116,0,BOB,@phonepe,TECHNICAL_DECLINE
46913.25,11,77.49293497130616,0,AXIS,@gpay,BENEFICIARY_NOT_CREDITED
30365.62,14,122.29917392241789,0,AXIS,@okaxis,BENEFICIARY_NOT_CREDITED
1368.5,19,98.77496944656092,0,AXIS,@upi,TRANSACTION_TIMEOUT
5541.11,12,21.71593738582368,1,AXIS,@phonepe,DUPLICATE_TRANSACTION
43616.99,7,43.98847360105269,0,SBI,@ybl,WRONG_DEBIT
12037.76,17,12.12048517669657,0,KOTAK,@paytm,WRONG_DEBIT
3210.05,16,22.791376697718512,1,KOTAK,@upi,DUPLICATE_TRANSACTION
33830.63,0,40.3076859634857,0,PNB,@phonepe,WRONG_DEBIT
2524.56,14,0.00509332632837145,0,PNB,@ybl,TECHNICAL_DECLINE
3425.6,12,97.14512962271284,0,PNB,@okaxis,BENEFICIARY_NOT_CREDITED
8396.58,17,15.070148379804372,1,SBI,@ybl,DUPLICATE_TRANSACTION
16766.72,15,153.125192145095,0,SBI,@upi,TRANSACTION_TIMEOUT
16308.0,2,163.9872541228561,0,AXIS,@ybl,TRANSACTION_TIMEOUT
25986.81,5,29.25586620911796,0,PNB,@ybl,WRONG_DEBIT
2114.7,12,10.824438771524942,0,BOB,@gpay,TECHNICAL_DECLINE
2022.41,17,1.432560793321441,0,HDFC,@gpay,TECHNICAL_DECLINE
7467.8,14,3.1158165877544093,1,PNB,@okaxis,DUPLICATE_TRANSACTION
2164.76,0,7.320501052099285,0,AXIS,@ybl,TECHNICAL_DECLINE
81011.46,13,95.69262786393864,0,AXIS,@paytm,BENEFICIARY_NOT_CREDITED
22887.29,13,45.92704147809549,0,BOB,@gpay,BENEFICIARY_NOT_CREDITED
96597.92,14,48.97311871671641,0,ICICI,@paytm,BENEFICIARY_NOT_CREDITED
7667.78,1,185.56825436810402,0,PNB,@paytm,TRANSACTION_TIMEOUT
35061.49,16,44.33349050556388,0,SBI,@okaxis,WRONG_DEBIT
5373.09,22,0.5656216960888871,1,PNB,@okaxis,DUPLICATE_TRANSACTION
8245.91,13,5.906286452739033,1,AXIS,@phonepe,DUPLICATE_TRANSACTION
14512.88,11,28.75585262308884,0,AXIS,@okaxis,WRONG_DEBIT
12013.5,1,188.96280810314366,0,KOTAK,@gpay,TRANSACTION_TIMEOUT
1962.62,20,21.747152265811614,1,ICICI,@phonepe,DUPLICATE_TRANSACTION
47484.79,3,66.80534612055696,0,PNB,@ybl,WRONG_DEBIT
51645.91,13,117.09687492142947,0,ICICI,@ybl,BENEFICIARY_NOT_CREDITED
10393.66,2,147.05137797624366,0,ICICI,@ybl,TRANSACTION_TIMEOUT
16302.03,23,193.13709837177666,0,KOTAK,@upi,TRANSACTION_TIMEOUT
8062.84,11,5.736551790648394,1,SBI,@ybl,DUPLICATE_TRANSACTION
1622.49,4,0.23907906654588418,0,KOTAK,@phonepe,TECHNICAL_DECLINE
79754.17,16,66.75428354626166,0,AXIS,@paytm,BENEFICIARY_NOT_CREDITED
17389.27,22,149.6099171011602,0,ICICI,@okaxis,TRANSACTION_TIMEOUT
5778.42,15,47.98410408876807,0,HDFC,@gpay,BENEFICIARY_NOT_CREDITED
26778.28,2,45.814722410168216,0,AXIS,@gpay,WRONG_DEBIT
6420.56,13,19.83322229514483,1,ICICI,@phonepe,DUPLICATE_TRANSACTION
7452.15,11,90.77929908992513,0,PNB,@paytm,TRANSACTION_TIMEOUT
8200.25,20,1.4773217833724317,1,BOB,@okaxis,DUPLICATE_TRANSACTION
73874.02,15,76.97852174784784,0,ICICI,@ybl,BENEFICIARY_NOT_CREDITED
30620.13,9,13.713060801767849,0,KOTAK,@okaxis,BENEFICIARY_NOT_CREDITED
947.14,16,10.77820386901037,0,HDFC,@phonepe,TECHNICAL_DECLINE
8290.81,11,8.151611365643799,1,BOB,@upi,DUPLICATE_TRANSACTION
82642.37,14,106.1415727318725,0,BOB,@ybl,BENEFICIARY_NOT_CREDITED
8311.06,16,16.040431713491476,1,AXIS,@upi,DUPLICATE_TRANSACTION
24875.66,16,6.09534672028996,0,BOB,@gpay,WRONG_DEBIT
1490.25,22,5.45544244007073,0,SBI,@paytm,TECHNICAL_DECLINE
7415.83,12,18.590846129065888,1,AXIS,@upi,DUPLICATE_TRANSACTION
62034.55,17,146.19701415884848,0,SBI,@paytm,BENEFICIARY_NOT_CREDITED
70030.87,17,148.74438364639067,0,ICICI,@upi,BENEFICIARY_NOT_CREDITED
5653.18,14,113.16053807690497,0,SBI,@phonepe,BENEFICIARY_NOT_CREDITED
14277.09,2,67.93326891241503,0,AXIS,@okaxis,TRANSACTION_TIMEOUT
33127.43,20,31.01451057063617,0,HDFC,@okaxis,WRONG_DEBIT
77244.34,16,37.493647163678524,0,AXIS,@gpay,BENEFICIARY_NOT_CREDITED
24220.92,9,39.749795979597934,0,SBI,@okaxis,BENEFICIARY_NOT_CREDITED
38169.17,12,162.3087295037386,0,KOTAK,@phonepe,BENEFICIARY_NOT_CREDITED
89257.74,11,92.35732749657842,0,PNB,@phonepe,BENEFICIARY_NOT_CREDITED
67439.75,9,98.60432439521317,0,ICICI,@upi,BENEFICIARY_NOT_CREDITED
1163.91,13,22.41811250296838,1,HDFC,@ybl,DUPLICATE_TRANSACTION
2532.9,0,10.566189931509394,0,SBI,@upi,TECHNICAL_DECLINE
5860.11,21,0.9106963705827535,1,BOB,@phonepe,DUPLICATE_TRANSACTION
9461.37,19,14.946125535796615,1,AXIS,@gpay,DUPLICATE_TRANSACTION
44690.96,21,26.229974145934086,0,PNB,@phonepe,WRONG_DEBIT
93965.3,15,137.7657894839392,0,KOTAK,@phonepe,BENEFICIARY_NOT_CREDITED
2539.35,12,9.559894801238183,0,PNB,@ybl,TECHNICAL_DECLINE
3488.07,7,7.131580732132318,0,KOTAK,@okaxis,TECHNICAL_DECLINE
21148.32,9,97.58489257023082,0,SBI,@paytm,BENEFICIARY_NOT_CREDITED
2572.46,11,9.142311523400537,0,KOTAK,@ybl,TECHNICAL_DECLINE
4613.54,16,11.282879578057422,0,HDFC,@upi,TECHNICAL_DECLINE
1766.52,5,8.712505716299829,0,BOB,@okaxis,TECHNICAL_DECLINE
6079.59,16,4.7658437512130325,1,PNB,@paytm,DUPLICATE_TRANSACTION
3052.3,13,9.76347804320149,0,PNB,@upi,TECHNICAL_DECLINE
4300.31,21,6.2715592049727205,0,AXIS,@upi,TECHNICAL_DECLINE
41645.65,9,24.586022545216043,0,AXIS,@gpay,WRONG_DEBIT
68052.01,15,107.93514446255261,0,HDFC,@gpay,BENEFICIARY_NOT_CREDITED
4530.34,16,19.37359833220198,1,KOTAK,@ybl,DUPLICATE_TRANSACTION
52280.5,14,9.926919234616724,0,KOTAK,@okaxis,BENEFICIARY_NOT_CREDITED
33260.1,1,34.965873424566524,0,PNB,@gpay,WRONG_DEBIT
12678.95,18,65.60716834205166,0,AXIS,@phonepe,WRONG_DEBIT
5852.04,18,9.573608069279656,1,SBI,@okaxis,DUPLICATE_TRANSACTION
48261.04,16,32.753938432913635,0,ICICI,@paytm,BENEFICIARY_NOT_CREDITED
3048.93,20,6.129606275205711,1,BOB,@phonepe,DUPLICATE_TRANSACTION
34135.15,7,45.75246536202285,0,KOTAK,@ybl,WRONG_DEBIT
45455.39,20,44.93827311640977,0,PNB,@paytm,WRONG_DEBIT
3471.62,1,54.52488856093437,0,BOB,@ybl,WRONG_DEBIT
18204.67,19,151.5317632816762,0,PNB,@paytm,TRANSACTION_TIMEOUT
12405.86,20,86.40655074288962,0,ICICI,@ybl,TRANSACTION_TIMEOUT
48942.04,12,29.88783824208886,0,AXIS,@phonepe,WRONG_DEBIT
1419.0,0,122.28452004153735,0,KOTAK,@gpay,TRANSACTION_TIMEOUT
18703.59,14,71.19010409141876,0,ICICI,@upi,BENEFICIARY_NOT_CREDITED
27231.03,3,68.66634930147117,0,BOB,@gpay,WRONG_DEBIT
32605.84,2,53.02876159407534,0,HDFC,@upi,WRONG_DEBIT
1183.91,2,3.9663590632383223,0,KOTAK,@paytm,TECHNICAL_DECLINE
41972.2,15,21.254842974256885,0,BOB,@upi,WRONG_DEBIT
17537.97,22,153.75150967169105,0,ICICI,@paytm,TRANSACTION_TIMEOUT
1951.16,9,1.780408104320116,0,BOB,@upi,TECHNICAL_DECLINE
1054.58,15,3.3670801899897613,1,ICICI,@phonepe,DUPLICATE_TRANSACTION
16751.84,8,197.79480334130986,0,AXIS,@paytm,TRANSACTION_TIMEOUT
19100.91,12,4.414099804790468,0,AXIS,@upi,WRONG_DEBIT
4965.29,15,12.680723285371204,1,KOTAK,@gpay,DUPLICATE_TRANSACTION
12856.27,17,8.487237295758415,0,HDFC,@ybl,WRONG_DEBIT
8082.56,8,12.090784846669951,1,SBI,@ybl,DUPLICATE_TRANSACTION
4068.76,17,8.639929090126211,0,PNB,@paytm,TECHNICAL_DECLINE
22859.4,23,24.82885789314286,0,AXIS,@phonepe,WRONG_DEBIT
12790.58,21,113.14138865851032,0,SBI,@okaxis,TRANSACTION_TIMEOUT
45727.01,14,76.12675621329646,0,HDFC,@gpay,BENEFICIARY_NOT_CREDITED
4044.8,15,20.896421264689597,1,SBI,@upi,DUPLICATE_TRANSACTION
3776.75,8,9.218538477051606,0,KOTAK,@paytm,TECHNICAL_DECLINE
40935.15,19,51.56127474128101,0,KOTAK,@upi,WRONG_DEBIT
7448.62,15,12.702088644925574,1,KOTAK,@upi,DUPLICATE_TRANSACTION
6358.32,6,165.1787416825702,0,KOTAK,@paytm,TRANSACTION_TIMEOUT
31923.73,12,33.33062033490992,0,ICICI,@paytm,BENEFICIARY_NOT_CREDITED
61381.02,17,30.07424159607861,0,BOB,@ybl,BENEFICIARY_NOT_CREDITED
207.02,4,28.270754431286456,0,BOB,@ybl,WRONG_DEBIT
34086.36,16,58.98532527526866,0,BOB,@upi,BENEFICIARY_NOT_CREDITED
2227.41,9,9.478826049991335,0,HDFC,@ybl,TECHNICAL_DECLINE
5337.14,13,1.9360413737470523,1,AXIS,@gpay,DUPLICATE_TRANSACTION
621.71,21,19.420767250470764,1,KOTAK,@gpay,DUPLICATE_TRANSACTION
23787.53,5,70.69293132392214,0,ICICI,@upi,WRONG_DEBIT
8669.2,16,18.400120837727016,1,HDFC,@upi,DUPLICATE_TRANSACTION
55562.28,9,90.38946865102253,0,PNB,@okaxis,BENEFICIARY_NOT_CREDITED
17622.8,2,64.31177319044212,0,BOB,@phonepe,TRANSACTION_TIMEOUT
201.42,9,8.42505203602391,0,ICICI,@paytm,TECHNICAL_DECLINE
19633.3,21,173.99763690221383,0,AXIS,@ybl,TRANSACTION_TIMEOUT
1018.28,10,10.685331363740731,1,PNB,@ybl,DUPLICATE_TRANSACTION
617.94,18,6.369617423413724,0,HDFC,@upi,TECHNICAL_DECLINE
19984.88,13,196.074775602019,0,SBI,@gpay,TRANSACTION_TIMEOUT
16757.91,13,34.8475814949148,0,BOB,@upi,WRONG_DEBIT
2379.46,0,116.70401892255322,0,HDFC,@ybl,TRANSACTION_TIMEOUT
2110.96,20,5.197727883526014,0,AXIS,@upi,TECHNICAL_DECLINE
10534.56,16,149.02416783782317,0,SBI,@okaxis,BENEFICIARY_NOT_CREDITED
43059.27,18,57.059110276169235,0,PNB,@ybl,BENEFICIARY_NOT_CREDITED
97712.03,14,29.789878025829104,0,AXIS,@ybl,BENEFICIARY_NOT_CREDITED
10813.53,18,145.29204149246166,0,AXIS,@upi,TRANSACTION_TIMEOUT
16243.71,7,151.43824563997532,0,KOTAK,@phonepe,TRANSACTION_TIMEOUT
19462.66,12,2.448475540934952,0,PNB,@gpay,WRONG_DEBIT
6600.21,19,19.889066582345787,1,HDFC,@phonepe,DUPLICATE_TRANSACTION
44104.07,11,51.29877768864239,0,HDFC,@upi,WRONG_DEBIT
15940.83,2,101.37433846226574,0,BOB,@paytm,TRANSACTION_TIMEOUT
3088.61,12,8.740740597316238,0,PNB,@upi,TECHNICAL_DECLINE
1494.25,8,15.612002189211262,1,AXIS,@ybl,DUPLICATE_TRANSACTION
3434.21,17,10.045533312911129,1,PNB,@paytm,DUPLICATE_TRANSACTION
64043.99,18,164.1032682490314,0,SBI,@upi,BENEFICIARY_NOT_CREDITED
2378.03,20,12.122992117445904,1,SBI,@paytm,DUPLICATE_TRANSACTION
2601.53,21,172.0804846890942,0,PNB,@paytm,TRANSACTION_TIMEOUT
3785.16,23,164.11937079836434,0,HDFC,@phonepe,TRANSACTION_TIMEOUT
8012.34,21,173.90758937834747,0,ICICI,@paytm,TRANSACTION_TIMEOUT
2722.22,11,11.299759186850235,0,PNB,@okaxis,TECHNICAL_DECLINE
2704.28,11,6.57867708486464,1,KOTAK,@gpay,DUPLICATE_TRANSACTION
5068.6,13,128.17220569631445,0,PNB,@okaxis,TRANSACTION_TIMEOUT
8914.23,20,187.70907303017702,0,ICICI,@phonepe,TRANSACTION_TIMEOUT
2984.97,22,87.60952751563923,0,PNB,@ybl,TRANSACTION_TIMEOUT
7814.04,3,169.71212781660756,0,AXIS,@upi,TRANSACTION_TIMEOUT
24520.61,18,68.98170126058365,0,AXIS,@phonepe,BENEFICIARY_NOT_CREDITED
6066.78,11,3.361416469366432,1,KOTAK,@gpay,DUPLICATE_TRANSACTION
52487.94,9,101.8738641449207,0,PNB,@gpay,BENEFICIARY_NOT_CREDITED
4257.82,3,5.047496855737353,0,ICICI,@okaxis,TECHNICAL_DECLINE
298.52,9,4.18139248473762,0,KOTAK,@gpay,TECHNICAL_DECLINE
2883.13,15,185.67842018061393,0,ICICI,@paytm,TRANSACTION_TIMEOUT
3442.43,9,3.135228515339608,1,BOB,@okaxis,DUPLICATE_TRANSACTION
7927.65,12,81.88703286964287,0,HDFC,@phonepe,TRANSACTION_TIMEOUT
31181.54,23,18.16629817194435,0,AXIS,@ybl,WRONG_DEBIT
71645.12,11,51.65963117745678,0,BOB,@okaxis,BENEFICIARY_NOT_CREDITED
10369.27,10,190.89221891690983,0,HDFC,@ybl,TRANSACTION_TIMEOUT
972.1,15,4.448479956878745,0,AXIS,@paytm,TECHNICAL_DECLINE
3778.51,18,3.445985310491861,1,KOTAK,@phonepe,DUPLICATE_TRANSACTION
26424.78,16,5.870586945508826,0,PNB,@phonepe,BENEFICIARY_NOT_CREDITED
31318.24,11,58.001520512194496,0,AXIS,@phonepe,WRONG_DEBIT
71067.99,9,81.94425629429449,0,AXIS,@phonepe,BENEFICIARY_NOT_CREDITED
2352.18,9,1.3803755544881398,0,KOTAK,@upi,TECHNICAL_DECLINE
1277.54,15,10.456984885894542,1,AXIS,@okaxis,DUPLICATE_TRANSACTION
2045.43,17,6.867615140794205,1,ICICI,@upi,DUPLICATE_TRANSACTION
9209.64,13,3.043145886708073,1,BOB,@okaxis,DUPLICATE_TRANSACTION
681.61,0,7.960313843697164,0,SBI,@gpay,TECHNICAL_DECLINE
11234.44,15,117.92791994335973,0,SBI,@phonepe,BENEFICIARY_NOT_CREDITED
2221.98,8,63.00337773328002,0,PNB,@okaxis,TRANSACTION_TIMEOUT
1726.89,3,21.08888376130136,0,BOB,@ybl,WRONG_DEBIT
5724.91,18,16.3323252594672,1,HDFC,@upi,DUPLICATE_TRANSACTION
8300.31,16,19.664604422856836,1,ICICI,@phonepe,DUPLICATE_TRANSACTION
1326.96,17,11.798959931298679,0,PNB,@paytm,TECHNICAL_DECLINE
6819.96,15,5.290988339135912,0,AXIS,@ybl,WRONG_DEBIT
45734.94,12,46.59657821161247,0,SBI,@gpay,WRONG_DEBIT
122.02,18,1.1533370626999693,0,AXIS,@phonepe,TECHNICAL_DECLINE
49001.61,13,3.3395238543170542,0,KOTAK,@paytm,BENEFICIARY_NOT_CREDITED
385.08,20,23.29954967700551,1,BOB,@okaxis,DUPLICATE_TRANSACTION
3694.76,5,6.794099864531761,0,HDFC,@ybl,TECHNICAL_DECLINE
82897.67,18,104.15911908866464,0,AXIS,@phonepe,BENEFICIARY_NOT_CREDITED
3769.36,1,1.8546375359179108,0,KOTAK,@gpay,TECHNICAL_DECLINE
8473.56,10,67.26568267387844,0,AXIS,@upi,TRANSACTION_TIMEOUT
55732.19,11,88.62141005233414,0,ICICI,@gpay,BENEFICIARY_NOT_CREDITED
4404.99,10,5.037377641655768,0,AXIS,@paytm,TECHNICAL_DECLINE
27765.74,11,41.73223608098916,0,HDFC,@upi,WRONG_DEBIT
43164.09,17,36.824944503401234,0,HDFC,@upi,WRONG_DEBIT
100.5,13,22.265812253078906,1,AXIS,@okaxis,DUPLICATE_TRANSACTION
5506.93,14,20.76640114615409,1,PNB,@ybl,DUPLICATE_TRANSACTION
7881.17,18,20.328322045881993,1,ICICI,@paytm,DUPLICATE_TRANSACTION
199.8,9,1.4739392969094673,1,BOB,@okaxis,DUPLICATE_TRANSACTION
44991.71,13,41.11943403729549,0,ICICI,@gpay,WRONG_DEBIT
8743.68,17,11.217048593484467,1,PNB,@ybl,DUPLICATE_TRANSACTION
1217.2,12,1.6582663086170557,1,BOB,@upi,DUPLICATE_TRANSACTION
48779.4,17,4.284656942371558,0,HDFC,@upi,WRONG_DEBIT
4598.0,10,14.871612607804535,1,ICICI,@upi,DUPLICATE_TRANSACTION
1610.44,4,7.946449538344689,0,AXIS,@gpay,TECHNICAL_DECLINE
54024.8,12,52.16068467860352,0,ICICI,@upi,BENEFICIARY_NOT_CREDITED
4084.64,18,165.2465039502031,0,PNB,@okaxis,TRANSACTION_TIMEOUT
12932.82,8,141.5963774414236,0,SBI,@okaxis,TRANSACTION_TIMEOUT
2745.52,4,55.529886839675626,0,PNB,@gpay,WRONG_DEBIT
3658.62,21,12.587362916019941,1,SBI,@ybl,DUPLICATE_TRANSACTION
8933.06,18,5.305572377898319,1,AXIS,@upi,DUPLICATE_TRANSACTION
6511.63,21,14.615504461070211,1,AXIS,@paytm,DUPLICATE_TRANSACTION
231.05,10,11.520303271138992,0,KOTAK,@ybl,TECHNICAL_DECLINE
21191.66,11,99.03218785201486,0,HDFC,@phonepe,BENEFICIARY_NOT_CREDITED
3047.11,1,11.768485646500585,0,PNB,@okaxis,TECHNICAL_DECLINE
6916.19,16,95.57241847912671,0,PNB,@upi,BENEFICIARY_NOT_CREDITED
6555.62,10,11.140836703026022,1,BOB,@okaxis,DUPLICATE_TRANSACTION
3442.92,22,1.1505449361954798,0,SBI,@phonepe,TECHNICAL_DECLINE
496.3,2,6.74909224680489,0,KOTAK,@paytm,TECHNICAL_DECLINE
12564.05,16,90.4935314301583,0,BOB,@okaxis,TRANSACTION_TIMEOUT
53835.39,16,46.16509780297501,0,SBI,@paytm,BENEFICIARY_NOT_CREDITED
28858.22,5,30.30395160047059,0,KOTAK,@okaxis,WRONG_DEBIT
6997.23,17,175.72424914957617,0,AXIS,@upi,TRANSACTION_TIMEOUT
9874.17,21,1.3393141432012765,1,PNB,@upi,DUPLICATE_TRANSACTION
17839.09,0,5.784017212903849,0,AXIS,@phonepe,WRONG_DEBIT
9647.78,18,15.945244966923994,1,SBI,@ybl,DUPLICATE_TRANSACTION
68718.46,18,22.517558158482363,0,SBI,@upi,BENEFICIARY_NOT_CREDITED
87387.72,15,84.53643780268763,0,PNB,@upi,BENEFICIARY_NOT_CREDITED
1415.82,19,8.747029424899463,0,HDFC,@paytm,TECHNICAL_DECLINE
69608.9,17,19.57366835570473,0,BOB,@gpay,BENEFICIARY_NOT_CREDITED
17158.06,8,154.96524593576322,0,SBI,@okaxis,TRANSACTION_TIMEOUT
78579.85,9,1.7796876178315792,0,SBI,@paytm,BENEFICIARY_NOT_CREDITED
3493.83,12,10.755295841474226,0,AXIS,@gpay,TECHNICAL_DECLINE
69593.92,15,9.453097334425172,0,SBI,@ybl,BENEFICIARY_NOT_CREDITED
17961.04,9,128.9640385571053,0,AXIS,@phonepe,TRANSACTION_TIMEOUT
7788.14,1,191.47665751205346,0,KOTAK,@gpay,TRANSACTION_TIMEOUT
44227.18,17,101.73751248378869,0,KOTAK,@paytm,BENEFICIARY_NOT_CREDITED
1943.98,22,59.725671574957516,0,ICICI,@phonepe,WRONG_DEBIT
6217.15,21,60.236264323765646,0,HDFC,@phonepe,TRANSACTION_TIMEOUT
551.04,10,3.765331720368102,1,HDFC,@phonepe,DUPLICATE_TRANSACTION
2435.99,11,5.4802496060006956,0,ICICI,@ybl,TECHNICAL_DECLINE
3895.7,5,11.169139132015413,0,BOB,@ybl,TECHNICAL_DECLINE
6950.02,14,102.70778911266865,0,SBI,@phonepe,TRANSACTION_TIMEOUT
3385.44,14,13.37877046890976,1,AXIS,@okaxis,DUPLICATE_TRANSACTION
2934.77,15,128.28823252926793,0,SBI,@okaxis,BENEFICIARY_NOT_CREDITED
10550.35,21,108.93016492651208,0,BOB,@okaxis,TRANSACTION_TIMEOUT
2320.18,1,55.79332441218284,0,ICICI,@phonepe,TRANSACTION_TIMEOUT
26488.77,13,57.875508805372895,0,ICICI,@gpay,BENEFICIARY_NOT_CREDITED
44750.02,17,59.30337213539086,0,KOTAK,@phonepe,BENEFICIARY_NOT_CREDITED
1502.17,14,0.07263594448369082,0,BOB,@paytm,TECHNICAL_DECLINE
37501.82,14,112.28185810481472,0,AXIS,@gpay,BENEFICIARY_NOT_CREDITED
4875.59,14,14.480585022481604,1,SBI,@upi,DUPLICATE_TRANSACTION
42652.23,16,7.520254034688637,0,AXIS,@upi,WRONG_DEBIT
9971.39,20,31.742944222661652,0,BOB,@phonepe,WRONG_DEBIT
1806.45,18,3.352907284814003,0,ICICI,@okaxis,TECHNICAL_DECLINE
4702.12,21,2.291430584742213,0,PNB,@gpay,TECHNICAL_DECLINE
8117.42,18,77.86419063414138,0,AXIS,@upi,BENEFICIARY_NOT_CREDITED
4140.93,0,61.974265931338124,0,PNB,@upi,WRONG_DEBIT
8885.58,14,92.76583468174024,0,BOB,@gpay,TRANSACTION_TIMEOUT
1126.88,8,130.91659568850304,0,HDFC,@okaxis,TRANSACTION_TIMEOUT
1726.02,4,5.261871644797466,0,SBI,@gpay,TECHNICAL_DECLINE
11511.49,8,119.48998247414693,0,KOTAK,@gpay,TRANSACTION_TIMEOUT
77667.19,15,117.43949343561076,0,KOTAK,@okaxis,BENEFICIARY_NOT_CREDITED
1139.95,16,5.014943010940758,0,AXIS,@upi,TECHNICAL_DECLINE
35060.49,16,47.90177436617777,0,BOB,@ybl,WRONG_DEBIT
6211.84,23,96.09128063598922,0,PNB,@paytm,TRANSACTION_TIMEOUT
1535.28,2,9.472982670513833,0,AXIS,@upi,TECHNICAL_DECLINE
16675.11,10,152.16638221546935,0,AXIS,@okaxis,BENEFICIARY_NOT_CREDITED
32045.66,0,61.88694351265272,0,ICICI,@upi,WRONG_DEBIT
6794.82,13,1.4283145865550244,0,SBI,@upi,WRONG_DEBIT
6053.92,4,185.81558876848993,0,BOB,@okaxis,TRANSACTION_TIMEOUT
92680.52,18,62.34782222512837,0,BOB,@ybl,BENEFICIARY_NOT_CREDITED
11507.19,11,133.92246327092607,0,BOB,@paytm,TRANSACTION_TIMEOUT
4216.03,9,5.451566761984169,1,AXIS,@okaxis,DUPLICATE_TRANSACTION
4565.12,11,2.6206951942369896,1,KOTAK,@upi,DUPLICATE_TRANSACTION
3550.68,22,7.369182248553001,1,ICICI,@upi,DUPLICATE_TRANSACTION
7672.74,12,7.8667728751303585,1,PNB,@gpay,DUPLICATE_TRANSACTION
1846.77,13,16.632874581157918,1,HDFC,@upi,DUPLICATE_TRANSACTION
2960.85,13,20.080680817355308,1,HDFC,@paytm,DUPLICATE_TRANSACTION
19876.95,22,118.71488601743165,0,BOB,@gpay,TRANSACTION_TIMEOUT
10717.07,13,100.6871777994077,0,KOTAK,@ybl,BENEFICIARY_NOT_CREDITED
1424.6,19,1.3130430854306026,1,ICICI,@paytm,DUPLICATE_TRANSACTION
5203.06,1,67.71611368469038,0,PNB,@paytm,TRANSACTION_TIMEOUT
48118.32,0,56.24462036382545,0,BOB,@ybl,WRONG_DEBIT
4725.08,9,89.61671244793766,0,ICICI,@phonepe,TRANSACTION_TIMEOUT
140.99,20,199.96365501655794,0,PNB,@ybl,TRANSACTION_TIMEOUT
2531.82,13,9.553905357908983,1,HDFC,@upi,DUPLICATE_TRANSACTION
12802.52,18,170.31325032701324,0,PNB,@ybl,TRANSACTION_TIMEOUT
40595.38,10,10.85382758687382,0,SBI,@upi,WRONG_DEBIT
13522.3,20,68.87337348149757,0,ICICI,@phonepe,WRONG_DEBIT
23794.9,20,14.255361915644787,0,AXIS,@okaxis,WRONG_DEBIT
4833.91,13,90.50937234410539,0,ICICI,@ybl,BENEFICIARY_NOT_CREDITED
31711.68,4,59.180146366465245,0,ICICI,@phonepe,WRONG_DEBIT
65686.23,11,147.5001170272556,0,SBI,@paytm,BENEFICIARY_NOT_CREDITED
92796.26,14,135.06199438732904,0,ICICI,@paytm,BENEFICIARY_NOT_CREDITED
17907.91,3,198.99870170879635,0,KOTAK,@paytm,TRANSACTION_TIMEOUT
13390.47,20,38.21953166810664,0,KOTAK,@gpay,WRONG_DEBIT
7339.43,20,73.09982202828539,0,SBI,@paytm,TRANSACTION_TIMEOUT
2509.89,11,5.025959333396748,0,BOB,@upi,TECHNICAL_DECLINE
2267.45,13,22.800543193407652,1,AXIS,@gpay,DUPLICATE_TRANSACTION
1916.11,17,0.759678172393071,0,BOB,@gpay,TECHNICAL_DECLINE
1377.11,6,7.350291213139576,0,BOB,@ybl,TECHNICAL_DECLINE
53222.56,15,97.83473472007518,0,HDFC,@paytm,BENEFICIARY_NOT_CREDITED
71798.79,16,119.81033386404805,0,ICICI,@gpay,BENEFICIARY_NOT_CREDITED
116.16,19,11.683116382454761,0,ICICI,@ybl,TECHNICAL_DECLINE
119.29,21,91.91894419138296,0,SBI,@phonepe,TRANSACTION_TIMEOUT
17701.14,11,51.986390468430976,0,AXIS,@phonepe,TRANSACTION_TIMEOUT
16724.06,21,60.3917284324828,0,SBI,@phonepe,WRONG_DEBIT
3016.74,19,7.605998483276538,0,PNB,@paytm,TECHNICAL_DECLINE
6529.19,12,179.86253739739942,0,AXIS,@upi,TRANSACTION_TIMEOUT
1721.67,10,6.947356971802985,1,HDFC,@phonepe,DUPLICATE_TRANSACTION
279.62,14,5.737882499134631,1,HDFC,@okaxis,DUPLICATE_TRANSACTION
43383.44,13,61.385511641105175,0,AXIS,@paytm,WRONG_DEBIT
3879.83,11,8.157149361086226,1,HDFC,@upi,DUPLICATE_TRANSACTION
42272.07,22,10.582914143814554,0,HDFC,@gpay,WRONG_DEBIT
2049.69,4,9.788734329737487,0,ICICI,@gpay,TECHNICAL_DECLINE
2114.67,3,3.2348281146865063,0,PNB,@gpay,TECHNICAL_DECLINE
93024.32,13,23.77290108295022,0,SBI,@upi,BENEFICIARY_NOT_CREDITED
865.38,9,2.878295662017999,0,ICICI,@gpay,TECHNICAL_DECLINE
7762.58,8,0.3618212390952147,1,HDFC,@gpay,DUPLICATE_TRANSACTION
4531.14,17,4.111189581973527,1,PNB,@upi,DUPLICATE_TRANSACTION
2721.1,11,7.989859353549223,1,PNB,@okaxis,DUPLICATE_TRANSACTION
11386.77,22,189.66729637583302,0,SBI,@gpay,TRANSACTION_TIMEOUT
6081.24,14,2.797780687132689,1,AXIS,@ybl,DUPLICATE_TRANSACTION
5924.99,22,17.67634779745334,1,KOTAK,@phonepe,DUPLICATE_TRANSACTION
14731.53,12,91.45325941229385,0,BOB,@okaxis,TRANSACTION_TIMEOUT
4354.18,14,6.960258895213036,0,SBI,@gpay,TECHNICAL_DECLINE
1475.38,8,48.52836981324641,0,ICICI,@paytm,TRANSACTION_TIMEOUT
890.89,1,107.60089431248265,0,ICICI,@ybl,TRANSACTION_TIMEOUT
6530.13,6,65.51259315596988,0,PNB,@phonepe,WRONG_DEBIT
9450.67,23,72.90764129200812,0,HDFC,@ybl,TRANSACTION_TIMEOUT
4350.28,17,3.4939231201670617,1,SBI,@okaxis,DUPLICATE_TRANSACTION
2903.73,22,5.405674683894919,0,AXIS,@gpay,TECHNICAL_DECLINE
3658.78,5,8.294510480826336,0,ICICI,@okaxis,TECHNICAL_DECLINE
733.88,14,3.9882376660122683,1,ICICI,@gpay,DUPLICATE_TRANSACTION
9916.94,16,20.4994671147622,1,ICICI,@okaxis,DUPLICATE_TRANSACTION
9922.74,10,12.715326577236354,0,ICICI,@gpay,WRONG_DEBIT
60338.06,9,65.25858072295411,0,AXIS,@upi,BENEFICIARY_NOT_CREDITED
38593.41,22,20.971313016077147,0,BOB,@paytm,WRONG_DEBIT
49933.69,9,5.357536110039365,0,SBI,@phonepe,WRONG_DEBIT
1936.7,10,6.039360489423099,1,SBI,@ybl,DUPLICATE_TRANSACTION
13539.48,16,149.13202730767378,0,PNB,@okaxis,TRANSACTION_TIMEOUT
5795.29,11,21.721331454721046,1,PNB,@upi,DUPLICATE_TRANSACTION
3943.26,15,152.7825550369678,0,PNB,@okaxis,BENEFICIARY_NOT_CREDITED
2046.5,15,6.6800313793904085,1,SBI,@gpay,DUPLICATE_TRANSACTION
55505.27,12,35.606221672285336,0,KOTAK,@ybl,BENEFICIARY_NOT_CREDITED
3255.27,18,4.382532279589514,0,KOTAK,@paytm,TECHNICAL_DECLINE
206.0,7,9.149334314370392,0,KOTAK,@upi,TECHNICAL_DECLINE
34357.63,16,61.35521678815684,0,SBI,@paytm,BENEFICIARY_NOT_CREDITED
3526.64,5,4.144363743837612,0,AXIS,@gpay,TECHNICAL_DECLINE
1900.85,19,16.341763470963535,1,HDFC,@paytm,DUPLICATE_TRANSACTION
189.12,13,180.84442883021515,0,HDFC,@okaxis,TRANSACTION_TIMEOUT
12099.79,9,124.44920919479527,0,SBI,@ybl,TRANSACTION_TIMEOUT
5774.06,23,143.77617885538172,0,SBI,@gpay,TRANSACTION_TIMEOUT
580.07,17,2.9953503674220836,0,SBI,@upi,TECHNICAL_DECLINE
17401.84,1,132.51181185975526,0,BOB,@ybl,TRANSACTION_TIMEOUT
768.26,4,5.496893481413339,0,BOB,@upi,TECHNICAL_DECLINE
37339.37,10,58.95083166192103,0,PNB,@upi,WRONG_DEBIT
80383.45,13,150.01586798969925,0,HDFC,@paytm,BENEFICIARY_NOT_CREDITED
44618.71,11,25.566235759841135,0,AXIS,@gpay,WRONG_DEBIT
97856.44,11,71.61106430867454,0,AXIS,@ybl,BENEFICIARY_NOT_CREDITED
17937.28,16,51.977878328149494,0,PNB,@okaxis,TRANSACTION_TIMEOUT
94991.64,14,95.92683858561134,0,SBI,@ybl,BENEFICIARY_NOT_CREDITED
12492.92,13,59.147606635077494,0,ICICI,@phonepe,WRONG_DEBIT
76093.03,11,4.918176515693242,0,SBI,@phonepe,BENEFICIARY_NOT_CREDITED
1488.3,14,15.214120936480597,1,SBI,@gpay,DUPLICATE_TRANSACTION
86913.42,12,80.90208705432481,0,SBI,@gpay,BENEFICIARY_NOT_CREDITED
19411.39,10,8.182777163776318,0,HDFC,@phonepe,BENEFICIARY_NOT_CREDITED
10716.58,20,186.3732875927145,0,KOTAK,@upi,TRANSACTION_TIMEOUT
24456.64,10,125.82251032382173,0,ICICI,@gpay,BENEFICIARY_NOT_CREDITED
16761.6,15,47.03108622088488,0,AXIS,@phonepe,BENEFICIARY_NOT_CREDITED
11025.57,1,114.09960587787775,0,PNB,@upi,TRANSACTION_TIMEOUT
5880.39,5,124.95196329700757,0,PNB,@gpay,TRANSACTION_TIMEOUT
23387.34,21,53.067734972786994,0,AXIS,@okaxis,WRONG_DEBIT
36753.6,23,4.981354987529669,0,HDFC,@paytm,WRONG_DEBIT
3013.82,21,23.278331868051332,1,KOTAK,@paytm,DUPLICATE_TRANSACTION
39477.02,13,158.38825709757947,0,HDFC,@paytm,BENEFICIARY_NOT_CREDITED
2463.6,22,7.0369449245552715,0,HDFC,@paytm,TECHNICAL_DECLINE
25989.61,10,139.04654875491332,0,PNB,@upi,BENEFICIARY_NOT_CREDITED
22022.13,22,13.848660718764174,0,HDFC,@upi,WRONG_DEBIT
91792.79,11,167.8651398430622,0,SBI,@okaxis,BENEFICIARY_NOT_CREDITED
1119.21,22,11.491412617049967,0,SBI,@paytm,TECHNICAL_DECLINE
9017.05,10,10.852379750879155,0,HDFC,@upi,BENEFICIARY_NOT_CREDITED
68663.27,12,13.53166098803279,0,BOB,@phonepe,BENEFICIARY_NOT_CREDITED
78691.69,12,15.723493254633247,0,PNB,@okaxis,BENEFICIARY_NOT_CREDITED
2332.98,10,0.4667614448402051,0,AXIS,@paytm,TECHNICAL_DECLINE
8952.96,11,146.41731513735567,0,SBI,@paytm,TRANSACTION_TIMEOUT
52477.46,14,157.5179834218294,0,SBI,@ybl,BENEFICIARY_NOT_CREDITED
28383.7,3,19.140110878610145,0,ICICI,@ybl,WRONG_DEBIT
1129.83,4,57.88610300496016,0,BOB,@gpay,TRANSACTION_TIMEOUT
2002.58,3,11.575378537322932,0,HDFC,@paytm,TECHNICAL_DECLINE
45370.04,13,12.539948808263489,0,PNB,@ybl,WRONG_DEBIT
12877.12,11,44.37625132413343,0,SBI,@paytm,WRONG_DEBIT
19705.04,20,61.70453135947907,0,SBI,@paytm,WRONG_DEBIT
95400.84,16,32.19141230849168,0,SBI,@phonepe,BENEFICIARY_NOT_CREDITED
1302.71,19,0.864799349923925,1,ICICI,@ybl,DUPLICATE_TRANSACTION
9425.94,0,31.587233561592335,0,SBI,@upi,WRONG_DEBIT
27332.44,9,23.103423972318144,0,PNB,@upi,WRONG_DEBIT
3076.35,8,13.171046647589286,1,AXIS,@upi,DUPLICATE_TRANSACTION
37010.5,13,48.54623844247035,0,ICICI,@phonepe,WRONG_DEBIT
8144.41,14,0.9354277430417142,1,PNB,@paytm,DUPLICATE_TRANSACTION
3703.38,19,6.901108971615315,0,BOB,@paytm,TECHNICAL_DECLINE
4917.2,22,10.04797619005055,0,BOB,@paytm,TECHNICAL_DECLINE
40585.74,19,49.17652800951122,0,HDFC,@gpay,WRONG_DEBIT
2313.18,22,1.3271584505385583,0,BOB,@okaxis,TECHNICAL_DECLINE
6651.48,21,19.018893535653472,1,ICICI,@okaxis,DUPLICATE_TRANSACTION
2292.58,9,8.795781351048413,0,SBI,@upi,TECHNICAL_DECLINE
4331.45,8,7.471468819679887,0,BOB,@phonepe,TECHNICAL_DECLINE
63774.32,13,119.18475059598417,0,BOB,@paytm,BENEFICIARY_NOT_CREDITED
4111.23,12,15.474606902666956,1,AXIS,@gpay,DUPLICATE_TRANSACTION
4690.54,13,7.50421746926464,0,BOB,@ybl,TECHNICAL_DECLINE
17895.28,17,57.50788651083744,0,HDFC,@paytm,TRANSACTION_TIMEOUT
7471.97,11,95.44289275981981,0,PNB,@gpay,BENEFICIARY_NOT_CREDITED
3053.43,8,76.73191096576284,0,PNB,@ybl,TRANSACTION_TIMEOUT
9467.85,19,126.53152259814803,0,PNB,@ybl,TRANSACTION_TIMEOUT
9229.56,2,49.75900622428751,0,HDFC,@okaxis,TRANSACTION_TIMEOUT
2589.3,8,12.079608072581209,1,BOB,@gpay,DUPLICATE_TRANSACTION
8782.82,12,32.896229430887146,0,BOB,@paytm,BENEFICIARY_NOT_CREDITED
45713.32,11,10.145321613861583,0,ICICI,@upi,BENEFICIARY_NOT_CREDITED
7935.39,14,2.0135197929076076,1,PNB,@ybl,DUPLICATE_TRANSACTION
259.9,15,19.830379839169126,1,ICICI,@okaxis,DUPLICATE_TRANSACTION
73483.08,11,64.68645917338685,0,BOB,@ybl,BENEFICIARY_NOT_CREDITED
44092.53,17,65.96845375127823,0,AXIS,@okaxis,WRONG_DEBIT
15540.11,2,177.3300891113918,0,HDFC,@okaxis,TRANSACTION_TIMEOUT
663.73,12,105.33906742560345,0,PNB,@okaxis,BENEFICIARY_NOT_CREDITED
6617.06,18,22.70645892609533,1,AXIS,@ybl,DUPLICATE_TRANSACTION
4405.43,13,51.137042028665135,0,KOTAK,@ybl,TRANSACTION_TIMEOUT
8891.06,11,5.245056119482175,1,KOTAK,@okaxis,DUPLICATE_TRANSACTION
4882.35,15,118.26894137662087,0,PNB,@ybl,BENEFICIARY_NOT_CREDITED
270.89,22,99.73601607860304,0,HDFC,@okaxis,TRANSACTION_TIMEOUT
32465.41,10,59.86643846590055,0,HDFC,@upi,WRONG_DEBIT
361.36,6,0.5166133418163188,0,PNB,@okaxis,TECHNICAL_DECLINE
3671.0,19,17.03283040354367,1,BOB,@okaxis,DUPLICATE_TRANSACTION
17639.09,11,64.16206782339346,0,SBI,@phonepe,WRONG_DEBIT
29293.43,23,20.73041945538089,0,HDFC,@gpay,WRONG_DEBIT
21512.66,10,66.53716255757782,0,SBI,@paytm,BENEFICIARY_NOT_CREDITED
6002.63,20,22.86067049223794,1,KOTAK,@paytm,DUPLICATE_TRANSACTION
8038.67,18,65.88291105533364,0,PNB,@okaxis,TRANSACTION_TIMEOUT
37124.57,9,44.01351993657925,0,KOTAK,@gpay,WRONG_DEBIT
9916.98,8,140.70695932344208,0,ICICI,@gpay,TRANSACTION_TIMEOUT
22550.94,8,40.571390658719174,0,PNB,@paytm,WRONG_DEBIT
38364.55,13,31.599808394644473,0,SBI,@paytm,WRONG_DEBIT
14025.92,15,24.407329903553308,0,BOB,@gpay,WRONG_DEBIT
16686.98,14,25.517938780881092,0,PNB,@gpay,WRONG_DEBIT
6245.87,8,17.188515997835434,1,ICICI,@okaxis,DUPLICATE_TRANSACTION
811.99,6,191.9178702879847,0,HDFC,@gpay,TRANSACTION_TIMEOUT
9964.47,17,113.26077183484873,0,BOB,@phonepe,TRANSACTION_TIMEOUT
9492.43,11,177.72063588286576,0,BOB,@phonepe,TRANSACTION_TIMEOUT
44441.43,7,18.627204355748297,0,PNB,@ybl,WRONG_DEBIT
20592.98,11,83.9103028414661,0,KOTAK,@paytm,BENEFICIARY_NOT_CREDITED
661.54,16,1.0743569903170345,1,BOB,@upi,DUPLICATE_TRANSACTION
10453.67,17,6.40782086290253,0,HDFC,@paytm,WRONG_DEBIT
12528.99,4,57.758634673889446,0,HDFC,@okaxis,WRONG_DEBIT
8486.05,12,21.75900043788617,1,BOB,@ybl,DUPLICATE_TRANSACTION
29904.24,19,1.7703102941051991,0,AXIS,@phonepe,WRONG_DEBIT
14115.45,17,170.60920489667137,0,SBI,@paytm,TRANSACTION_TIMEOUT
8031.86,18,50.8083981558663,0,AXIS,@phonepe,TRANSACTION_TIMEOUT
26953.19,18,9.012015095921699,0,ICICI,@okaxis,BENEFICIARY_NOT_CREDITED
74613.19,15,120.82615837832542,0,AXIS,@upi,BENEFICIARY_NOT_CREDITED
1338.86,10,23.64457770578351,1,PNB,@ybl,DUPLICATE_TRANSACTION
4372.12,8,8.171454060417538,1,BOB,@upi,DUPLICATE_TRANSACTION
8551.72,12,1.3915728158352048,0,BOB,@gpay,WRONG_DEBIT
3283.48,13,4.268407498690257,0,SBI,@okaxis,TECHNICAL_DECLINE
9038.09,19,12.72962997932766,1,SBI,@ybl,DUPLICATE_TRANSACTION
2585.0,12,10.838710628465604,0,BOB,@okaxis,TECHNICAL_DECLINE
4498.54,6,8.02410512432374,0,AXIS,@phonepe,TECHNICAL_DECLINE
19424.2,18,161.88602932234312,0,KOTAK,@paytm,BENEFICIARY_NOT_CREDITED
2409.46,12,13.354997177284002,1,AXIS,@paytm,DUPLICATE_TRANSACTION
30714.27,12,123.23028568617127,0,BOB,@gpay,BENEFICIARY_NOT_CREDITED
18089.54,12,165.2128189347983,0,PNB,@paytm,TRANSACTION_TIMEOUT
4848.88,1,6.145084827776692,0,AXIS,@phonepe,TECHNICAL_DECLINE
7801.35,15,14.46840518223529,1,AXIS,@ybl,DUPLICATE_TRANSACTION
1136.41,19,5.227610824213853,1,SBI,@gpay,DUPLICATE_TRANSACTION
178.58,5,3.426130318565877,0,KOTAK,@gpay,TECHNICAL_DECLINE
10790.67,10,71.87461430382925,0,ICICI,@phonepe,TRANSACTION_TIMEOUT
14516.46,21,59.92009264406857,0,HDFC,@gpay,TRANSACTION_TIMEOUT
37799.15,13,35.41962758476599,0,PNB,@paytm,WRONG_DEBIT
4663.76,13,0.5306959827504638,0,HDFC,@ybl,TECHNICAL_DECLINE
17486.71,16,182.6129640824775,0,AXIS,@okaxis,TRANSACTION_TIMEOUT
7086.24,10,17.641141778740824,1,BOB,@ybl,DUPLICATE_TRANSACTION
55460.25,18,37.49497093993614,0,BOB,@phonepe,BENEFICIARY_NOT_CREDITED
70393.4,9,105.8682451997546,0,SBI,@upi,BENEFICIARY_NOT_CREDITED
62787.68,9,116.13289139298993,0,KOTAK,@okaxis,BENEFICIARY_NOT_CREDITED
3953.41,6,161.46848164924748,0,AXIS,@ybl,TRANSACTION_TIMEOUT
3801.9,16,1.4376423059958294,0,SBI,@phonepe,TECHNICAL_DECLINE
2702.18,1,1.649351799936956,0,PNB,@ybl,TECHNICAL_DECLINE
98827.3,11,115.78437573339141,0,PNB,@gpay,BENEFICIARY_NOT_CREDITED
17293.21,6,1.5954854675737984,0,HDFC,@ybl,WRONG_DEBIT
4009.75,3,7.4156243243021445,0,BOB,@phonepe,TECHNICAL_DECLINE
3510.51,16,5.097965146048038,0,HDFC,@paytm,TECHNICAL_DECLINE
6680.43,12,153.30863609577213,0,ICICI,@phonepe,BENEFICIARY_NOT_CREDITED
7508.71,18,89.14485371766679,0,KOTAK,@upi,BENEFICIARY_NOT_CREDITED
35032.71,10,85.8280223672002,0,ICICI,@ybl,BENEFICIARY_NOT_CREDITED
2652.29,9,7.807252451013319,0,BOB,@upi,TECHNICAL_DECLINE
14898.2,14,4.947062987550976,0,BOB,@phonepe,BENEFICIARY_NOT_CREDITED
5310.98,10,1.0997700370753174,1,ICICI,@okaxis,DUPLICATE_TRANSACTION
82694.05,9,109.61096375983263,0,BOB,@paytm,BENEFICIARY_NOT_CREDITED
10216.41,14,115.8619222924773,0,SBI,@phonepe,TRANSACTION_TIMEOUT
1824.87,10,13.687938615453458,0,PNB,@phonepe,WRONG_DEBIT
15929.0,20,144.10803317796194,0,BOB,@ybl,TRANSACTION_TIMEOUT
32650.28,12,61.82124501890359,0,ICICI,@gpay,WRONG_DEBIT
1452.45,5,195.75882839029305,0,AXIS,@phonepe,TRANSACTION_TIMEOUT
49755.12,2,59.830202633793895,0,PNB,@gpay,WRONG_DEBIT
6196.61,14,9.977838762184913,1,HDFC,@upi,DUPLICATE_TRANSACTION
51076.31,11,161.44349875158412,0,SBI,@upi,BENEFICIARY_NOT_CREDITED
4224.1,16,8.208541645144265,1,AXIS,@okaxis,DUPLICATE_TRANSACTION
6984.33,18,8.680443718060271,1,AXIS,@ybl,DUPLICATE_TRANSACTION
695.71,14,1.6395645011244309,1,BOB,@ybl,DUPLICATE_TRANSACTION
4093.29,21,18.353968315899763,0,HDFC,@okaxis,WRONG_DEBIT
6200.82,23,57.14976448813913,0,BOB,@upi,TRANSACTION_TIMEOUT
859.91,13,8.11923448837578,0,BOB,@gpay,TECHNICAL_DECLINE
92758.14,15,139.4404139750412,0,AXIS,@okaxis,BENEFICIARY_NOT_CREDITED
6296.12,16,11.372832204862636,1,AXIS,@ybl,DUPLICATE_TRANSACTION
26440.42,11,38.476708842139324,0,AXIS,@paytm,BENEFICIARY_NOT_CREDITED
34782.76,12,76.43455389525906,0,PNB,@paytm,BENEFICIARY_NOT_CREDITED
5363.85,20,3.921066180136953,1,BOB,@phonepe,DUPLICATE_TRANSACTION
19285.82,5,134.65066154195563,0,PNB,@ybl,TRANSACTION_TIMEOUT
7302.71,5,117.04984527986409,0,BOB,@phonepe,TRANSACTION_TIMEOUT
67583.86,13,3.3172932948092395,0,BOB,@phonepe,BENEFICIARY_NOT_CREDITED
3206.09,16,9.071831523235307,0,KOTAK,@gpay,TECHNICAL_DECLINE
2299.81,19,4.296370476117891,0,ICICI,@ybl,TECHNICAL_DECLINE
63023.81,11,31.26089194070652,0,HDFC,@okaxis,BENEFICIARY_NOT_CREDITED
44084.4,14,43.92554572126602,0,SBI,@ybl,BENEFICIARY_NOT_CREDITED
7225.21,22,154.14182733397828,0,KOTAK,@upi,TRANSACTION_TIMEOUT
3496.3,17,52.455976539583446,0,AXIS,@ybl,WRONG_DEBIT
905.45,14,0.7492414956593128,0,BOB,@gpay,TECHNICAL_DECLINE
2746.85,23,1.7609369933142678,0,BOB,@okaxis,TECHNICAL_DECLINE
1349.27,11,164.93513513223098,0,KOTAK,@gpay,TRANSACTION_TIMEOUT
65318.1,13,38.5265965842976,0,ICICI,@okaxis,BENEFICIARY_NOT_CREDITED
3476.92,14,10.783066366625398,0,ICICI,@okaxis,TECHNICAL_DECLINE
31417.83,11,135.12190048255027,0,HDFC,@gpay,BENEFICIARY_NOT_CREDITED
4495.3,8,9.841564883675666,0,KOTAK,@paytm,TECHNICAL_DECLINE
70038.53,17,88.70136706780161,0,PNB,@upi,BENEFICIARY_NOT_CREDITED
3585.1,17,7.635251160426046,0,HDFC,@okaxis,TECHNICAL_DECLINE
8071.32,8,190.59047636307648,0,ICICI,@ybl,TRANSACTION_TIMEOUT
3142.69,20,11.168396849083827,1,HDFC,@phonepe,DUPLICATE_TRANSACTION
11042.43,6,121.02465300911203,0,KOTAK,@paytm,TRANSACTION_TIMEOUT
88979.86,10,141.09570259228846,0,AXIS,@gpay,BENEFICIARY_NOT_CREDITED
37053.67,6,27.222180211047277,0,AXIS,@paytm,WRONG_DEBIT
7446.32,19,11.885902082470967,1,HDFC,@phonepe,DUPLICATE_TRANSACTION
34965.05,6,65.21788487901208,0,KOTAK,@upi,WRONG_DEBIT
19950.3,13,62.433606921018246,0,PNB,@paytm,WRONG_DEBIT
3475.36,23,150.49814430231035,0,AXIS,@okaxis,TRANSACTION_TIMEOUT
2661.33,18,7.716590320970617,0,AXIS,@ybl,TECHNICAL_DECLINE
3528.63,23,59.55149057757613,0,ICICI,@gpay,TRANSACTION_TIMEOUT
46712.05,11,22.035108775084975,0,AXIS,@ybl,BENEFICIARY_NOT_CREDITED
2175.68,1,11.842821003819724,0,AXIS,@paytm,TECHNICAL_DECLINE
16857.85,2,144.95550627027347,0,KOTAK,@upi,TRANSACTION_TIMEOUT
1860.61,19,1.6913169026955202,0,AXIS,@okaxis,TECHNICAL_DECLINE
69339.67,12,160.7529623633611,0,ICICI,@okaxis,BENEFICIARY_NOT_CREDITED
370.29,0,9.421771164556954,0,ICICI,@phonepe,TECHNICAL_DECLINE
11212.97,14,17.220736340296952,0,SBI,@phonepe,WRONG_DEBIT
9956.71,15,19.97532621716968,1,BOB,@paytm,DUPLICATE_TRANSACTION
17358.5,10,37.28837334673722,0,ICICI,@gpay,WRONG_DEBIT
27912.84,18,23.993801102531314,0,AXIS,@paytm,WRONG_DEBIT
4842.95,14,9.87403491371958,0,AXIS,@ybl,TECHNICAL_DECLINE
13097.87,21,140.06967894738654,0,BOB,@paytm,TRANSACTION_TIMEOUT
1062.19,21,9.388710362030883,1,BOB,@phonepe,DUPLICATE_TRANSACTION
24756.97,12,33.258316068659425,0,SBI,@gpay,BENEFICIARY_NOT_CREDITED
32578.19,9,143.82670066673248,0,SBI,@gpay,BENEFICIARY_NOT_CREDITED
6974.21,19,17.936369191009693,1,ICICI,@upi,DUPLICATE_TRANSACTION
1749.9,5,24.28552183696563,0,SBI,@upi,WRONG_DEBIT
9077.96,19,58.48953005984096,0,KOTAK,@okaxis,TRANSACTION_TIMEOUT
1855.01,18,9.155566410936746,0,BOB,@ybl,TECHNICAL_DECLINE
941.34,3,154.83804895217844,0,AXIS,@paytm,TRANSACTION_TIMEOUT
43145.24,11,62.738372699621316,0,ICICI,@gpay,BENEFICIARY_NOT_CREDITED
3441.99,8,57.716076094206706,0,ICICI,@phonepe,WRONG_DEBIT
37404.13,12,132.19562463567036,0,BOB,@ybl,BENEFICIARY_NOT_CREDITED
2600.43,21,9.642275331909206,0,ICICI,@ybl,TECHNICAL_DECLINE
2224.55,13,7.592476831530344,0,BOB,@phonepe,TECHNICAL_DECLINE
72075.94,18,85.79576236271689,0,HDFC,@paytm,BENEFICIARY_NOT_CREDITED
18624.14,6,162.24185773810572,0,BOB,@ybl,TRANSACTION_TIMEOUT
15251.02,18,69.22174334772973,0,HDFC,@ybl,TRANSACTION_TIMEOUT
13810.22,18,21.205957610690206,0,KOTAK,@okaxis,WRONG_DEBIT
7587.84,9,14.740927546532358,1,ICICI,@phonepe,DUPLICATE_TRANSACTION
5326.62,6,145.6290372290038,0,BOB,@upi,TRANSACTION_TIMEOUT
5488.36,18,111.83815309191914,0,KOTAK,@gpay,BENEFICIARY_NOT_CREDITED
28834.98,23,14.907442779764846,0,AXIS,@gpay,WRONG_DEBIT
4810.53,0,15.518197870517602,0,ICICI,@upi,WRONG_DEBIT
3114.42,6,7.05027855247598,0,BOB,@okaxis,TECHNICAL_DECLINE
5332.23,0,56.23241633166384,0,BOB,@upi,WRONG_DEBIT
62357.03,13,82.84188910850519,0,AXIS,@paytm,BENEFICIARY_NOT_CREDITED
11220.34,1,157.91251766284012,0,AXIS,@okaxis,TRANSACTION_TIMEOUT
47506.03,1,22.345803412588914,0,BOB,@paytm,WRONG_DEBIT
43235.16,10,49.11501877585464,0,PNB,@phonepe,WRONG_DEBIT
10464.13,2,170.18582858526807,0,BOB,@gpay,TRANSACTION_TIMEOUT
41023.38,8,15.208093956642369,0,ICICI,@ybl,WRONG_DEBIT
45794.3,15,18.8632798054378,0,ICICI,@paytm,WRONG_DEBIT
6073.87,11,19.15664018206892,0,SBI,@okaxis,WRONG_DEBIT
737.26,2,9.10293054730263,0,AXIS,@okaxis,TECHNICAL_DECLINE
29856.12,19,57.55140655765132,0,HDFC,@okaxis,WRONG_DEBIT
11823.67,9,4.734990740474738,0,PNB,@ybl,WRONG_DEBIT
95449.2,18,22.51501701785239,0,BOB,@phonepe,BENEFICIARY_NOT_CREDITED
1582.88,20,2.447818438962956,0,AXIS,@paytm,TECHNICAL_DECLINE
4951.37,2,5.046546562716227,0,KOTAK,@paytm,TECHNICAL_DECLINE
37840.48,10,64.35695098872888,0,BOB,@upi,WRONG_DEBIT
9901.29,14,0.43306814862508336,1,AXIS,@phonepe,DUPLICATE_TRANSACTION
6123.81,13,15.16000661455939,1,ICICI,@upi,DUPLICATE_TRANSACTION
89538.52,16,35.66485234393542,0,HDFC,@paytm,BENEFICIARY_NOT_CREDITED
2128.86,3,4.45936553446478,0,SBI,@gpay,TECHNICAL_DECLINE
18004.71,5,57.19587337611304,0,SBI,@ybl,WRONG_DEBIT
9277.96,18,23.727684258977664,1,KOTAK,@okaxis,DUPLICATE_TRANSACTION
3269.63,22,9.841908928956034,0,KOTAK,@paytm,TECHNICAL_DECLINE
99436.5,16,8.216380113435385,0,AXIS,@phonepe,BENEFICIARY_NOT_CREDITED
4429.01,10,3.8724421581277726,0,HDFC,@upi,TECHNICAL_DECLINE
11446.4,6,72.77348027422067,0,SBI,@paytm,TRANSACTION_TIMEOUT
89279.9,16,127.37208155842623,0,PNB,@phonepe,BENEFICIARY_NOT_CREDITED
4119.54,20,40.73372404835611,0,SBI,@gpay,WRONG_DEBIT
580.91,0,2.8133504849457425,0,PNB,@okaxis,TECHNICAL_DECLINE
34711.24,12,35.82819348367908,0,PNB,@paytm,WRONG_DEBIT
4350.15,11,1.8620827560876494,0,KOTAK,@phonepe,TECHNICAL_DECLINE
4267.42,12,6.367721188842161,0,PNB,@paytm,TECHNICAL_DECLINE
69656.44,12,102.21989114203775,0,ICICI,@okaxis,BENEFICIARY_NOT_CREDITED
1732.22,16,48.736587878634865,0,KOTAK,@okaxis,WRONG_DEBIT
3332.97,22,18.9054226648503,1,BOB,@upi,DUPLICATE_TRANSACTION
48664.82,12,102.65936471085323,0,BOB,@okaxis,BENEFICIARY_NOT_CREDITED
9667.25,0,15.433463100776457,0,AXIS,@gpay,WRONG_DEBIT
7754.88,11,69.63570171391943,0,BOB,@okaxis,WRONG_DEBIT
11380.74,22,94.49162172483653,0,SBI,@gpay,TRANSACTION_TIMEOUT
22899.96,16,33.03030374802535,0,KOTAK,@paytm,WRONG_DEBIT
2637.81,8,17.347346948240958,1,SBI,@upi,DUPLICATE_TRANSACTION
46217.6,0,22.99824664089948,0,PNB,@paytm,WRONG_DEBIT
594.79,22,10.133985463632772,0,AXIS,@paytm,TECHNICAL_DECLINE
17584.95,0,53.65501435986071,0,SBI,@okaxis,TRANSACTION_TIMEOUT
30789.81,10,121.86359130595072,0,BOB,@upi,BENEFICIARY_NOT_CREDITED
6851.98,18,6.0200910877590825,1,HDFC,@paytm,DUPLICATE_TRANSACTION
1493.67,10,1.9849621938162816,0,SBI,@gpay,TECHNICAL_DECLINE
1987.42,10,10.102418067557503,0,AXIS,@paytm,TECHNICAL_DECLINE
27258.54,11,111.74815481511723,0,PNB,@upi,BENEFICIARY_NOT_CREDITED
2756.15,1,0.7519510309173882,0,BOB,@paytm,TECHNICAL_DECLINE
1034.7,4,1.4538889229291865,0,ICICI,@okaxis,TECHNICAL_DECLINE
11233.25,15,19.301478113860043,0,HDFC,@phonepe,BENEFICIARY_NOT_CREDITED
4850.66,5,3.005945183348789,0,PNB,@paytm,TECHNICAL_DECLINE
2090.49,10,11.136942811948055,0,ICICI,@upi,TECHNICAL_DECLINE
16286.04,4,66.76438286138585,0,BOB,@ybl,TRANSACTION_TIMEOUT
1563.0,2,11.002421173694247,0,BOB,@upi,TECHNICAL_DECLINE
192.12,2,11.858182155279534,0,ICICI,@gpay,WRONG_DEBIT
6215.86,14,41.7386687058403,0,AXIS,@phonepe,WRONG_DEBIT
62751.72,15,109.63992827836469,0,ICICI,@gpay,BENEFICIARY_NOT_CREDITED
5528.69,18,19.17158746439379,1,ICICI,@ybl,DUPLICATE_TRANSACTION
1606.41,9,2.890138802583399,0,SBI,@ybl,TECHNICAL_DECLINE
1834.64,16,0.5430212169826483,1,AXIS,@phonepe,DUPLICATE_TRANSACTION
3251.44,10,11.776845413420853,0,KOTAK,@upi,TECHNICAL_DECLINE
3915.63,0,4.112868612717372,0,KOTAK,@phonepe,TECHNICAL_DECLINE
30776.56,23,69.84873708682908,0,ICICI,@okaxis,WRONG_DEBIT
21856.06,7,28.602206371524364,0,SBI,@ybl,WRONG_DEBIT
3664.64,0,154.42210152963224,0,AXIS,@gpay,TRANSACTION_TIMEOUT
5805.05,3,192.92060875641135,0,BOB,@phonepe,TRANSACTION_TIMEOUT
489.88,11,8.893883358887086,0,BOB,@okaxis,TECHNICAL_DECLINE
3763.8,23,10.503078825838246,0,SBI,@phonepe,TECHNICAL_DECLINE
9562.04,13,100.0235875894665,0,PNB,@phonepe,BENEFICIARY_NOT_CREDITED
6264.77,12,5.92364119772658,1,SBI,@gpay,DUPLICATE_TRANSACTION
1050.68,11,3.077159026567382,1,SBI,@gpay,DUPLICATE_TRANSACTION
77800.04,16,155.6726265355896,0,PNB,@gpay,BENEFICIARY_NOT_CREDITED
2720.23,21,1.9452442844952418,0,ICICI,@okaxis,TECHNICAL_DECLINE
32213.23,14,71.20691272920533,0,AXIS,@phonepe,WRONG_DEBIT
32723.19,7,51.76756860996842,0,ICICI,@paytm,WRONG_DEBIT
62699.44,16,87.12090637412615,0,HDFC,@gpay,BENEFICIARY_NOT_CREDITED
14621.39,12,9.877396017014956,0,SBI,@gpay,WRONG_DEBIT
11012.13,4,20.205185571236996,0,HDFC,@gpay,WRONG_DEBIT
858.88,3,15.18723396022344,0,SBI,@ybl,WRONG_DEBIT
83367.39,11,14.969474517504898,0,ICICI,@ybl,BENEFICIARY_NOT_CREDITED
10093.24,21,52.22357298886504,0,BOB,@phonepe,TRANSACTION_TIMEOUT
66547.17,18,24.061565871615226,0,ICICI,@ybl,BENEFICIARY_NOT_CREDITED
568.39,21,67.2866570425637,0,HDFC,@upi,TRANSACTION_TIMEOUT
56554.65,15,105.03266029916924,0,PNB,@ybl,BENEFICIARY_NOT_CREDITED
2960.16,16,11.238434891391941,0,PNB,@gpay,TECHNICAL_DECLINE
40583.09,18,73.81788931943701,0,BOB,@phonepe,BENEFICIARY_NOT_CREDITED
3275.55,11,1.1100626997013965,0,AXIS,@upi,WRONG_DEBIT
15746.6,19,142.62968017017425,0,AXIS,@gpay,TRANSACTION_TIMEOUT
14160.28,6,81.1004736858607,0,AXIS,@okaxis,TRANSACTION_TIMEOUT
47283.99,14,8.149142098226285,0,HDFC,@okaxis,WRONG_DEBIT
50160.71,9,110.91314190962203,0,BOB,@phonepe,BENEFICIARY_NOT_CREDITED
1368.55,9,1.585193778997688,1,BOB,@ybl,DUPLICATE_TRANSACTION
36637.88,4,9.258238768935035,0,PNB,@phonepe,WRONG_DEBIT
3652.38,7,7.787355218923299,0,ICICI,@gpay,TECHNICAL_DECLINE
519.99,9,2.787590880292257,0,HDFC,@ybl,TECHNICAL_DECLINE
21625.9,12,53.182685778334154,0,KOTAK,@upi,WRONG_DEBIT
6217.31,9,186.50484971257075,0,AXIS,@okaxis,TRANSACTION_TIMEOUT
889.4,3,65.02481886559414,0,KOTAK,@upi,TRANSACTION_TIMEOUT
1719.46,2,9.501683602625967,0,HDFC,@phonepe,TECHNICAL_DECLINE
10948.54,14,67.51420203194955,0,KOTAK,@paytm,TRANSACTION_TIMEOUT
4997.72,13,15.532383686712114,1,KOTAK,@ybl,DUPLICATE_TRANSACTION
9170.22,9,9.376385384327403,0,AXIS,@gpay,WRONG_DEBIT
34222.36,17,90.80011348768355,0,SBI,@upi,BENEFICIARY_NOT_CREDITED
14841.27,6,115.78895856825075,0,BOB,@phonepe,TRANSACTION_TIMEOUT
12974.33,15,100.65224721562745,0,HDFC,@okaxis,TRANSACTION_TIMEOUT
17913.1,22,33.085539379337426,0,HDFC,@paytm,WRONG_DEBIT
10619.49,20,94.63495482818932,0,HDFC,@paytm,TRANSACTION_TIMEOUT
7359.65,21,6.2506162715911255,1,KOTAK,@okaxis,DUPLICATE_TRANSACTION
17413.52,13,157.51035514166094,0,AXIS,@okaxis,BENEFICIARY_NOT_CREDITED
4119.54,14,22.9652245137978,1,SBI,@phonepe,DUPLICATE_TRANSACTION
3803.34,23,5.502442817395425,0,HDFC,@okaxis,TECHNICAL_DECLINE
472.5,2,6.3129862697836145,0,PNB,@ybl,TECHNICAL_DECLINE
12927.87,9,173.19164803401296,0,AXIS,@phonepe,TRANSACTION_TIMEOUT
2146.34,16,8.89025646075763,0,SBI,@upi,TECHNICAL_DECLINE
4681.84,11,16.598695097149434,1,ICICI,@upi,DUPLICATE_TRANSACTION
32065.33,16,7.527921250988757,0,AXIS,@ybl,WRONG_DEBIT
85568.74,10,137.85114366319038,0,BOB,@phonepe,BENEFICIARY_NOT_CREDITED
62973.04,14,58.3678782473003,0,AXIS,@okaxis,BENEFICIARY_NOT_CREDITED
12771.81,0,158.02983985813626,0,KOTAK,@upi,TRANSACTION_TIMEOUT
23861.69,14,46.21936175211836,0,BOB,@phonepe,WRONG_DEBIT
34070.34,12,5.475714322173053,0,HDFC,@paytm,BENEFICIARY_NOT_CREDITED
3997.21,8,63.8581198975859,0,AXIS,@gpay,TRANSACTION_TIMEOUT
58981.19,10,107.59851682658625,0,KOTAK,@upi,BENEFICIARY_NOT_CREDITED
1851.15,14,8.287828903840014,0,SBI,@paytm,TECHNICAL_DECLINE
36919.72,11,55.52811996014314,0,BOB,@paytm,BENEFICIARY_NOT_CREDITED
9436.01,20,128.83197103435603,0,AXIS,@phonepe,TRANSACTION_TIMEOUT
9238.71,14,7.392818375683096,1,ICICI,@upi,DUPLICATE_TRANSACTION
21994.62,13,26.793812456598587,0,PNB,@gpay,BENEFICIARY_NOT_CREDITED
334.34,10,1.230915118789821,1,HDFC,@paytm,DUPLICATE_TRANSACTION
5922.15,18,109.6842443822203,0,AXIS,@gpay,TRANSACTION_TIMEOUT
6875.06,22,57.37854851039233,0,BOB,@upi,TRANSACTION_TIMEOUT
36236.59,16,33.21563981618638,0,HDFC,@okaxis,WRONG_DEBIT
9083.18,7,114.74640358892513,0,SBI,@paytm,TRANSACTION_TIMEOUT
28721.53,5,70.14546549647669,0,PNB,@okaxis,WRONG_DEBIT
39277.47,18,33.58631498217332,0,ICICI,@paytm,BENEFICIARY_NOT_CREDITED
73380.63,15,122.62415654220821,0,HDFC,@ybl,BENEFICIARY_NOT_CREDITED
2002.51,20,1.3621728723967061,0,PNB,@phonepe,TECHNICAL_DECLINE
2647.2,8,8.033303560427209,0,ICICI,@gpay,TECHNICAL_DECLINE
5075.9,8,58.9728939513079,0,PNB,@paytm,TRANSACTION_TIMEOUT
39758.61,21,12.286020415943032,0,KOTAK,@okaxis,WRONG_DEBIT
9884.33,23,53.18184641909848,0,HDFC,@ybl,TRANSACTION_TIMEOUT
2525.04,10,2.318190664620479,1,SBI,@paytm,DUPLICATE_TRANSACTION
6369.4,19,105.19877713815889,0,KOTAK,@gpay,TRANSACTION_TIMEOUT
2097.95,10,6.276129522658245,0,SBI,@gpay,TECHNICAL_DECLINE
47471.06,21,57.35355424321699,0,SBI,@gpay,WRONG_DEBIT
424.78,21,1.1202374521641998,1,SBI,@gpay,DUPLICATE_TRANSACTION
39522.39,1,67.08746040456728,0,AXIS,@gpay,WRONG_DEBIT
1519.74,15,6.091151049953502,1,KOTAK,@phonepe,DUPLICATE_TRANSACTION
2875.42,23,4.802563591596922,0,SBI,@gpay,TECHNICAL_DECLINE
3665.35,1,0.984497262788937,0,BOB,@ybl,TECHNICAL_DECLINE
13386.82,16,116.43315059858334,0,ICICI,@okaxis,TRANSACTION_TIMEOUT
381.03,3,0.7648798948420272,0,ICICI,@paytm,TECHNICAL_DECLINE
17626.36,18,26.115707120386023,0,ICICI,@okaxis,BENEFICIARY_NOT_CREDITED
3704.69,10,3.5507011789752214,1,AXIS,@ybl,DUPLICATE_TRANSACTION
4901.48,13,133.87480947788515,0,BOB,@paytm,BENEFICIARY_NOT_CREDITED
13094.42,20,76.44157862752543,0,SBI,@okaxis,TRANSACTION_TIMEOUT
2055.7,8,4.917141261813944,0,SBI,@paytm,TECHNICAL_DECLINE
4239.4,14,17.375092281742205,1,SBI,@phonepe,DUPLICATE_TRANSACTION
13414.79,18,42.35450017300799,0,PNB,@okaxis,BENEFICIARY_NOT_CREDITED
2397.26,4,1.4492032427735326,0,SBI,@upi,TECHNICAL_DECLINE
1640.25,12,141.12386427855392,0,PNB,@paytm,TRANSACTION_TIMEOUT
47621.3,15,13.167691405313048,0,ICICI,@okaxis,BENEFICIARY_NOT_CREDITED
13273.72,20,146.67755739484443,0,SBI,@phonepe,TRANSACTION_TIMEOUT
8713.07,9,127.5162649003118,0,SBI,@gpay,BENEFICIARY_NOT_CREDITED
9351.88,1,73.37746672278374,0,PNB,@ybl,TRANSACTION_TIMEOUT
18500.16,1,98.18266309509264,0,ICICI,@phonepe,TRANSACTION_TIMEOUT
15592.47,5,84.12486440165259,0,AXIS,@gpay,TRANSACTION_TIMEOUT
40000.59,13,129.86081379173774,0,BOB,@ybl,BENEFICIARY_NOT_CREDITED
14775.9,11,62.8073648677942,0,HDFC,@okaxis,WRONG_DEBIT
253.72,12,3.8427108007131716,0,AXIS,@upi,TECHNICAL_DECLINE
1841.82,10,16.158906412886253,1,AXIS,@okaxis,DUPLICATE_TRANSACTION
38049.55,2,58.62434747352994,0,KOTAK,@phonepe,WRONG_DEBIT
9067.31,19,51.22249272717758,0,PNB,@ybl,WRONG_DEBIT
7985.51,17,1.8522772917904664,1,KOTAK,@phonepe,DUPLICATE_TRANSACTION
7651.32,10,21.12811228896733,1,KOTAK,@gpay,DUPLICATE_TRANSACTION
25052.86,13,12.805056252905368,0,AXIS,@phonepe,BENEFICIARY_NOT_CREDITED
19336.26,12,61.16909714396166,0,AXIS,@phonepe,TRANSACTION_TIMEOUT
3319.75,21,87.26977058611908,0,SBI,@okaxis,TRANSACTION_TIMEOUT
4886.62,7,5.231969872077325,0,HDFC,@ybl,TECHNICAL_DECLINE
2842.17,7,11.964966565033123,0,SBI,@paytm,TECHNICAL_DECLINE
1085.01,6,5.662851915768799,0,ICICI,@ybl,TECHNICAL_DECLINE
17648.97,20,41.49381754652052,0,BOB,@ybl,WRONG_DEBIT
10496.72,12,145.95631813023448,0,HDFC,@okaxis,TRANSACTION_TIMEOUT
24118.34,11,30.02974248070202,0,ICICI,@paytm,WRONG_DEBIT
2568.13,4,34.88673520022121,0,SBI,@paytm,WRONG_DEBIT
1088.39,13,7.9081631732773126,0,HDFC,@phonepe,TECHNICAL_DECLINE
17487.12,19,71.61903969323484,0,HDFC,@gpay,TRANSACTION_TIMEOUT
4580.78,9,6.356748129489309,1,PNB,@paytm,DUPLICATE_TRANSACTION
8064.31,12,10.789788155082093,1,ICICI,@ybl,DUPLICATE_TRANSACTION
1215.58,5,7.570313853968425,0,PNB,@ybl,TECHNICAL_DECLINE
3148.3,18,3.9327404433515176,0,ICICI,@ybl,TECHNICAL_DECLINE
14854.4,4,140.83308706767428,0,PNB,@upi,TRANSACTION_TIMEOUT
9404.9,19,13.778589762238282,1,KOTAK,@gpay,DUPLICATE_TRANSACTION
7544.84,8,16.297113324045355,1,ICICI,@okaxis,DUPLICATE_TRANSACTION
39120.82,19,59.68873000804307,0,KOTAK,@okaxis,WRONG_DEBIT
31568.18,21,29.9842648673961,0,HDFC,@upi,WRONG_DEBIT
224.73,16,9.826311059399984,0,HDFC,@okaxis,TECHNICAL_DECLINE
2850.41,1,3.1532812731933277,0,KOTAK,@gpay,TECHNICAL_DECLINE
4000.96,10,10.502194430814752,1,SBI,@phonepe,DUPLICATE_TRANSACTION
82991.75,11,81.81196539862913,0,KOTAK,@phonepe,BENEFICIARY_NOT_CREDITED
3958.11,11,19.13423290261929,1,PNB,@upi,DUPLICATE_TRANSACTION
3671.04,4,63.49011970810896,0,SBI,@phonepe,TRANSACTION_TIMEOUT
1545.46,8,18.65145083004259,1,AXIS,@okaxis,DUPLICATE_TRANSACTION
1019.22,5,6.800379031808115,0,AXIS,@phonepe,TECHNICAL_DECLINE
10111.96,15,57.48801666553148,0,PNB,@paytm,BENEFICIARY_NOT_CREDITED
183.87,12,74.37052093287545,0,SBI,@okaxis,TRANSACTION_TIMEOUT
87935.23,12,34.2822046282685,0,AXIS,@ybl,BENEFICIARY_NOT_CREDITED
47472.19,10,59.611752282297815,0,SBI,@gpay,WRONG_DEBIT
2089.91,23,3.6579101896369837,0,AXIS,@paytm,TECHNICAL_DECLINE
25650.61,6,65.70481568983804,0,ICICI,@upi,WRONG_DEBIT
22728.38,6,53.05092264176338,0,HDFC,@okaxis,WRONG_DEBIT
26913.16,12,23.732370396723443,0,SBI,@paytm,WRONG_DEBIT
18751.51,13,136.205382717022,0,PNB,@okaxis,TRANSACTION_TIMEOUT
99691.14,10,162.97996915252767,0,AXIS,@upi,BENEFICIARY_NOT_CREDITED
13011.22,11,101.98955701476271,0,KOTAK,@okaxis,TRANSACTION_TIMEOUT
47083.11,19,27.294656216126253,0,BOB,@ybl,WRONG_DEBIT
2269.81,1,8.887678222398517,0,ICICI,@gpay,TECHNICAL_DECLINE
5567.3,9,134.9593206331477,0,KOTAK,@phonepe,TRANSACTION_TIMEOUT
42392.56,7,32.42248928544895,0,HDFC,@upi,WRONG_DEBIT
20111.67,13,163.63046491815183,0,SBI,@okaxis,BENEFICIARY_NOT_CREDITED
42593.01,4,30.947415696250644,0,HDFC,@ybl,WRONG_DEBIT
9440.57,8,155.6467611857035,0,SBI,@gpay,TRANSACTION_TIMEOUT
1536.74,21,4.4623168730247835,1,SBI,@gpay,DUPLICATE_TRANSACTION
40523.17,18,60.58094008661272,0,ICICI,@okaxis,WRONG_DEBIT
33440.83,21,41.49645353879329,0,ICICI,@phonepe,WRONG_DEBIT
4159.65,14,97.65279232965611,0,HDFC,@upi,TRANSACTION_TIMEOUT
5950.12,13,12.970778567149114,1,PNB,@okaxis,DUPLICATE_TRANSACTION
1966.82,12,40.27005675513072,0,AXIS,@paytm,BENEFICIARY_NOT_CREDITED
14991.2,6,52.995396292435046,0,SBI,@paytm,WRONG_DEBIT
3246.49,14,17.56475529702127,1,PNB,@upi,DUPLICATE_TRANSACTION
99624.53,10,117.36111022081832,0,HDFC,@okaxis,BENEFICIARY_NOT_CREDITED
44701.85,12,16.57680269288392,0,BOB,@gpay,WRONG_DEBIT
26488.6,10,118.16279958838908,0,BOB,@phonepe,BENEFICIARY_NOT_CREDITED
2506.77,18,15.210220367773006,1,ICICI,@phonepe,DUPLICATE_TRANSACTION
11221.36,15,91.93325149589137,0,ICICI,@upi,BENEFICIARY_NOT_CREDITED
422.8,22,12.945692741802588,1,KOTAK,@upi,DUPLICATE_TRANSACTION
4521.45,8,4.0919028615202535,0,KOTAK,@upi,TECHNICAL_DECLINE
8768.84,16,67.0456607778525,0,SBI,@ybl,WRONG_DEBIT
33746.64,13,41.24906531497101,0,PNB,@paytm,WRONG_DEBIT
3352.67,16,11.662273861641665,0,AXIS,@upi,TECHNICAL_DECLINE
3754.56,12,14.326127637335091,1,ICICI,@paytm,DUPLICATE_TRANSACTION
32563.18,15,57.56490526101579,0,ICICI,@gpay,BENEFICIARY_NOT_CREDITED
4835.12,3,9.44030626622171,0,AXIS,@ybl,TECHNICAL_DECLINE
84945.94,10,72.98970293088253,0,AXIS,@paytm,BENEFICIARY_NOT_CREDITED
27634.11,12,76.59676190380807,0,HDFC,@ybl,BENEFICIARY_NOT_CREDITED
3887.28,9,3.0492887195627203,1,PNB,@phonepe,DUPLICATE_TRANSACTION
180.82,19,162.43944951140273,0,BOB,@phonepe,TRANSACTION_TIMEOUT
8065.42,10,2.592414281385482,1,BOB,@okaxis,DUPLICATE_TRANSACTION
1582.63,0,7.956547887993002,0,AXIS,@okaxis,TECHNICAL_DECLINE
2894.49,19,112.77998074768676,0,ICICI,@paytm,TRANSACTION_TIMEOUT
9362.75,15,29.34044892599528,0,ICICI,@paytm,BENEFICIARY_NOT_CREDITED
3803.97,3,7.738347206444816,0,AXIS,@okaxis,TECHNICAL_DECLINE
6339.08,22,190.27279064689841,0,AXIS,@upi,TRANSACTION_TIMEOUT
49394.23,13,3.383710767362862,0,BOB,@paytm,BENEFICIARY_NOT_CREDITED
4121.27,20,4.363465846585051,0,ICICI,@paytm,TECHNICAL_DECLINE
19492.53,10,169.48699987071768,0,SBI,@ybl,TRANSACTION_TIMEOUT
21779.37,9,50.832162684544635,0,KOTAK,@upi,WRONG_DEBIT
5361.87,18,146.7986943262188,0,ICICI,@ybl,BENEFICIARY_NOT_CREDITED
6792.37,11,114.88108843237997,0,BOB,@okaxis,TRANSACTION_TIMEOUT
29135.41,2,18.57590414081566,0,SBI,@upi,WRONG_DEBIT
30863.97,12,14.156729440579984,0,PNB,@upi,WRONG_DEBIT
10981.6,10,46.535454863259396,0,ICICI,@okaxis,WRONG_DEBIT
1011.61,3,11.286599565457418,0,ICICI,@okaxis,TECHNICAL_DECLINE
4959.4,15,6.1409092440771715,0,BOB,@phonepe,TECHNICAL_DECLINE
9341.42,16,16.782721403204352,1,PNB,@phonepe,DUPLICATE_TRANSACTION
2936.85,19,5.558900703374322,0,BOB,@ybl,TECHNICAL_DECLINE
5019.95,11,125.79574803663955,0,AXIS,@upi,TRANSACTION_TIMEOUT
825.35,10,8.551507262631075,0,PNB,@phonepe,TECHNICAL_DECLINE
4928.61,14,4.70755513088708,1,AXIS,@gpay,DUPLICATE_TRANSACTION
2536.89,2,5.537506503974537,0,HDFC,@ybl,TECHNICAL_DECLINE
86190.83,14,100.69380171211853,0,SBI,@phonepe,BENEFICIARY_NOT_CREDITED
6094.4,22,8.863248611710429,1,HDFC,@ybl,DUPLICATE_TRANSACTION
2654.73,10,6.030633489350112,0,PNB,@gpay,TECHNICAL_DECLINE
1391.98,13,2.82566140131314,0,BOB,@paytm,TECHNICAL_DECLINE
2911.31,14,8.446535034519645,0,KOTAK,@phonepe,TECHNICAL_DECLINE
69600.82,13,21.273950886685764,0,KOTAK,@gpay,BENEFICIARY_NOT_CREDITED
1566.09,7,1.0218057017533595,0,KOTAK,@upi,TECHNICAL_DECLINE
13239.1,2,25.64806057643291,0,SBI,@upi,WRONG_DEBIT
29031.72,14,60.66967824127583,0,ICICI,@phonepe,WRONG_DEBIT
5547.43,13,11.8709646931353,1,HDFC,@phonepe,DUPLICATE_TRANSACTION
47429.0,11,11.439672273478614,0,PNB,@upi,WRONG_DEBIT
12768.72,14,198.7559615756291,0,BOB,@paytm,TRANSACTION_TIMEOUT
3744.99,22,11.085204797566977,1,AXIS,@gpay,DUPLICATE_TRANSACTION
48239.82,21,63.469810067061374,0,KOTAK,@okaxis,WRONG_DEBIT
6477.38,21,146.00402021460485,0,KOTAK,@paytm,TRANSACTION_TIMEOUT
14109.46,11,164.5161259485974,0,HDFC,@okaxis,TRANSACTION_TIMEOUT
2799.85,11,139.03620128035345,0,ICICI,@phonepe,BENEFICIARY_NOT_CREDITED
2140.65,23,54.346806476531945,0,HDFC,@upi,TRANSACTION_TIMEOUT
25001.33,16,11.011684958476202,0,ICICI,@gpay,WRONG_DEBIT
29418.05,10,6.3389363177756675,0,PNB,@gpay,WRONG_DEBIT
239.06,5,7.021713914417256,0,SBI,@paytm,TECHNICAL_DECLINE
39174.07,2,21.877227245023676,0,SBI,@upi,WRONG_DEBIT
3612.04,18,56.33173838004937,0,SBI,@phonepe,TRANSACTION_TIMEOUT
13091.55,16,85.17103630573143,0,PNB,@okaxis,BENEFICIARY_NOT_CREDITED
12697.48,15,24.835106213140623,0,PNB,@phonepe,WRONG_DEBIT
37985.98,17,48.29413088674362,0,ICICI,@ybl,BENEFICIARY_NOT_CREDITED
2036.24,21,22.644366189056306,1,BOB,@upi,DUPLICATE_TRANSACTION
2765.78,9,10.611783182349985,0,BOB,@ybl,TECHNICAL_DECLINE
7087.89,9,35.598479964299,0,SBI,@okaxis,BENEFICIARY_NOT_CREDITED
7940.63,16,3.309063308463399,1,HDFC,@gpay,DUPLICATE_TRANSACTION
5963.71,1,29.202308532978826,0,BOB,@phonepe,WRONG_DEBIT
80552.09,9,34.62485255409355,0,PNB,@upi,BENEFICIARY_NOT_CREDITED
1291.12,9,11.127146774469793,0,HDFC,@ybl,TECHNICAL_DECLINE
14811.82,20,197.0796323832627,0,ICICI,@phonepe,TRANSACTION_TIMEOUT
9359.37,19,15.13157237335539,1,BOB,@upi,DUPLICATE_TRANSACTION
2309.51,23,172.3071075609526,0,BOB,@paytm,TRANSACTION_TIMEOUT
882.05,12,8.046460123378536,0,AXIS,@upi,TECHNICAL_DECLINE
5732.87,11,1.6086864223631192,1,AXIS,@ybl,DUPLICATE_TRANSACTION
656.11,2,7.937003893159245,0,BOB,@paytm,TECHNICAL_DECLINE
4031.87,1,1.8510173790551536,0,BOB,@gpay,TECHNICAL_DECLINE
2829.83,12,11.966702483045125,0,PNB,@ybl,TECHNICAL_DECLINE
38540.71,4,57.43786928423158,0,PNB,@phonepe,WRONG_DEBIT
12202.16,10,84.44519304420994,0,SBI,@ybl,TRANSACTION_TIMEOUT
27407.97,10,151.8874511317006,0,KOTAK,@upi,BENEFICIARY_NOT_CREDITED
3551.93,22,18.72667469704578,1,PNB,@gpay,DUPLICATE_TRANSACTION
2014.39,18,11.756938448449745,0,PNB,@ybl,TECHNICAL_DECLINE
3131.03,8,15.925492851163769,1,ICICI,@okaxis,DUPLICATE_TRANSACTION
96800.32,11,10.615943921021053,0,HDFC,@ybl,BENEFICIARY_NOT_CREDITED
62492.5,13,54.56972276175989,0,KOTAK,@paytm,BENEFICIARY_NOT_CREDITED
3249.24,20,2.2949649651735684,0,PNB,@phonepe,TECHNICAL_DECLINE
2854.95,12,141.58848277265207,0,KOTAK,@phonepe,TRANSACTION_TIMEOUT
5805.55,18,18.77287351017623,1,BOB,@paytm,DUPLICATE_TRANSACTION
19208.99,22,34.61975199212564,0,ICICI,@gpay,WRONG_DEBIT
1003.13,12,11.642313747380442,0,SBI,@gpay,TECHNICAL_DECLINE
54253.93,9,144.47005965357158,0,PNB,@phonepe,BENEFICIARY_NOT_CREDITED
2007.1,16,7.388815245762135,0,PNB,@gpay,TECHNICAL_DECLINE
9632.17,13,13.148205997661861,1,PNB,@phonepe,DUPLICATE_TRANSACTION
369.47,8,16.322312758474855,1,HDFC,@upi,DUPLICATE_TRANSACTION
68016.04,13,130.22323926884764,0,KOTAK,@phonepe,BENEFICIARY_NOT_CREDITED
11933.21,0,115.88066090044256,0,HDFC,@phonepe,TRANSACTION_TIMEOUT
39947.05,22,39.55444667931295,0,AXIS,@paytm,WRONG_DEBIT
6817.37,10,2.464286814196324,1,PNB,@ybl,DUPLICATE_TRANSACTION
6631.28,19,56.307000788748795,0,SBI,@phonepe,TRANSACTION_TIMEOUT
4697.21,16,2.893228463009372,0,HDFC,@paytm,TECHNICAL_DECLINE
1841.87,19,6.583345432131377,1,PNB,@paytm,DUPLICATE_TRANSACTION
6435.05,10,12.19678218876224,1,HDFC,@paytm,DUPLICATE_TRANSACTION
9100.1,22,14.338707528212492,1,ICICI,@okaxis,DUPLICATE_TRANSACTION
81845.95,16,55.56424809190227,0,SBI,@paytm,BENEFICIARY_NOT_CREDITED
4370.05,15,1.3401311594712801,1,HDFC,@ybl,DUPLICATE_TRANSACTION
2189.11,20,8.93606098397566,0,ICICI,@upi,TECHNICAL_DECLINE
39858.1,5,25.124443944172683,0,AXIS,@ybl,WRONG_DEBIT
8794.41,17,142.6949264771932,0,ICICI,@paytm,TRANSACTION_TIMEOUT
4942.11,14,3.8490965542770548,1,BOB,@gpay,DUPLICATE_TRANSACTION
3098.66,17,21.37333304590612,1,SBI,@okaxis,DUPLICATE_TRANSACTION
6425.96,13,23.08694161138486,1,SBI,@ybl,DUPLICATE_TRANSACTION
732.92,10,14.350279558004459,1,PNB,@phonepe,DUPLICATE_TRANSACTION
261.1,23,6.801844981665507,0,BOB,@phonepe,TECHNICAL_DECLINE
37560.22,15,26.242529646576266,0,ICICI,@ybl,WRONG_DEBIT
16934.83,14,163.64824214918508,0,PNB,@gpay,TRANSACTION_TIMEOUT
96151.25,13,129.53120180103653,0,SBI,@okaxis,BENEFICIARY_NOT_CREDITED
18203.96,15,114.41912382460663,0,KOTAK,@phonepe,TRANSACTION_TIMEOUT
67859.85,16,121.7265327181475,0,SBI,@paytm,BENEFICIARY_NOT_CREDITED
2093.48,11,11.292748942820173,0,HDFC,@ybl,TECHNICAL_DECLINE
12021.62,18,110.86084065104959,0,SBI,@phonepe,TRANSACTION_TIMEOUT
5061.83,18,46.16370266957341,0,SBI,@okaxis,WRONG_DEBIT
8747.71,21,7.953055395990045,1,KOTAK,@ybl,DUPLICATE_TRANSACTION
15589.29,5,30.58208545214324,0,AXIS,@okaxis,WRONG_DEBIT
12384.86,1,176.90783720374918,0,KOTAK,@paytm,TRANSACTION_TIMEOUT
69019.85,15,141.15673803630156,0,PNB,@upi,BENEFICIARY_NOT_CREDITED
4485.4,22,166.8955517148479,0,BOB,@gpay,TRANSACTION_TIMEOUT
1919.27,22,3.54900688846803,0,AXIS,@gpay,TECHNICAL_DECLINE
6671.77,20,145.16113883807992,0,HDFC,@upi,TRANSACTION_TIMEOUT
873.72,10,2.097375253728393,0,ICICI,@gpay,TECHNICAL_DECLINE
161.28,18,9.804192841528293,0,PNB,@phonepe,TECHNICAL_DECLINE
70143.98,15,164.5036772255889,0,BOB,@gpay,BENEFICIARY_NOT_CREDITED
7622.86,10,193.36304436086726,0,HDFC,@phonepe,TRANSACTION_TIMEOUT
2373.77,18,10.235973757918913,0,PNB,@paytm,TECHNICAL_DECLINE
67201.95,11,113.37855461061935,0,SBI,@phonepe,BENEFICIARY_NOT_CREDITED
75502.32,17,100.91505306323398,0,PNB,@okaxis,BENEFICIARY_NOT_CREDITED
22748.6,12,56.359938431808544,0,BOB,@upi,BENEFICIARY_NOT_CREDITED
57262.82,18,114.97905438065644,0,BOB,@paytm,BENEFICIARY_NOT_CREDITED
11848.75,7,191.48618248792732,0,BOB,@upi,TRANSACTION_TIMEOUT
3590.31,4,1.601644863199395,0,PNB,@ybl,TECHNICAL_DECLINE
8377.19,9,96.41410969742844,0,HDFC,@paytm,BENEFICIARY_NOT_CREDITED
540.09,21,3.6231404323039222,0,KOTAK,@ybl,TECHNICAL_DECLINE
7684.85,9,1.9094419396753501,1,KOTAK,@ybl,DUPLICATE_TRANSACTION
2178.51,21,0.6109354313369524,1,KOTAK,@okaxis,DUPLICATE_TRANSACTION
46473.03,1,22.644636334482275,0,HDFC,@phonepe,WRONG_DEBIT
60713.9,15,107.06355740788011,0,HDFC,@okaxis,BENEFICIARY_NOT_CREDITED
18007.42,8,57.362630339382505,0,BOB,@upi,TRANSACTION_TIMEOUT
61892.25,14,130.68257071681586,0,ICICI,@phonepe,BENEFICIARY_NOT_CREDITED
36082.31,13,29.060977964587554,0,HDFC,@upi,BENEFICIARY_NOT_CREDITED
16709.51,17,152.10856902723128,0,BOB,@paytm,BENEFICIARY_NOT_CREDITED
1016.14,20,11.11462631367705,0,AXIS,@phonepe,TECHNICAL_DECLINE
57242.25,16,92.38069374092761,0,ICICI,@phonepe,BENEFICIARY_NOT_CREDITED
3965.52,14,52.90899039763907,0,SBI,@paytm,BENEFICIARY_NOT_CREDITED
335.97,6,5.4960910114351025,0,BOB,@ybl,TECHNICAL_DECLINE
19629.52,14,173.91665154074718,0,KOTAK,@ybl,TRANSACTION_TIMEOUT
49348.77,21,28.938449134474077,0,PNB,@ybl,WRONG_DEBIT
1450.41,6,9.125270905946223,0,BOB,@paytm,TECHNICAL_DECLINE
8189.74,12,18.916306947872002,1,KOTAK,@gpay,DUPLICATE_TRANSACTION
16971.87,10,196.69633786386422,0,BOB,@phonepe,TRANSACTION_TIMEOUT
4165.88,17,11.63281427265288,0,AXIS,@ybl,TECHNICAL_DECLINE
34689.41,18,44.59547934644547,0,ICICI,@gpay,WRONG_DEBIT
12021.09,21,64.78372255515335,0,SBI,@ybl,TRANSACTION_TIMEOUT
3396.82,8,7.176373156484075,0,AXIS,@paytm,TECHNICAL_DECLINE
3260.51,15,5.096608411468705,0,HDFC,@paytm,TECHNICAL_DECLINE
7145.25,13,19.54213948433832,1,PNB,@gpay,DUPLICATE_TRANSACTION
46152.42,8,26.311655577078145,0,KOTAK,@upi,WRONG_DEBIT
11712.4,10,192.6251467967755,0,AXIS,@gpay,TRANSACTION_TIMEOUT
60289.64,12,94.93235298094778,0,PNB,@upi,BENEFICIARY_NOT_CREDITED
4088.72,15,102.49577580539489,0,BOB,@okaxis,TRANSACTION_TIMEOUT
59429.55,10,41.537968749615096,0,KOTAK,@upi,BENEFICIARY_NOT_CREDITED
17822.93,16,123.69787124058237,0,HDFC,@paytm,TRANSACTION_TIMEOUT
2627.74,20,9.401496082155209,0,PNB,@upi,TECHNICAL_DECLINE
6087.31,7,16.822748313388068,0,AXIS,@okaxis,WRONG_DEBIT
87802.55,11,35.81332345113261,0,HDFC,@phonepe,BENEFICIARY_NOT_CREDITED
1747.6,9,15.107974095089208,1,AXIS,@paytm,DUPLICATE_TRANSACTION
17578.04,3,69.97182299517209,0,KOTAK,@ybl,TRANSACTION_TIMEOUT
2139.67,7,8.948150888969648,0,AXIS,@okaxis,TECHNICAL_DECLINE
42099.81,23,4.9386131601236585,0,PNB,@gpay,WRONG_DEBIT
7389.99,21,12.179766107481932,1,ICICI,@gpay,DUPLICATE_TRANSACTION
15331.33,16,21.149299974994697,0,BOB,@upi,WRONG_DEBIT
8629.1,9,14.489383487249938,1,KOTAK,@okaxis,DUPLICATE_TRANSACTION
20827.66,8,42.20128835316408,0,AXIS,@paytm,WRONG_DEBIT
40080.62,4,48.14034902056033,0,SBI,@okaxis,WRONG_DEBIT
183.58,22,9.380882877014912,0,PNB,@gpay,TECHNICAL_DECLINE
1543.81,4,3.299921372371584,0,HDFC,@ybl,TECHNICAL_DECLINE
35354.46,17,57.65168261710474,0,PNB,@gpay,WRONG_DEBIT
12004.06,15,48.66945627224048,0,ICICI,@phonepe,WRONG_DEBIT
11285.84,1,60.453176741155396,0,PNB,@upi,WRONG_DEBIT
11522.07,10,155.49584343016664,0,PNB,@paytm,TRANSACTION_TIMEOUT
4542.3,7,188.10361675030325,0,KOTAK,@paytm,TRANSACTION_TIMEOUT
4144.21,10,18.241406529352673,1,HDFC,@paytm,DUPLICATE_TRANSACTION
85738.63,18,160.64839909882573,0,PNB,@ybl,BENEFICIARY_NOT_CREDITED
2150.43,11,11.991471048094569,0,AXIS,@gpay,TECHNICAL_DECLINE
4711.44,14,0.6257929626022465,0,HDFC,@ybl,WRONG_DEBIT
531.21,10,22.680236954528596,1,BOB,@gpay,DUPLICATE_TRANSACTION
1480.84,15,73.26218577852748,0,PNB,@upi,BENEFICIARY_NOT_CREDITED
66947.94,12,65.94189130101404,0,BOB,@okaxis,BENEFICIARY_NOT_CREDITED
1251.09,19,5.885733942145518,1,PNB,@phonepe,DUPLICATE_TRANSACTION
31686.01,3,7.55084175815544,0,SBI,@phonepe,WRONG_DEBIT
1947.18,22,11.745814202783528,0,BOB,@okaxis,TECHNICAL_DECLINE
3192.32,11,137.9149876541728,0,HDFC,@okaxis,BENEFICIARY_NOT_CREDITED
51119.07,18,156.37642356835647,0,SBI,@phonepe,BENEFICIARY_NOT_CREDITED
67025.85,18,47.42694482052947,0,KOTAK,@ybl,BENEFICIARY_NOT_CREDITED
3582.83,15,20.223406817923898,1,PNB,@paytm,DUPLICATE_TRANSACTION
49204.83,13,166.6022429836301,0,PNB,@paytm,BENEFICIARY_NOT_CREDITED
16749.0,13,83.10174917049054,0,SBI,@okaxis,TRANSACTION_TIMEOUT
47071.86,12,23.440497869731246,0,BOB,@phonepe,WRONG_DEBIT
26230.25,15,116.85882932514636,0,SBI,@ybl,BENEFICIARY_NOT_CREDITED
51922.74,13,124.45353548332767,0,ICICI,@phonepe,BENEFICIARY_NOT_CREDITED
7062.78,16,18.14896819188725,1,KOTAK,@upi,DUPLICATE_TRANSACTION
6030.02,10,179.417657990832,0,KOTAK,@okaxis,TRANSACTION_TIMEOUT
8961.17,12,5.717526730513846,1,HDFC,@ybl,DUPLICATE_TRANSACTION
1539.36,2,2.8511461561143117,0,KOTAK,@paytm,TECHNICAL_DECLINE
7790.92,19,14.624740293762827,1,AXIS,@phonepe,DUPLICATE_TRANSACTION
52929.95,18,36.84747095735308,0,AXIS,@ybl,BENEFICIARY_NOT_CREDITED
7509.2,15,17.70750155245934,1,SBI,@phonepe,DUPLICATE_TRANSACTION
1715.97,9,3.9400332562090377,1,SBI,@paytm,DUPLICATE_TRANSACTION
8532.92,18,5.053530384609892,1,BOB,@paytm,DUPLICATE_TRANSACTION
2950.92,10,4.330263774916275,1,BOB,@ybl,DUPLICATE_TRANSACTION
531.31,12,21.9360128168176,1,KOTAK,@ybl,DUPLICATE_TRANSACTION
22045.2,16,9.232582334244752,0,PNB,@paytm,BENEFICIARY_NOT_CREDITED
4800.54,7,138.555627907732,0,KOTAK,@okaxis,TRANSACTION_TIMEOUT
4523.04,14,2.516846200178319,0,SBI,@gpay,TECHNICAL_DECLINE
49612.4,16,24.585922255790376,0,KOTAK,@gpay,WRONG_DEBIT
7377.55,21,189.18514098974356,0,BOB,@gpay,TRANSACTION_TIMEOUT
18889.32,5,192.01955697921375,0,KOTAK,@okaxis,TRANSACTION_TIMEOUT
80109.75,14,147.79630122121964,0,PNB,@paytm,BENEFICIARY_NOT_CREDITED
2664.26,16,6.76705828659213,0,PNB,@okaxis,TECHNICAL_DECLINE
4868.87,21,1.119952219227209,0,HDFC,@paytm,TECHNICAL_DECLINE
3139.74,5,6.736341308364716,0,AXIS,@upi,TECHNICAL_DECLINE
1252.23,4,9.360333917366798,0,HDFC,@ybl,TECHNICAL_DECLINE
19375.13,18,125.44966384423118,0,SBI,@phonepe,BENEFICIARY_NOT_CREDITED
8126.49,11,4.5020859152899115,1,KOTAK,@upi,DUPLICATE_TRANSACTION
14274.51,19,115.6113652244059,0,PNB,@paytm,TRANSACTION_TIMEOUT
5523.36,18,113.72167853679362,0,ICICI,@gpay,BENEFICIARY_NOT_CREDITED
15257.52,12,139.26850197203433,0,BOB,@paytm,BENEFICIARY_NOT_CREDITED
30684.15,2,49.009583155166325,0,BOB,@ybl,WRONG_DEBIT
1204.76,11,5.317203128417267,1,SBI,@upi,DUPLICATE_TRANSACTION
137.62,16,15.728007995429397,1,PNB,@ybl,DUPLICATE_TRANSACTION
3127.24,15,12.065437359651987,1,BOB,@okaxis,DUPLICATE_TRANSACTION
46147.3,3,64.48304708112963,0,HDFC,@gpay,WRONG_DEBIT
49828.0,17,158.38650452498038,0,AXIS,@okaxis,BENEFICIARY_NOT_CREDITED
2587.52,9,61.30210649987338,0,KOTAK,@okaxis,WRONG_DEBIT
4760.51,10,23.913411369499496,1,SBI,@upi,DUPLICATE_TRANSACTION
1863.77,1,5.287838493338322,0,KOTAK,@okaxis,TECHNICAL_DECLINE
17847.56,17,15.15626679464226,0,HDFC,@okaxis,WRONG_DEBIT
9910.78,18,102.23955208230504,0,AXIS,@ybl,TRANSACTION_TIMEOUT
85519.79,9,156.51419967263521,0,KOTAK,@paytm,BENEFICIARY_NOT_CREDITED
18684.48,9,70.09069795534398,0,BOB,@gpay,WRONG_DEBIT
8807.79,1,65.80441478741383,0,BOB,@gpay,TRANSACTION_TIMEOUT
1063.31,10,8.148118587185799,1,AXIS,@phonepe,DUPLICATE_TRANSACTION
1322.73,1,1.3930520379817368,0,AXIS,@ybl,WRONG_DEBIT
1809.18,9,2.8698614167201306,0,BOB,@ybl,TECHNICAL_DECLINE
5532.04,21,19.15110190827167,1,PNB,@paytm,DUPLICATE_TRANSACTION
1420.47,11,6.035039044129703,0,BOB,@ybl,TECHNICAL_DECLINE
8623.79,22,4.232580025283398,1,ICICI,@okaxis,DUPLICATE_TRANSACTION
26844.13,6,29.30743478198354,0,BOB,@ybl,WRONG_DEBIT
3369.01,9,2.2409076939844486,1,KOTAK,@upi,DUPLICATE_TRANSACTION
4677.74,23,10.44590165068918,0,BOB,@upi,TECHNICAL_DECLINE
2730.63,12,11.007734423415418,0,AXIS,@paytm,WRONG_DEBIT
4187.22,16,113.4572852047915,0,KOTAK,@upi,BENEFICIARY_NOT_CREDITED
6797.24,10,20.730487703541236,1,ICICI,@okaxis,DUPLICATE_TRANSACTION
3327.48,21,21.357432210716926,1,AXIS,@phonepe,DUPLICATE_TRANSACTION
49684.05,12,136.56141557423473,0,AXIS,@okaxis,BENEFICIARY_NOT_CREDITED
14915.05,11,64.75519176462343,0,BOB,@paytm,WRONG_DEBIT
3910.29,11,8.519990265197514,1,PNB,@phonepe,DUPLICATE_TRANSACTION
8346.8,11,10.58323684201369,1,SBI,@ybl,DUPLICATE_TRANSACTION
9092.72,12,161.29411536784488,0,ICICI,@gpay,TRANSACTION_TIMEOUT
18239.08,15,107.25576492569652,0,AXIS,@phonepe,TRANSACTION_TIMEOUT
11802.0,8,170.32148896202864,0,BOB,@phonepe,TRANSACTION_TIMEOUT
7585.67,12,17.37747086706425,1,ICICI,@upi,DUPLICATE_TRANSACTION
18065.08,13,18.772157533812887,0,ICICI,@phonepe,WRONG_DEBIT
60626.69,17,9.783989576240511,0,SBI,@gpay,BENEFICIARY_NOT_CREDITED
1753.82,20,188.89602449923945,0,HDFC,@upi,TRANSACTION_TIMEOUT
2971.5,20,19.28646227924408,1,KOTAK,@ybl,DUPLICATE_TRANSACTION
784.04,14,1.1132971864094827,1,SBI,@ybl,DUPLICATE_TRANSACTION
23837.9,18,101.69801304397768,0,ICICI,@paytm,BENEFICIARY_NOT_CREDITED
38634.74,20,52.635022195287874,0,PNB,@phonepe,WRONG_DEBIT
81271.53,13,1.8067511811541905,0,SBI,@paytm,BENEFICIARY_NOT_CREDITED
21760.8,16,103.0479582916709,0,BOB,@paytm,BENEFICIARY_NOT_CREDITED
2137.87,17,0.3210025308630251,0,BOB,@okaxis,TECHNICAL_DECLINE
3450.19,19,17.960422820310903,1,SBI,@okaxis,DUPLICATE_TRANSACTION
4328.87,13,6.309857302960355,1,KOTAK,@ybl,DUPLICATE_TRANSACTION
76670.04,16,96.93484431043859,0,BOB,@upi,BENEFICIARY_NOT_CREDITED
5272.83,11,159.5149134133172,0,ICICI,@upi,TRANSACTION_TIMEOUT
3275.09,1,8.774612972318169,0,BOB,@phonepe,TECHNICAL_DECLINE
3907.46,10,19.13430073453795,1,SBI,@ybl,DUPLICATE_TRANSACTION
1353.5,15,10.634441763629901,0,KOTAK,@phonepe,TECHNICAL_DECLINE
40359.28,14,37.619752154150476,0,PNB,@ybl,WRONG_DEBIT
18535.51,10,83.35049283968279,0,BOB,@okaxis,TRANSACTION_TIMEOUT
16744.17,0,39.12002269785355,0,AXIS,@ybl,WRONG_DEBIT
3405.85,19,3.1384713089286547,0,HDFC,@paytm,TECHNICAL_DECLINE
4524.66,21,10.867239015371222,0,ICICI,@phonepe,TECHNICAL_DECLINE
9698.49,20,156.51129676149472,0,KOTAK,@okaxis,TRANSACTION_TIMEOUT
856.08,10,2.0529418781127147,0,AXIS,@paytm,TECHNICAL_DECLINE
43862.67,23,10.576461765389691,0,BOB,@okaxis,WRONG_DEBIT
86911.87,15,32.8190582181071,0,HDFC,@okaxis,BENEFICIARY_NOT_CREDITED
7082.2,1,103.66793697323128,0,BOB,@gpay,TRANSACTION_TIMEOUT
28179.43,7,27.09147356073607,0,ICICI,@upi,WRONG_DEBIT
3348.56,9,58.103870669970014,0,SBI,@paytm,WRONG_DEBIT
4793.19,5,8.520528098737245,0,BOB,@upi,TECHNICAL_DECLINE
7562.61,9,36.29167696364658,0,AXIS,@phonepe,BENEFICIARY_NOT_CREDITED
4769.51,12,6.819484929500674,0,PNB,@gpay,TECHNICAL_DECLINE
7120.68,20,18.555999169902968,1,KOTAK,@okaxis,DUPLICATE_TRANSACTION
4460.35,10,77.1622514870864,0,BOB,@gpay,BENEFICIARY_NOT_CREDITED
37546.0,22,34.88676740238761,0,KOTAK,@ybl,WRONG_DEBIT
26498.44,13,60.01226884900547,0,KOTAK,@paytm,WRONG_DEBIT
2379.78,22,2.8095367380201037,0,ICICI,@upi,TECHNICAL_DECLINE
48737.64,18,57.215132909339616,0,AXIS,@phonepe,WRONG_DEBIT
930.03,9,4.965359502417741,0,HDFC,@paytm,TECHNICAL_DECLINE
909.58,12,45.88315680523658,0,PNB,@ybl,WRONG_DEBIT
5911.92,0,138.3493947441434,0,AXIS,@paytm,TRANSACTION_TIMEOUT
25730.34,4,26.668338755814823,0,PNB,@upi,WRONG_DEBIT
7687.42,2,130.7151536443845,0,AXIS,@paytm,TRANSACTION_TIMEOUT
26379.71,10,56.62391616064723,0,BOB,@ybl,WRONG_DEBIT
423.01,1,59.712971102364996,0,HDFC,@paytm,WRONG_DEBIT
7527.92,10,17.397638103375243,1,ICICI,@upi,DUPLICATE_TRANSACTION
11236.1,6,180.84362939577787,0,KOTAK,@paytm,TRANSACTION_TIMEOUT
10031.94,9,21.356410213496556,0,BOB,@paytm,BENEFICIARY_NOT_CREDITED
4552.46,23,4.545638552274602,0,ICICI,@phonepe,TECHNICAL_DECLINE
648.32,12,10.990723770547074,0,AXIS,@okaxis,TECHNICAL_DECLINE
4514.88,2,0.4759933804391947,0,HDFC,@phonepe,TECHNICAL_DECLINE
1594.09,2,9.497784179742396,0,BOB,@ybl,TECHNICAL_DECLINE
8375.86,16,3.595665468636385,1,ICICI,@phonepe,DUPLICATE_TRANSACTION
28414.25,8,55.656691683296394,0,KOTAK,@phonepe,WRONG_DEBIT
3192.5,3,5.1916371386707105,0,ICICI,@paytm,TECHNICAL_DECLINE
44922.32,15,1.4227669721053653,0,BOB,@gpay,WRONG_DEBIT
25691.96,13,132.37779659795035,0,KOTAK,@ybl,BENEFICIARY_NOT_CREDITED
33020.53,11,118.92025099690454,0,PNB,@gpay,BENEFICIARY_NOT_CREDITED
42239.98,21,69.43751824706214,0,ICICI,@phonepe,WRONG_DEBIT
63833.13,9,56.33291114209432,0,AXIS,@phonepe,BENEFICIARY_NOT_CREDITED
4201.91,10,0.02368461932631405,0,ICICI,@phonepe,TECHNICAL_DECLINE
9687.07,18,18.416420663294502,1,AXIS,@gpay,DUPLICATE_TRANSACTION
9652.05,10,5.451486846572505,1,PNB,@ybl,DUPLICATE_TRANSACTION
29104.52,16,84.12213705841441,0,HDFC,@upi,BENEFICIARY_NOT_CREDITED
1620.97,10,0.39918107997535035,1,HDFC,@upi,DUPLICATE_TRANSACTION
6194.55,18,3.1262024070643912,1,ICICI,@paytm,DUPLICATE_TRANSACTION
2135.07,13,9.980425065640048,0,BOB,@ybl,TECHNICAL_DECLINE
31068.65,11,30.707082377499578,0,PNB,@ybl,BENEFICIARY_NOT_CREDITED
153.3,6,7.379294967214559,0,HDFC,@phonepe,TECHNICAL_DECLINE
2218.75,1,8.375624797815972,0,AXIS,@ybl,TECHNICAL_DECLINE
17352.57,13,74.54447542342629,0,AXIS,@paytm,TRANSACTION_TIMEOUT
9478.48,19,14.608488651931022,1,AXIS,@upi,DUPLICATE_TRANSACTION
84512.08,18,12.701720740322273,0,PNB,@paytm,BENEFICIARY_NOT_CREDITED
79304.89,16,21.54247373584959,0,AXIS,@phonepe,BENEFICIARY_NOT_CREDITED
1705.46,8,11.849133059124958,0,SBI,@upi,TECHNICAL_DECLINE
4258.65,23,3.6562085070568346,0,AXIS,@phonepe,TECHNICAL_DECLINE
9290.16,3,85.25784272369499,0,BOB,@upi,TRANSACTION_TIMEOUT
2314.09,6,86.7093104230721,0,AXIS,@okaxis,TRANSACTION_TIMEOUT
1138.3,5,6.2534946717847415,0,BOB,@ybl,TECHNICAL_DECLINE
1545.62,20,18.6444159460408,1,BOB,@ybl,DUPLICATE_TRANSACTION
8582.37,10,87.07291229769615,0,PNB,@okaxis,TRANSACTION_TIMEOUT
13244.95,13,129.33607287857657,0,BOB,@phonepe,BENEFICIARY_NOT_CREDITED
13803.0,10,143.45773507521182,0,PNB,@paytm,TRANSACTION_TIMEOUT
8933.1,8,17.281922762617004,1,ICICI,@upi,DUPLICATE_TRANSACTION
42504.51,7,27.701749786225022,0,SBI,@okaxis,WRONG_DEBIT
36230.8,12,93.53939318165914,0,KOTAK,@gpay,BENEFICIARY_NOT_CREDITED
1450.86,11,7.335779569648958,1,SBI,@upi,DUPLICATE_TRANSACTION
2261.8,14,10.013634594922383,1,BOB,@gpay,DUPLICATE_TRANSACTION
7764.51,16,14.368090146172023,1,PNB,@ybl,DUPLICATE_TRANSACTION
77151.32,14,51.64542959630668,0,PNB,@gpay,BENEFICIARY_NOT_CREDITED
